episode_id,zarr_path,fps,n_frames,lab,task,embodiment
2025-11-14-16-10-40-149000,s3://rldb/processed_v3/aria/2025-11-14-16-10-40-149000.zarr,30.0,4884.0,eth,cup_on_saucer,human_bimanual
2025-11-14-16-10-58-130000,s3://rldb/processed_v3/aria/2025-11-14-16-10-58-130000.zarr,30.0,4493.0,eth,cup_on_saucer,human_bimanual
2025-11-14-16-11-17-076000,s3://rldb/processed_v3/aria/2025-11-14-16-11-17-076000.zarr,30.0,5023.0,eth,cup_on_saucer,human_bimanual
2025-11-14-16-11-36-614000,s3://rldb/processed_v3/aria/2025-11-14-16-11-36-614000.zarr,30.0,5176.0,eth,cup_on_saucer,human_bimanual
2025-11-14-16-13-29-093000,s3://rldb/processed_v3/aria/2025-11-14-16-13-29-093000.zarr,30.0,13976.0,eth,cup_on_saucer,human_bimanual
2025-11-14-16-15-07-348000,s3://rldb/processed_v3/aria/2025-11-14-16-15-07-348000.zarr,30.0,14501.0,eth,cup_on_saucer,human_bimanual
2025-11-14-16-16-35-373000,s3://rldb/processed_v3/aria/2025-11-14-16-16-35-373000.zarr,30.0,15081.0,eth,cup_on_saucer,human_bimanual
2025-11-14-16-18-17-323000,s3://rldb/processed_v3/aria/2025-11-14-16-18-17-323000.zarr,30.0,14974.0,eth,cup_on_saucer,human_bimanual
2025-11-14-16-18-41-045000,s3://rldb/processed_v3/aria/2025-11-14-16-18-41-045000.zarr,30.0,4304.0,eth,cup_on_saucer,human_bimanual
2025-11-14-16-18-59-630000,s3://rldb/processed_v3/aria/2025-11-14-16-18-59-630000.zarr,30.0,4103.0,eth,cup_on_saucer,human_bimanual
2025-11-14-16-19-24-233000,s3://rldb/processed_v3/aria/2025-11-14-16-19-24-233000.zarr,30.0,4773.0,eth,cup_on_saucer,human_bimanual
2025-11-14-16-19-50-305000,s3://rldb/processed_v3/aria/2025-11-14-16-19-50-305000.zarr,30.0,4641.0,eth,cup_on_saucer,human_bimanual
2025-11-14-16-21-34-615000,s3://rldb/processed_v3/aria/2025-11-14-16-21-34-615000.zarr,30.0,14195.0,eth,cup_on_saucer,human_bimanual
2025-11-14-16-23-25-448000,s3://rldb/processed_v3/aria/2025-11-14-16-23-25-448000.zarr,30.0,14898.0,eth,cup_on_saucer,human_bimanual
2025-11-14-16-25-37-017000,s3://rldb/processed_v3/aria/2025-11-14-16-25-37-017000.zarr,30.0,15255.0,eth,cup_on_saucer,human_bimanual
2025-11-14-16-28-03-724000,s3://rldb/processed_v3/aria/2025-11-14-16-28-03-724000.zarr,30.0,13795.0,eth,cup_on_saucer,human_bimanual
2025-11-14-16-28-22-222000,s3://rldb/processed_v3/aria/2025-11-14-16-28-22-222000.zarr,30.0,4472.0,eth,cup_on_saucer,human_bimanual
2025-11-14-16-28-38-327000,s3://rldb/processed_v3/aria/2025-11-14-16-28-38-327000.zarr,30.0,4778.0,eth,cup_on_saucer,human_bimanual
2025-11-14-16-28-58-289000,s3://rldb/processed_v3/aria/2025-11-14-16-28-58-289000.zarr,30.0,4918.0,eth,cup_on_saucer,human_bimanual
2025-11-14-16-29-12-463000,s3://rldb/processed_v3/aria/2025-11-14-16-29-12-463000.zarr,30.0,4865.0,eth,cup_on_saucer,human_bimanual
2025-11-14-16-31-01-380000,s3://rldb/processed_v3/aria/2025-11-14-16-31-01-380000.zarr,30.0,15684.0,eth,cup_on_saucer,human_bimanual
2025-11-14-16-32-48-148000,s3://rldb/processed_v3/aria/2025-11-14-16-32-48-148000.zarr,30.0,14399.0,eth,cup_on_saucer,human_bimanual
2025-11-14-16-34-29-165000,s3://rldb/processed_v3/aria/2025-11-14-16-34-29-165000.zarr,30.0,15116.0,eth,cup_on_saucer,human_bimanual
2025-11-14-16-36-13-193000,s3://rldb/processed_v3/aria/2025-11-14-16-36-13-193000.zarr,30.0,14975.0,eth,cup_on_saucer,human_bimanual
2025-11-14-16-36-41-812000,s3://rldb/processed_v3/aria/2025-11-14-16-36-41-812000.zarr,30.0,4836.0,eth,cup_on_saucer,human_bimanual
2025-11-14-16-37-04-916000,s3://rldb/processed_v3/aria/2025-11-14-16-37-04-916000.zarr,30.0,4895.0,eth,cup_on_saucer,human_bimanual
2025-11-14-16-37-28-858000,s3://rldb/processed_v3/aria/2025-11-14-16-37-28-858000.zarr,30.0,4731.0,eth,cup_on_saucer,human_bimanual
2025-11-14-16-37-54-571000,s3://rldb/processed_v3/aria/2025-11-14-16-37-54-571000.zarr,30.0,4545.0,eth,cup_on_saucer,human_bimanual
2025-11-14-16-39-40-009000,s3://rldb/processed_v3/aria/2025-11-14-16-39-40-009000.zarr,30.0,13824.0,eth,cup_on_saucer,human_bimanual
2025-11-14-16-41-29-887000,s3://rldb/processed_v3/aria/2025-11-14-16-41-29-887000.zarr,30.0,14496.0,eth,cup_on_saucer,human_bimanual
2025-11-14-16-43-18-790000,s3://rldb/processed_v3/aria/2025-11-14-16-43-18-790000.zarr,30.0,14072.0,eth,cup_on_saucer,human_bimanual
2025-11-14-16-45-12-155000,s3://rldb/processed_v3/aria/2025-11-14-16-45-12-155000.zarr,30.0,14170.0,eth,cup_on_saucer,human_bimanual
2025-11-14-16-45-33-901000,s3://rldb/processed_v3/aria/2025-11-14-16-45-33-901000.zarr,30.0,4576.0,eth,cup_on_saucer,human_bimanual
2025-11-14-16-45-52-207000,s3://rldb/processed_v3/aria/2025-11-14-16-45-52-207000.zarr,30.0,4319.0,eth,cup_on_saucer,human_bimanual
2025-11-14-16-46-06-327000,s3://rldb/processed_v3/aria/2025-11-14-16-46-06-327000.zarr,30.0,4417.0,eth,cup_on_saucer,human_bimanual
2025-11-14-16-46-25-716000,s3://rldb/processed_v3/aria/2025-11-14-16-46-25-716000.zarr,30.0,4356.0,eth,cup_on_saucer,human_bimanual
2025-11-14-16-48-19-221000,s3://rldb/processed_v3/aria/2025-11-14-16-48-19-221000.zarr,30.0,13769.0,eth,cup_on_saucer,human_bimanual
2025-11-14-16-50-13-942000,s3://rldb/processed_v3/aria/2025-11-14-16-50-13-942000.zarr,30.0,14692.0,eth,cup_on_saucer,human_bimanual
2025-11-14-16-52-05-064000,s3://rldb/processed_v3/aria/2025-11-14-16-52-05-064000.zarr,30.0,14448.0,eth,cup_on_saucer,human_bimanual
2025-11-14-16-53-55-676000,s3://rldb/processed_v3/aria/2025-11-14-16-53-55-676000.zarr,30.0,14423.0,eth,cup_on_saucer,human_bimanual
2025-11-14-16-54-17-845000,s3://rldb/processed_v3/aria/2025-11-14-16-54-17-845000.zarr,30.0,4678.0,eth,cup_on_saucer,human_bimanual
2025-11-14-16-54-41-043000,s3://rldb/processed_v3/aria/2025-11-14-16-54-41-043000.zarr,30.0,4941.0,eth,cup_on_saucer,human_bimanual
2025-11-14-16-55-04-370000,s3://rldb/processed_v3/aria/2025-11-14-16-55-04-370000.zarr,30.0,4749.0,eth,cup_on_saucer,human_bimanual
2025-11-14-16-55-31-068000,s3://rldb/processed_v3/aria/2025-11-14-16-55-31-068000.zarr,30.0,4684.0,eth,cup_on_saucer,human_bimanual
2025-11-14-17-02-51-739000,s3://rldb/processed_v3/aria/2025-11-14-17-02-51-739000.zarr,30.0,4788.0,rl2,cup_on_saucer,human_bimanual
2025-11-14-17-03-15-043000,s3://rldb/processed_v3/aria/2025-11-14-17-03-15-043000.zarr,30.0,4295.0,rl2,cup_on_saucer,human_bimanual
2025-11-14-17-03-42-553000,s3://rldb/processed_v3/aria/2025-11-14-17-03-42-553000.zarr,30.0,4749.0,rl2,cup_on_saucer,human_bimanual
2025-11-14-17-04-15-074000,s3://rldb/processed_v3/aria/2025-11-14-17-04-15-074000.zarr,30.0,5208.0,rl2,cup_on_saucer,human_bimanual
2025-11-14-17-04-44-242000,s3://rldb/processed_v3/aria/2025-11-14-17-04-44-242000.zarr,30.0,3920.0,rl2,cup_on_saucer,human_bimanual
2025-11-14-17-05-10-111000,s3://rldb/processed_v3/aria/2025-11-14-17-05-10-111000.zarr,30.0,4380.0,rl2,cup_on_saucer,human_bimanual
2025-11-14-17-05-36-378000,s3://rldb/processed_v3/aria/2025-11-14-17-05-36-378000.zarr,30.0,3857.0,rl2,cup_on_saucer,human_bimanual
2025-11-14-17-06-02-653000,s3://rldb/processed_v3/aria/2025-11-14-17-06-02-653000.zarr,30.0,3566.0,rl2,cup_on_saucer,human_bimanual
2025-11-14-17-06-25-739000,s3://rldb/processed_v3/aria/2025-11-14-17-06-25-739000.zarr,30.0,3399.0,rl2,cup_on_saucer,human_bimanual
2025-11-14-17-06-49-894000,s3://rldb/processed_v3/aria/2025-11-14-17-06-49-894000.zarr,30.0,3031.0,rl2,cup_on_saucer,human_bimanual
2025-11-14-17-07-22-196000,s3://rldb/processed_v3/aria/2025-11-14-17-07-22-196000.zarr,30.0,3287.0,rl2,cup_on_saucer,human_bimanual
2025-11-14-17-07-49-809000,s3://rldb/processed_v3/aria/2025-11-14-17-07-49-809000.zarr,30.0,3408.0,rl2,cup_on_saucer,human_bimanual
2025-11-14-17-08-23-391000,s3://rldb/processed_v3/aria/2025-11-14-17-08-23-391000.zarr,30.0,4486.0,rl2,cup_on_saucer,human_bimanual
2025-11-14-17-08-59-508000,s3://rldb/processed_v3/aria/2025-11-14-17-08-59-508000.zarr,30.0,4545.0,rl2,cup_on_saucer,human_bimanual
2025-11-14-17-09-30-889000,s3://rldb/processed_v3/aria/2025-11-14-17-09-30-889000.zarr,30.0,4286.0,rl2,cup_on_saucer,human_bimanual
2025-11-14-17-10-03-990000,s3://rldb/processed_v3/aria/2025-11-14-17-10-03-990000.zarr,30.0,4408.0,rl2,cup_on_saucer,human_bimanual
2025-12-27-21-34-49-000000,s3://rldb/processed_v3/aria/2025-12-27-21-34-49-000000.zarr,30.0,4368.0,rl2,put cup on saucer indomain,human_bimanual
2025-12-27-21-38-47-000000,s3://rldb/processed_v3/aria/2025-12-27-21-38-47-000000.zarr,30.0,3876.0,rl2,put cup on saucer indomain,human_bimanual
2025-12-27-21-46-40-000000,s3://rldb/processed_v3/aria/2025-12-27-21-46-40-000000.zarr,30.0,4028.0,rl2,put cup on saucer indomain,human_bimanual
2025-12-27-21-52-58-000000,s3://rldb/processed_v3/aria/2025-12-27-21-52-58-000000.zarr,30.0,3817.0,rl2,put cup on saucer indomain,human_bimanual
2025-12-27-22-15-54-000000,s3://rldb/processed_v3/aria/2025-12-27-22-15-54-000000.zarr,30.0,3828.0,rl2,put cup on saucer indomain,human_bimanual
2025-12-27-22-19-52-000000,s3://rldb/processed_v3/aria/2025-12-27-22-19-52-000000.zarr,30.0,3938.0,rl2,put cup on saucer indomain,human_bimanual
2025-12-27-22-25-17-000000,s3://rldb/processed_v3/aria/2025-12-27-22-25-17-000000.zarr,30.0,3781.0,rl2,put cup on saucer indomain,human_bimanual
2025-12-27-22-37-58-000000,s3://rldb/processed_v3/aria/2025-12-27-22-37-58-000000.zarr,30.0,3998.0,rl2,put cup on saucer indomain,human_bimanual
2025-12-27-23-04-23-000000,s3://rldb/processed_v3/aria/2025-12-27-23-04-23-000000.zarr,30.0,3938.0,rl2,put cup on saucer indomain,human_bimanual
2025-12-27-23-09-11-000000,s3://rldb/processed_v3/aria/2025-12-27-23-09-11-000000.zarr,30.0,4473.0,rl2,put cup on saucer indomain,human_bimanual
2025-12-30-22-36-25-849000,s3://rldb/processed_v3/aria/2025-12-30-22-36-25-849000.zarr,30.0,3876.0,rl2,put cup on saucer indomain,human_bimanual
2025-12-30-22-36-29-219000,s3://rldb/processed_v3/aria/2025-12-30-22-36-29-219000.zarr,30.0,3734.0,rl2,put cup on saucer indomain,human_bimanual
2025-12-30-22-36-32-207000,s3://rldb/processed_v3/aria/2025-12-30-22-36-32-207000.zarr,30.0,3728.0,rl2,put cup on saucer indomain,human_bimanual
2025-12-30-22-36-36-467000,s3://rldb/processed_v3/aria/2025-12-30-22-36-36-467000.zarr,30.0,3465.0,rl2,put cup on saucer indomain,human_bimanual
2025-12-30-22-36-37-295000,s3://rldb/processed_v3/aria/2025-12-30-22-36-37-295000.zarr,30.0,3774.0,rl2,put cup on saucer indomain,human_bimanual
2025-12-30-22-36-37-726000,s3://rldb/processed_v3/aria/2025-12-30-22-36-37-726000.zarr,30.0,3987.0,rl2,put cup on saucer indomain,human_bimanual
2025-12-30-22-36-38-569000,s3://rldb/processed_v3/aria/2025-12-30-22-36-38-569000.zarr,30.0,3702.0,rl2,put cup on saucer indomain,human_bimanual
2025-12-30-22-36-38-823000,s3://rldb/processed_v3/aria/2025-12-30-22-36-38-823000.zarr,30.0,3700.0,rl2,put cup on saucer indomain,human_bimanual
2025-12-30-22-36-39-111000,s3://rldb/processed_v3/aria/2025-12-30-22-36-39-111000.zarr,30.0,3771.0,rl2,put cup on saucer indomain,human_bimanual
2025-12-30-22-36-39-676000,s3://rldb/processed_v3/aria/2025-12-30-22-36-39-676000.zarr,30.0,3709.0,rl2,put cup on saucer indomain,human_bimanual
2025-12-30-22-36-40-177000,s3://rldb/processed_v3/aria/2025-12-30-22-36-40-177000.zarr,30.0,3799.0,rl2,put cup on saucer indomain,human_bimanual
2025-12-30-22-36-42-192000,s3://rldb/processed_v3/aria/2025-12-30-22-36-42-192000.zarr,30.0,3788.0,rl2,put cup on saucer indomain,human_bimanual
2025-12-30-22-36-44-662000,s3://rldb/processed_v3/aria/2025-12-30-22-36-44-662000.zarr,30.0,3757.0,rl2,put cup on saucer indomain,human_bimanual
2025-12-30-22-36-45-156000,s3://rldb/processed_v3/aria/2025-12-30-22-36-45-156000.zarr,30.0,3864.0,rl2,put cup on saucer indomain,human_bimanual
2025-12-30-22-36-45-808000,s3://rldb/processed_v3/aria/2025-12-30-22-36-45-808000.zarr,30.0,3719.0,rl2,put cup on saucer indomain,human_bimanual
2025-12-30-22-36-45-830000,s3://rldb/processed_v3/aria/2025-12-30-22-36-45-830000.zarr,30.0,3834.0,rl2,put cup on saucer indomain,human_bimanual
2025-12-30-22-36-46-144000,s3://rldb/processed_v3/aria/2025-12-30-22-36-46-144000.zarr,30.0,4088.0,rl2,put cup on saucer indomain,human_bimanual
2025-12-30-22-36-47-420000,s3://rldb/processed_v3/aria/2025-12-30-22-36-47-420000.zarr,30.0,3934.0,rl2,put cup on saucer indomain,human_bimanual
2025-12-30-22-36-47-431000,s3://rldb/processed_v3/aria/2025-12-30-22-36-47-431000.zarr,30.0,3977.0,rl2,put cup on saucer indomain,human_bimanual
2025-12-30-22-36-47-598000,s3://rldb/processed_v3/aria/2025-12-30-22-36-47-598000.zarr,30.0,4043.0,rl2,put cup on saucer indomain,human_bimanual
2025-12-30-22-36-47-982000,s3://rldb/processed_v3/aria/2025-12-30-22-36-47-982000.zarr,30.0,4113.0,rl2,put cup on saucer indomain,human_bimanual
2025-12-30-22-36-48-174000,s3://rldb/processed_v3/aria/2025-12-30-22-36-48-174000.zarr,30.0,3925.0,rl2,put cup on saucer indomain,human_bimanual
2025-12-30-22-36-48-502000,s3://rldb/processed_v3/aria/2025-12-30-22-36-48-502000.zarr,30.0,3770.0,rl2,put cup on saucer indomain,human_bimanual
2025-12-30-22-36-49-222000,s3://rldb/processed_v3/aria/2025-12-30-22-36-49-222000.zarr,30.0,3816.0,rl2,put cup on saucer indomain,human_bimanual
2025-12-30-22-36-51-011000,s3://rldb/processed_v3/aria/2025-12-30-22-36-51-011000.zarr,30.0,4100.0,rl2,put cup on saucer indomain,human_bimanual
2025-12-30-22-36-51-340000,s3://rldb/processed_v3/aria/2025-12-30-22-36-51-340000.zarr,30.0,3723.0,rl2,put cup on saucer indomain,human_bimanual
2026-01-10-16-08-48-750000,s3://rldb/processed_v3/aria/2026-01-10-16-08-48-750000.zarr,30.0,5471.0,eth,cup_on_saucer_in_domain,human_bimanual
2026-01-10-16-12-41-946000,s3://rldb/processed_v3/aria/2026-01-10-16-12-41-946000.zarr,30.0,5649.0,eth,cup_on_saucer_in_domain,human_bimanual
2026-01-10-16-16-43-122000,s3://rldb/processed_v3/aria/2026-01-10-16-16-43-122000.zarr,30.0,5698.0,eth,cup_on_saucer_in_domain,human_bimanual
2026-01-10-16-20-46-230000,s3://rldb/processed_v3/aria/2026-01-10-16-20-46-230000.zarr,30.0,5783.0,eth,cup_on_saucer_in_domain,human_bimanual
2026-01-10-16-24-44-385000,s3://rldb/processed_v3/aria/2026-01-10-16-24-44-385000.zarr,30.0,5578.0,eth,cup_on_saucer_in_domain,human_bimanual
2026-01-10-16-28-41-494000,s3://rldb/processed_v3/aria/2026-01-10-16-28-41-494000.zarr,30.0,5595.0,eth,cup_on_saucer_in_domain,human_bimanual
2026-01-10-16-32-41-129000,s3://rldb/processed_v3/aria/2026-01-10-16-32-41-129000.zarr,30.0,5645.0,eth,cup_on_saucer_in_domain,human_bimanual
2026-01-10-16-36-43-681000,s3://rldb/processed_v3/aria/2026-01-10-16-36-43-681000.zarr,30.0,5861.0,eth,cup_on_saucer_in_domain,human_bimanual
2026-01-10-16-40-41-409000,s3://rldb/processed_v3/aria/2026-01-10-16-40-41-409000.zarr,30.0,5567.0,eth,cup_on_saucer_in_domain,human_bimanual
2026-01-10-16-44-43-991000,s3://rldb/processed_v3/aria/2026-01-10-16-44-43-991000.zarr,30.0,5855.0,eth,cup_on_saucer_in_domain,human_bimanual
2026-01-10-16-48-48-614000,s3://rldb/processed_v3/aria/2026-01-10-16-48-48-614000.zarr,30.0,5988.0,eth,cup_on_saucer_in_domain,human_bimanual
2026-01-12-11-27-13-048000,s3://rldb/processed_v3/aria/2026-01-12-11-27-13-048000.zarr,30.0,5219.0,eth,cup_on_saucer_in_domain,human_bimanual
2026-01-12-11-31-02-159000,s3://rldb/processed_v3/aria/2026-01-12-11-31-02-159000.zarr,30.0,5437.0,eth,cup_on_saucer_in_domain,human_bimanual
2026-01-12-11-34-52-647000,s3://rldb/processed_v3/aria/2026-01-12-11-34-52-647000.zarr,30.0,5419.0,eth,cup_on_saucer_in_domain,human_bimanual
2026-01-12-11-38-38-110000,s3://rldb/processed_v3/aria/2026-01-12-11-38-38-110000.zarr,30.0,5485.0,eth,cup_on_saucer_in_domain,human_bimanual
2026-01-12-17-57-45-986000,s3://rldb/processed_v3/aria/2026-01-12-17-57-45-986000.zarr,30.0,5416.0,eth,cup_on_saucer_in_domain,human_bimanual
2026-01-12-18-02-51-651000,s3://rldb/processed_v3/aria/2026-01-12-18-02-51-651000.zarr,30.0,5068.0,eth,cup_on_saucer_in_domain,human_bimanual
2026-01-12-18-07-23-134000,s3://rldb/processed_v3/aria/2026-01-12-18-07-23-134000.zarr,30.0,4864.0,eth,cup_on_saucer_in_domain,human_bimanual
2026-01-12-18-12-32-500000,s3://rldb/processed_v3/aria/2026-01-12-18-12-32-500000.zarr,30.0,5739.0,eth,cup_on_saucer_in_domain,human_bimanual
2026-01-12-18-15-36-295000,s3://rldb/processed_v3/aria/2026-01-12-18-15-36-295000.zarr,30.0,3311.0,eth,cup_on_saucer_in_domain,human_bimanual
2026-03-07-01-40-32-000000,s3://rldb/processed_v3/aria/2026-03-07-01-40-32-000000.zarr,30.0,4432.0,rl2,cup_on_saucer_success,human_bimanual
2026-03-07-02-02-21-000000,s3://rldb/processed_v3/aria/2026-03-07-02-02-21-000000.zarr,30.0,4595.0,rl2,cup_on_saucer_success,human_bimanual
2026-03-07-02-07-52-000000,s3://rldb/processed_v3/aria/2026-03-07-02-07-52-000000.zarr,30.0,4739.0,rl2,cup_on_saucer_success,human_bimanual
2026-03-07-02-13-21-000000,s3://rldb/processed_v3/aria/2026-03-07-02-13-21-000000.zarr,30.0,4386.0,rl2,cup_on_saucer_success,human_bimanual
2026-03-07-02-27-00-000000,s3://rldb/processed_v3/aria/2026-03-07-02-27-00-000000.zarr,30.0,4520.0,rl2,cup_on_saucer_success,human_bimanual
2026-03-07-02-40-27-000000,s3://rldb/processed_v3/aria/2026-03-07-02-40-27-000000.zarr,30.0,4257.0,rl2,cup_on_saucer_success,human_bimanual
2026-03-07-02-46-03-000000,s3://rldb/processed_v3/aria/2026-03-07-02-46-03-000000.zarr,30.0,4775.0,rl2,cup_on_saucer_success,human_bimanual
2026-03-07-03-41-00-000000,s3://rldb/processed_v3/aria/2026-03-07-03-41-00-000000.zarr,30.0,3580.0,rl2,cup_on_saucer_success,human_bimanual
2026-03-08-19-40-14-000000,s3://rldb/processed_v3/aria/2026-03-08-19-40-14-000000.zarr,30.0,5410.0,rl2,cup_on_saucer_success,human_bimanual
2026-03-08-19-50-15-000000,s3://rldb/processed_v3/aria/2026-03-08-19-50-15-000000.zarr,30.0,5583.0,rl2,cup_on_saucer_success,human_bimanual
2026-03-08-19-52-13-337000,s3://rldb/processed_v3/aria/2026-03-08-19-52-13-337000.zarr,30.0,4701.0,rl2,cup_on_saucer_success,human_bimanual
2026-03-08-19-57-27-399000,s3://rldb/processed_v3/aria/2026-03-08-19-57-27-399000.zarr,30.0,5037.0,rl2,cup_on_saucer_success,human_bimanual
2026-03-08-19-58-49-000000,s3://rldb/processed_v3/aria/2026-03-08-19-58-49-000000.zarr,30.0,5407.0,rl2,cup_on_saucer_success,human_bimanual
2026-03-08-20-02-37-689000,s3://rldb/processed_v3/aria/2026-03-08-20-02-37-689000.zarr,30.0,4949.0,rl2,cup_on_saucer_success,human_bimanual
2026-03-08-20-04-53-000000,s3://rldb/processed_v3/aria/2026-03-08-20-04-53-000000.zarr,30.0,5768.0,rl2,cup_on_saucer_success,human_bimanual
2026-03-08-20-08-02-298000,s3://rldb/processed_v3/aria/2026-03-08-20-08-02-298000.zarr,30.0,5221.0,rl2,cup_on_saucer_success,human_bimanual
2026-03-08-20-12-24-827000,s3://rldb/processed_v3/aria/2026-03-08-20-12-24-827000.zarr,30.0,3612.0,rl2,cup_on_saucer_success,human_bimanual
2026-03-08-20-17-04-000000,s3://rldb/processed_v3/aria/2026-03-08-20-17-04-000000.zarr,30.0,5478.0,rl2,cup_on_saucer_success,human_bimanual
2026-03-08-20-22-27-000000,s3://rldb/processed_v3/aria/2026-03-08-20-22-27-000000.zarr,30.0,5460.0,rl2,cup_on_saucer_success,human_bimanual
2026-03-08-20-30-24-000000,s3://rldb/processed_v3/aria/2026-03-08-20-30-24-000000.zarr,30.0,5588.0,rl2,cup_on_saucer_success,human_bimanual
2026-03-08-23-26-08-607000,s3://rldb/processed_v3/aria/2026-03-08-23-26-08-607000.zarr,30.0,1878.0,rl2,cup_on_saucer_success,human_bimanual
2026-03-08-23-32-21-226000,s3://rldb/processed_v3/aria/2026-03-08-23-32-21-226000.zarr,30.0,159.0,rl2,cup_on_saucer_success,human_bimanual
2026-03-10-17-37-07-062000,s3://rldb/processed_v3/aria/2026-03-10-17-37-07-062000.zarr,30.0,4682.0,rl2,cup_on_saucer_success,human_bimanual
2026-03-10-17-37-23-020000,s3://rldb/processed_v3/aria/2026-03-10-17-37-23-020000.zarr,30.0,4854.0,rl2,cup_on_saucer_success,human_bimanual
2026-03-16-00-18-39-591000,s3://rldb/processed_v3/aria/2026-03-16-00-18-39-591000.zarr,30.0,4432.0,rl2,cup_on_saucer_success,human_bimanual
2026-03-26-09-09-51-352075,s3://rldb/processed_v3/microagi/2026-03-26-09-09-51-352075.zarr,30.0,702.0,microagi,assemble_internal_drawer_dividers,human_bimanual
2026-03-26-09-10-37-978741,s3://rldb/processed_v3/microagi/2026-03-26-09-10-37-978741.zarr,30.0,208.0,microagi,assemble_internal_drawer_dividers,human_bimanual
2026-03-26-09-10-46-618741,s3://rldb/processed_v3/microagi/2026-03-26-09-10-46-618741.zarr,30.0,462.0,microagi,assemble_internal_drawer_dividers,human_bimanual
2026-03-26-12-03-25-130094,s3://rldb/processed_v3/microagi/2026-03-26-12-03-25-130094.zarr,30.0,350.0,microagi,clean_kettle_and_cup,human_bimanual
2026-03-27-08-54-41-696042,s3://rldb/processed_v3/microagi/2026-03-27-08-54-41-696042.zarr,30.0,231.0,microagi,organize_kitchen_drawer,human_bimanual
2026-03-27-11-19-02-976345,s3://rldb/processed_v3/microagi/2026-03-27-11-19-02-976345.zarr,30.0,290.0,microagi,clean_refrigerator_drawer,human_bimanual
2026-03-28-10-34-45-787631,s3://rldb/processed_v3/microagi/2026-03-28-10-34-45-787631.zarr,30.0,354.0,microagi,organize_makeup_drawer,human_bimanual
2026-03-28-10-34-58-125965,s3://rldb/processed_v3/microagi/2026-03-28-10-34-58-125965.zarr,30.0,2282.0,microagi,organize_makeup_drawer,human_bimanual
2026-03-28-19-30-34-914285,s3://rldb/processed_v3/microagi/2026-03-28-19-30-34-914285.zarr,30.0,679.0,microagi,organize_cutlery_drawer,human_bimanual
2026-03-30-12-51-50-887655,s3://rldb/processed_v3/microagi/2026-03-30-12-51-50-887655.zarr,30.0,536.0,microagi,organize_drawer,human_bimanual
2026-04-02-10-25-41-695364,s3://rldb/processed_v3/microagi/2026-04-02-10-25-41-695364.zarr,30.0,731.0,microagi,prepare_small_cups,human_bimanual
2026-04-02-10-26-08-312080,s3://rldb/processed_v3/microagi/2026-04-02-10-26-08-312080.zarr,30.0,471.0,microagi,prepare_small_cups,human_bimanual
2026-04-02-10-26-33-060958,s3://rldb/processed_v3/microagi/2026-04-02-10-26-33-060958.zarr,30.0,383.0,microagi,prepare_small_cups,human_bimanual
2026-04-02-10-26-52-206318,s3://rldb/processed_v3/microagi/2026-04-02-10-26-52-206318.zarr,30.0,583.0,microagi,prepare_small_cups,human_bimanual
2026-04-02-21-43-07-553837,s3://rldb/processed_v3/microagi/2026-04-02-21-43-07-553837.zarr,30.0,299.0,microagi,organize_desk_and_drawers,human_bimanual
2026-04-05-09-36-22-286909,s3://rldb/processed_v3/microagi/2026-04-05-09-36-22-286909.zarr,30.0,173.0,microagi,organize_kitchen_drawers,human_bimanual
2026-04-06-18-07-18-727923,s3://rldb/processed_v3/microagi/2026-04-06-18-07-18-727923.zarr,30.0,170.0,microagi,organize_cutlery_drawer,human_bimanual
2026-04-06-18-07-26-560931,s3://rldb/processed_v3/microagi/2026-04-06-18-07-26-560931.zarr,30.0,451.0,microagi,organize_cutlery_drawer,human_bimanual
2026-04-06-18-07-43-060231,s3://rldb/processed_v3/microagi/2026-04-06-18-07-43-060231.zarr,30.0,3830.0,microagi,organize_cutlery_drawer,human_bimanual
2026-04-07-11-24-29-732711,s3://rldb/processed_v3/microagi/2026-04-07-11-24-29-732711.zarr,30.0,7899.0,microagi,organize_kitchen_drawer,human_bimanual
2026-04-07-11-28-54-213636,s3://rldb/processed_v3/microagi/2026-04-07-11-28-54-213636.zarr,30.0,945.0,microagi,organize_kitchen_drawer,human_bimanual
2026-04-08-18-42-55-488082,s3://rldb/processed_v3/microagi/2026-04-08-18-42-55-488082.zarr,30.0,294.0,microagi,organize_cutlery_drawer,human_bimanual
2026-04-08-18-43-21-569748,s3://rldb/processed_v3/microagi/2026-04-08-18-43-21-569748.zarr,30.0,191.0,microagi,organize_cutlery_drawer,human_bimanual
2026-04-08-18-43-43-216415,s3://rldb/processed_v3/microagi/2026-04-08-18-43-43-216415.zarr,30.0,405.0,microagi,organize_cutlery_drawer,human_bimanual
2026-04-08-18-43-58-158082,s3://rldb/processed_v3/microagi/2026-04-08-18-43-58-158082.zarr,30.0,163.0,microagi,organize_cutlery_drawer,human_bimanual
2026-04-08-18-44-04-896415,s3://rldb/processed_v3/microagi/2026-04-08-18-44-04-896415.zarr,30.0,291.0,microagi,organize_cutlery_drawer,human_bimanual
2026-04-08-18-44-18-938112,s3://rldb/processed_v3/microagi/2026-04-08-18-44-18-938112.zarr,30.0,205.0,microagi,organize_cutlery_drawer,human_bimanual
2026-04-08-18-44-25-908112,s3://rldb/processed_v3/microagi/2026-04-08-18-44-25-908112.zarr,30.0,200.0,microagi,organize_cutlery_drawer,human_bimanual
2026-04-08-18-44-33-346445,s3://rldb/processed_v3/microagi/2026-04-08-18-44-33-346445.zarr,30.0,2000.0,microagi,organize_cutlery_drawer,human_bimanual
2026-04-08-20-55-11-450290,s3://rldb/processed_v3/microagi/2026-04-08-20-55-11-450290.zarr,30.0,612.0,microagi,organize_the_drawer,human_bimanual
2026-04-09-12-02-55-218050,s3://rldb/processed_v3/microagi/2026-04-09-12-02-55-218050.zarr,30.0,578.0,microagi,organize_kitchen_drawer,human_bimanual
2026-04-09-14-52-52-409792,s3://rldb/processed_v3/microagi/2026-04-09-14-52-52-409792.zarr,30.0,201.0,microagi,organize_cupboard,human_bimanual
2026-04-09-14-53-36-366919,s3://rldb/processed_v3/microagi/2026-04-09-14-53-36-366919.zarr,30.0,175.0,microagi,organize_cupboard,human_bimanual
2026-04-09-14-53-59-845252,s3://rldb/processed_v3/microagi/2026-04-09-14-53-59-845252.zarr,30.0,182.0,microagi,organize_cupboard,human_bimanual
2026-04-09-14-54-13-353585,s3://rldb/processed_v3/microagi/2026-04-09-14-54-13-353585.zarr,30.0,168.0,microagi,organize_cupboard,human_bimanual
2026-04-09-14-54-19-523585,s3://rldb/processed_v3/microagi/2026-04-09-14-54-19-523585.zarr,30.0,185.0,microagi,organize_cupboard,human_bimanual
2026-04-09-14-54-31-596919,s3://rldb/processed_v3/microagi/2026-04-09-14-54-31-596919.zarr,30.0,175.0,microagi,organize_cupboard,human_bimanual
2026-04-09-14-55-04-248585,s3://rldb/processed_v3/microagi/2026-04-09-14-55-04-248585.zarr,30.0,201.0,microagi,organize_cupboard,human_bimanual
2026-04-09-21-53-41-210058,s3://rldb/processed_v3/microagi/2026-04-09-21-53-41-210058.zarr,30.0,186.0,microagi,clean_kitchen_drawer,human_bimanual
2026-04-09-21-53-47-811724,s3://rldb/processed_v3/microagi/2026-04-09-21-53-47-811724.zarr,30.0,1408.0,microagi,clean_kitchen_drawer,human_bimanual
2026-04-10-10-00-33-223158,s3://rldb/processed_v3/microagi/2026-04-10-10-00-33-223158.zarr,30.0,173.0,microagi,clean_up_coffee_cup,human_bimanual
2026-04-10-12-40-05-133354,s3://rldb/processed_v3/microagi/2026-04-10-12-40-05-133354.zarr,30.0,274.0,microagi,organize_drawer,human_bimanual
2026-04-10-13-02-48-769990,s3://rldb/processed_v3/microagi/2026-04-10-13-02-48-769990.zarr,30.0,394.0,microagi,Prepare_drink_in_cup,human_bimanual
2026-04-10-13-03-02-581656,s3://rldb/processed_v3/microagi/2026-04-10-13-03-02-581656.zarr,30.0,816.0,microagi,Prepare_drink_in_cup,human_bimanual
2026-04-10-13-03-59-628269,s3://rldb/processed_v3/microagi/2026-04-10-13-03-59-628269.zarr,30.0,217.0,microagi,Prepare_drink_in_cup,human_bimanual
2026-04-10-13-41-22-801540,s3://rldb/processed_v3/microagi/2026-04-10-13-41-22-801540.zarr,30.0,151.0,microagi,wash_cup,human_bimanual
2026-04-10-13-43-07-091538,s3://rldb/processed_v3/microagi/2026-04-10-13-43-07-091538.zarr,30.0,262.0,microagi,wash_cup,human_bimanual
2026-04-10-13-49-02-197887,s3://rldb/processed_v3/microagi/2026-04-10-13-49-02-197887.zarr,30.0,216.0,microagi,clean_kitchen_drawer,human_bimanual
2026-04-10-13-49-23-117706,s3://rldb/processed_v3/microagi/2026-04-10-13-49-23-117706.zarr,30.0,424.0,microagi,clean_kitchen_drawer,human_bimanual
2026-04-10-13-51-13-214135,s3://rldb/processed_v3/microagi/2026-04-10-13-51-13-214135.zarr,30.0,521.0,microagi,clean_kitchen_drawer,human_bimanual
2026-04-10-13-51-34-277899,s3://rldb/processed_v3/microagi/2026-04-10-13-51-34-277899.zarr,30.0,544.0,microagi,organize_kitchen_drawer,human_bimanual
2026-04-10-13-51-53-941954,s3://rldb/processed_v3/microagi/2026-04-10-13-51-53-941954.zarr,30.0,310.0,microagi,organize_kitchen_drawer,human_bimanual
2026-04-10-13-52-21-538030,s3://rldb/processed_v3/microagi/2026-04-10-13-52-21-538030.zarr,30.0,218.0,microagi,organize_kitchen_drawer,human_bimanual
2026-04-10-13-52-30-536786,s3://rldb/processed_v3/microagi/2026-04-10-13-52-30-536786.zarr,30.0,606.0,microagi,organize_kitchen_drawer,human_bimanual
2026-04-10-14-36-33-360157,s3://rldb/processed_v3/microagi/2026-04-10-14-36-33-360157.zarr,30.0,266.0,microagi,organize_kitchen_drawer,human_bimanual
2026-04-10-14-37-17-780792,s3://rldb/processed_v3/microagi/2026-04-10-14-37-17-780792.zarr,30.0,533.0,microagi,organize_cutlery_drawer,human_bimanual
2026-04-10-14-37-41-124125,s3://rldb/processed_v3/microagi/2026-04-10-14-37-41-124125.zarr,30.0,217.0,microagi,organize_cutlery_drawer,human_bimanual
2026-04-10-14-37-48-360792,s3://rldb/processed_v3/microagi/2026-04-10-14-37-48-360792.zarr,30.0,742.0,microagi,organize_dish_drawer,human_bimanual
2026-04-10-14-38-20-007459,s3://rldb/processed_v3/microagi/2026-04-10-14-38-20-007459.zarr,30.0,1021.0,microagi,organize_dish_drawer,human_bimanual
2026-04-10-14-39-08-562993,s3://rldb/processed_v3/microagi/2026-04-10-14-39-08-562993.zarr,30.0,710.0,microagi,organize_dish_drawer,human_bimanual
2026-04-10-15-54-32-814231,s3://rldb/processed_v3/microagi/2026-04-10-15-54-32-814231.zarr,30.0,155.0,microagi,organize_kitchen_drawer,human_bimanual
2026-04-10-15-54-38-115898,s3://rldb/processed_v3/microagi/2026-04-10-15-54-38-115898.zarr,30.0,448.0,microagi,organize_kitchen_drawer,human_bimanual
2026-04-10-15-54-55-454231,s3://rldb/processed_v3/microagi/2026-04-10-15-54-55-454231.zarr,30.0,186.0,microagi,organize_kitchen_drawer,human_bimanual
2026-04-10-16-04-50-806282,s3://rldb/processed_v3/microagi/2026-04-10-16-04-50-806282.zarr,30.0,355.0,microagi,organize_drawer,human_bimanual
2026-04-10-19-27-20-945486,s3://rldb/processed_v3/microagi/2026-04-10-19-27-20-945486.zarr,30.0,516.0,microagi,organize_drawer_contents,human_bimanual
2026-04-10-19-27-50-968440,s3://rldb/processed_v3/microagi/2026-04-10-19-27-50-968440.zarr,30.0,294.0,microagi,organize_drawer_contents,human_bimanual
2026-04-10-21-34-27-398730,s3://rldb/processed_v3/microagi/2026-04-10-21-34-27-398730.zarr,30.0,226.0,microagi,clean_refrigerator_drawer,human_bimanual
2026-04-10-21-34-40-805396,s3://rldb/processed_v3/microagi/2026-04-10-21-34-40-805396.zarr,30.0,252.0,microagi,clean_refrigerator_drawer,human_bimanual
2026-04-10-21-35-03-449725,s3://rldb/processed_v3/microagi/2026-04-10-21-35-03-449725.zarr,30.0,156.0,microagi,clean_refrigerator_drawer,human_bimanual
2026-04-10-21-35-10-854725,s3://rldb/processed_v3/microagi/2026-04-10-21-35-10-854725.zarr,30.0,202.0,microagi,clean_refrigerator_drawer,human_bimanual
2026-04-10-21-35-20-926392,s3://rldb/processed_v3/microagi/2026-04-10-21-35-20-926392.zarr,30.0,261.0,microagi,clean_refrigerator_drawer,human_bimanual
2026-04-10-21-37-01-778943,s3://rldb/processed_v3/microagi/2026-04-10-21-37-01-778943.zarr,30.0,163.0,microagi,clean_and_organize_refrigerator_drawer,human_bimanual
2026-04-11-04-10-15-958161,s3://rldb/processed_v3/microagi/2026-04-11-04-10-15-958161.zarr,30.0,829.0,microagi,clean_small_cup,human_bimanual
2026-04-11-09-14-10-437666,s3://rldb/processed_v3/microagi/2026-04-11-09-14-10-437666.zarr,30.0,202.0,microagi,get_eggs_from_cupboard,human_bimanual
2026-04-11-09-45-45-146740,s3://rldb/processed_v3/microagi/2026-04-11-09-45-45-146740.zarr,30.0,223.0,microagi,wash_a_cup,human_bimanual
2026-04-11-09-45-55-650074,s3://rldb/processed_v3/microagi/2026-04-11-09-45-55-650074.zarr,30.0,319.0,microagi,wash_a_cup,human_bimanual
2026-04-11-09-46-12-290074,s3://rldb/processed_v3/microagi/2026-04-11-09-46-12-290074.zarr,30.0,218.0,microagi,wash_a_cup,human_bimanual
2026-04-11-16-37-20-680824,s3://rldb/processed_v3/microagi/2026-04-11-16-37-20-680824.zarr,30.0,211.0,microagi,count_and_organize_money_in_drawer,human_bimanual
2026-04-11-16-37-35-112159,s3://rldb/processed_v3/microagi/2026-04-11-16-37-35-112159.zarr,30.0,760.0,microagi,count_and_organize_money_in_drawer,human_bimanual
2026-04-11-16-55-10-150027,s3://rldb/processed_v3/microagi/2026-04-11-16-55-10-150027.zarr,30.0,323.0,microagi,organize_cutlery_drawer,human_bimanual
2026-04-11-20-40-41-054873,s3://rldb/processed_v3/microagi/2026-04-11-20-40-41-054873.zarr,30.0,579.0,microagi,wash_and_use_cup,human_bimanual
2026-04-12-08-03-08-018712,s3://rldb/processed_v3/microagi/2026-04-12-08-03-08-018712.zarr,30.0,204.0,microagi,organize_clothes_in_drawer,human_bimanual
2026-04-12-08-03-54-838712,s3://rldb/processed_v3/microagi/2026-04-12-08-03-54-838712.zarr,30.0,201.0,microagi,organize_clothes_in_drawer,human_bimanual
2026-04-13-07-12-25-997302,s3://rldb/processed_v3/microagi/2026-04-13-07-12-25-997302.zarr,30.0,315.0,microagi,clean_out_drawer,human_bimanual
2026-04-13-07-12-48-405635,s3://rldb/processed_v3/microagi/2026-04-13-07-12-48-405635.zarr,30.0,381.0,microagi,clean_out_drawer,human_bimanual
2026-04-13-07-13-04-243969,s3://rldb/processed_v3/microagi/2026-04-13-07-13-04-243969.zarr,30.0,280.0,microagi,clean_out_drawer,human_bimanual
2026-04-13-07-13-14-947302,s3://rldb/processed_v3/microagi/2026-04-13-07-13-14-947302.zarr,30.0,278.0,microagi,clean_out_drawer,human_bimanual
2026-04-13-07-14-38-110011,s3://rldb/processed_v3/microagi/2026-04-13-07-14-38-110011.zarr,30.0,274.0,microagi,clean_out_drawer,human_bimanual
2026-04-13-07-15-18-890011,s3://rldb/processed_v3/microagi/2026-04-13-07-15-18-890011.zarr,30.0,568.0,microagi,clean_out_drawer,human_bimanual
2026-04-13-07-15-40-497676,s3://rldb/processed_v3/microagi/2026-04-13-07-15-40-497676.zarr,30.0,154.0,microagi,clean_out_drawer,human_bimanual
2026-04-13-07-16-01-137676,s3://rldb/processed_v3/microagi/2026-04-13-07-16-01-137676.zarr,30.0,180.0,microagi,clean_out_drawer,human_bimanual
2026-04-13-07-16-09-641009,s3://rldb/processed_v3/microagi/2026-04-13-07-16-09-641009.zarr,30.0,336.0,microagi,clean_out_drawer,human_bimanual
2026-04-13-07-16-23-179343,s3://rldb/processed_v3/microagi/2026-04-13-07-16-23-179343.zarr,30.0,185.0,microagi,clean_out_drawer,human_bimanual
2026-04-13-07-16-56-624343,s3://rldb/processed_v3/microagi/2026-04-13-07-16-56-624343.zarr,30.0,261.0,microagi,clean_out_drawer,human_bimanual
2026-04-13-07-17-29-901009,s3://rldb/processed_v3/microagi/2026-04-13-07-17-29-901009.zarr,30.0,218.0,microagi,clean_out_drawer,human_bimanual
2026-04-13-07-17-57-511966,s3://rldb/processed_v3/microagi/2026-04-13-07-17-57-511966.zarr,30.0,291.0,microagi,clean_out_drawer,human_bimanual
2026-04-13-07-18-12-816966,s3://rldb/processed_v3/microagi/2026-04-13-07-18-12-816966.zarr,30.0,190.0,microagi,clean_out_drawer,human_bimanual
2026-04-13-07-19-07-468633,s3://rldb/processed_v3/microagi/2026-04-13-07-19-07-468633.zarr,30.0,273.0,microagi,clean_out_drawer,human_bimanual
2026-04-13-07-19-20-340299,s3://rldb/processed_v3/microagi/2026-04-13-07-19-20-340299.zarr,30.0,203.0,microagi,clean_out_drawer,human_bimanual
2026-04-13-07-19-38-146231,s3://rldb/processed_v3/microagi/2026-04-13-07-19-38-146231.zarr,30.0,404.0,microagi,clean_out_drawer,human_bimanual
2026-04-13-07-20-28-029565,s3://rldb/processed_v3/microagi/2026-04-13-07-20-28-029565.zarr,30.0,186.0,microagi,clean_out_drawer,human_bimanual
2026-04-13-07-20-35-697898,s3://rldb/processed_v3/microagi/2026-04-13-07-20-35-697898.zarr,30.0,1083.0,microagi,clean_out_drawer,human_bimanual
2026-04-13-07-21-27-349565,s3://rldb/processed_v3/microagi/2026-04-13-07-21-27-349565.zarr,30.0,486.0,microagi,clean_out_drawer,human_bimanual
2026-04-13-13-08-43-325410,s3://rldb/processed_v3/microagi/2026-04-13-13-08-43-325410.zarr,30.0,1738.0,microagi,prepare_a_cup_of_tea,human_bimanual
2026-04-13-14-26-36-375678,s3://rldb/processed_v3/microagi/2026-04-13-14-26-36-375678.zarr,30.0,233.0,microagi,organize_cutlery_drawer,human_bimanual
2026-04-13-15-54-54-788634,s3://rldb/processed_v3/microagi/2026-04-13-15-54-54-788634.zarr,30.0,298.0,microagi,organize_vanity_drawer,human_bimanual
2026-04-13-19-40-25-224781,s3://rldb/processed_v3/microagi/2026-04-13-19-40-25-224781.zarr,30.0,1240.0,microagi,prepare_a_cup_of_tea,human_bimanual
2026-04-13-20-12-44-317555,s3://rldb/processed_v3/microagi/2026-04-13-20-12-44-317555.zarr,30.0,2244.0,microagi,prepare_dessert_cups,human_bimanual
2026-04-13-20-14-02-917117,s3://rldb/processed_v3/microagi/2026-04-13-20-14-02-917117.zarr,30.0,474.0,microagi,prepare_dessert_cups,human_bimanual
2026-04-13-20-14-19-325450,s3://rldb/processed_v3/microagi/2026-04-13-20-14-19-325450.zarr,30.0,412.0,microagi,prepare_dessert_cups,human_bimanual
2026-04-13-20-14-40-167117,s3://rldb/processed_v3/microagi/2026-04-13-20-14-40-167117.zarr,30.0,460.0,microagi,prepare_dessert_cups,human_bimanual
2026-04-13-20-14-58-575450,s3://rldb/processed_v3/microagi/2026-04-13-20-14-58-575450.zarr,30.0,366.0,microagi,prepare_dessert_cups,human_bimanual
2026-04-13-20-15-34-425450,s3://rldb/processed_v3/microagi/2026-04-13-20-15-34-425450.zarr,30.0,5150.0,microagi,prepare_dessert_cups,human_bimanual
2026-04-13-20-18-29-138465,s3://rldb/processed_v3/microagi/2026-04-13-20-18-29-138465.zarr,30.0,1462.0,microagi,prepare_dessert_cups,human_bimanual
2026-04-13-20-19-18-728465,s3://rldb/processed_v3/microagi/2026-04-13-20-19-18-728465.zarr,30.0,381.0,microagi,prepare_dessert_cups,human_bimanual
2026-04-13-20-19-31-833465,s3://rldb/processed_v3/microagi/2026-04-13-20-19-31-833465.zarr,30.0,173.0,microagi,prepare_dessert_cups,human_bimanual
2026-04-13-20-19-38-403465,s3://rldb/processed_v3/microagi/2026-04-13-20-19-38-403465.zarr,30.0,325.0,microagi,prepare_dessert_cups,human_bimanual
2026-04-13-20-19-52-210132,s3://rldb/processed_v3/microagi/2026-04-13-20-19-52-210132.zarr,30.0,875.0,microagi,prepare_dessert_cups,human_bimanual
2026-04-13-20-20-33-695426,s3://rldb/processed_v3/microagi/2026-04-13-20-20-33-695426.zarr,30.0,468.0,microagi,prepare_dessert_cups,human_bimanual
2026-04-13-20-20-54-335426,s3://rldb/processed_v3/microagi/2026-04-13-20-20-54-335426.zarr,30.0,285.0,microagi,prepare_dessert_cups,human_bimanual
2026-04-13-20-21-08-542093,s3://rldb/processed_v3/microagi/2026-04-13-20-21-08-542093.zarr,30.0,435.0,microagi,prepare_dessert_cups,human_bimanual
2026-04-13-20-21-37-755426,s3://rldb/processed_v3/microagi/2026-04-13-20-21-37-755426.zarr,30.0,435.0,microagi,prepare_dessert_cups,human_bimanual
2026-04-13-20-21-54-697093,s3://rldb/processed_v3/microagi/2026-04-13-20-21-54-697093.zarr,30.0,181.0,microagi,prepare_dessert_cups,human_bimanual
2026-04-13-20-22-31-279467,s3://rldb/processed_v3/microagi/2026-04-13-20-22-31-279467.zarr,30.0,183.0,microagi,prepare_dessert_cups,human_bimanual
2026-04-13-20-22-40-449467,s3://rldb/processed_v3/microagi/2026-04-13-20-22-40-449467.zarr,30.0,206.0,microagi,prepare_dessert_cups,human_bimanual
2026-04-13-20-22-48-386134,s3://rldb/processed_v3/microagi/2026-04-13-20-22-48-386134.zarr,30.0,238.0,microagi,prepare_dessert_cups,human_bimanual
2026-04-13-20-23-40-509467,s3://rldb/processed_v3/microagi/2026-04-13-20-23-40-509467.zarr,30.0,243.0,microagi,prepare_dessert_cups,human_bimanual
2026-04-13-20-24-21-459115,s3://rldb/processed_v3/microagi/2026-04-13-20-24-21-459115.zarr,30.0,684.0,microagi,prepare_dessert_cups,human_bimanual
2026-04-13-20-25-33-425782,s3://rldb/processed_v3/microagi/2026-04-13-20-25-33-425782.zarr,30.0,939.0,microagi,prepare_dessert_cups,human_bimanual
2026-04-13-20-26-39-854916,s3://rldb/processed_v3/microagi/2026-04-13-20-26-39-854916.zarr,30.0,987.0,microagi,prepare_dessert_cups,human_bimanual
2026-04-14-11-36-56-152262,s3://rldb/processed_v3/microagi/2026-04-14-11-36-56-152262.zarr,30.0,304.0,microagi,Assemble_wooden_drawer,human_bimanual
2026-04-14-11-37-19-165595,s3://rldb/processed_v3/microagi/2026-04-14-11-37-19-165595.zarr,30.0,423.0,microagi,Assemble_wooden_drawer,human_bimanual
2026-04-14-11-37-34-340595,s3://rldb/processed_v3/microagi/2026-04-14-11-37-34-340595.zarr,30.0,210.0,microagi,Assemble_wooden_drawer,human_bimanual
2026-04-14-22-34-06-065898,s3://rldb/processed_v3/microagi/2026-04-14-22-34-06-065898.zarr,30.0,888.0,microagi,clean_kitchen_drawer,human_bimanual
2026-04-14-22-35-38-932564,s3://rldb/processed_v3/microagi/2026-04-14-22-35-38-932564.zarr,30.0,290.0,microagi,clean_kitchen_drawer,human_bimanual
2026-04-15-10-56-06-400999,s3://rldb/processed_v3/microagi/2026-04-15-10-56-06-400999.zarr,30.0,322.0,microagi,organize_clothes_in_drawer,human_bimanual
2026-04-15-10-56-18-705999,s3://rldb/processed_v3/microagi/2026-04-15-10-56-18-705999.zarr,30.0,832.0,microagi,organize_clothes_in_drawer,human_bimanual
2026-04-15-10-57-33-832858,s3://rldb/processed_v3/microagi/2026-04-15-10-57-33-832858.zarr,30.0,236.0,microagi,organize_clothes_in_drawer,human_bimanual
2026-04-15-10-58-18-716192,s3://rldb/processed_v3/microagi/2026-04-15-10-58-18-716192.zarr,30.0,173.0,microagi,organize_clothes_in_drawer,human_bimanual
2026-04-15-10-58-28-752858,s3://rldb/processed_v3/microagi/2026-04-15-10-58-28-752858.zarr,30.0,264.0,microagi,organize_clothes_in_drawer,human_bimanual
2026-04-15-17-18-40-563128,s3://rldb/processed_v3/microagi/2026-04-15-17-18-40-563128.zarr,30.0,243.0,microagi,organize_clothes_in_drawer,human_bimanual
2026-04-15-17-20-48-359108,s3://rldb/processed_v3/microagi/2026-04-15-17-20-48-359108.zarr,30.0,152.0,microagi,organize_dresser_drawers,human_bimanual
2026-04-15-17-21-40-384998,s3://rldb/processed_v3/microagi/2026-04-15-17-21-40-384998.zarr,30.0,1718.0,microagi,organize_dresser_drawers,human_bimanual
2026-04-15-17-22-41-914998,s3://rldb/processed_v3/microagi/2026-04-15-17-22-41-914998.zarr,30.0,718.0,microagi,organize_dresser_drawers,human_bimanual
2026-04-15-17-23-06-393331,s3://rldb/processed_v3/microagi/2026-04-15-17-23-06-393331.zarr,30.0,751.0,microagi,organize_dresser_drawers,human_bimanual
2026-04-15-17-24-07-390837,s3://rldb/processed_v3/microagi/2026-04-15-17-24-07-390837.zarr,30.0,355.0,microagi,organize_dresser_drawers,human_bimanual
2026-04-15-17-24-20-197504,s3://rldb/processed_v3/microagi/2026-04-15-17-24-20-197504.zarr,30.0,193.0,microagi,organize_dresser_drawers,human_bimanual
2026-04-15-17-24-28-334171,s3://rldb/processed_v3/microagi/2026-04-15-17-24-28-334171.zarr,30.0,367.0,microagi,organize_dresser_drawers,human_bimanual
2026-04-15-17-24-42-274171,s3://rldb/processed_v3/microagi/2026-04-15-17-24-42-274171.zarr,30.0,390.0,microagi,organize_dresser_drawers,human_bimanual
2026-04-15-17-24-55-847504,s3://rldb/processed_v3/microagi/2026-04-15-17-24-55-847504.zarr,30.0,377.0,microagi,organize_dresser_drawers,human_bimanual
2026-04-15-17-25-08-820837,s3://rldb/processed_v3/microagi/2026-04-15-17-25-08-820837.zarr,30.0,689.0,microagi,organize_dresser_drawers,human_bimanual
2026-04-15-17-25-33-099958,s3://rldb/processed_v3/microagi/2026-04-15-17-25-33-099958.zarr,30.0,332.0,microagi,organize_clothes_in_drawer,human_bimanual
2026-04-15-17-25-44-704958,s3://rldb/processed_v3/microagi/2026-04-15-17-25-44-704958.zarr,30.0,345.0,microagi,organize_clothes_in_drawer,human_bimanual
2026-04-15-17-25-58-478291,s3://rldb/processed_v3/microagi/2026-04-15-17-25-58-478291.zarr,30.0,577.0,microagi,organize_clothes_in_drawer,human_bimanual
2026-04-15-17-26-19-188291,s3://rldb/processed_v3/microagi/2026-04-15-17-26-19-188291.zarr,30.0,169.0,microagi,organize_clothes_in_drawer,human_bimanual
2026-04-15-17-26-26-091624,s3://rldb/processed_v3/microagi/2026-04-15-17-26-26-091624.zarr,30.0,176.0,microagi,organize_clothes_in_drawer,human_bimanual
2026-04-15-17-26-32-528291,s3://rldb/processed_v3/microagi/2026-04-15-17-26-32-528291.zarr,30.0,384.0,microagi,organize_clothes_in_drawer,human_bimanual
2026-04-15-17-26-45-534958,s3://rldb/processed_v3/microagi/2026-04-15-17-26-45-534958.zarr,30.0,163.0,microagi,organize_clothes_in_drawer,human_bimanual
2026-04-15-17-27-14-216624,s3://rldb/processed_v3/microagi/2026-04-15-17-27-14-216624.zarr,30.0,403.0,microagi,organize_clothes_in_drawer,human_bimanual
2026-04-15-17-27-35-594062,s3://rldb/processed_v3/microagi/2026-04-15-17-27-35-594062.zarr,30.0,199.0,microagi,organize_clothes_in_drawer,human_bimanual
2026-04-15-17-27-52-434062,s3://rldb/processed_v3/microagi/2026-04-15-17-27-52-434062.zarr,30.0,180.0,microagi,organize_clothes_in_drawer,human_bimanual
2026-04-15-17-31-39-660626,s3://rldb/processed_v3/microagi/2026-04-15-17-31-39-660626.zarr,30.0,357.0,microagi,organize_clothes_in_drawers,human_bimanual
2026-04-15-17-31-57-232292,s3://rldb/processed_v3/microagi/2026-04-15-17-31-57-232292.zarr,30.0,386.0,microagi,organize_clothes_in_drawers,human_bimanual
2026-04-15-17-32-21-307507,s3://rldb/processed_v3/microagi/2026-04-15-17-32-21-307507.zarr,30.0,203.0,microagi,organize_clothes_in_drawers,human_bimanual
2026-04-15-17-33-04-122507,s3://rldb/processed_v3/microagi/2026-04-15-17-33-04-122507.zarr,30.0,298.0,microagi,organize_clothes_in_drawers,human_bimanual
2026-04-15-17-33-31-030840,s3://rldb/processed_v3/microagi/2026-04-15-17-33-31-030840.zarr,30.0,605.0,microagi,organize_clothes_in_drawers,human_bimanual
2026-04-15-17-34-02-207507,s3://rldb/processed_v3/microagi/2026-04-15-17-34-02-207507.zarr,30.0,207.0,microagi,organize_clothes_in_drawers,human_bimanual
2026-04-15-17-34-29-084633,s3://rldb/processed_v3/microagi/2026-04-15-17-34-29-084633.zarr,30.0,248.0,microagi,organize_clothes_in_drawers,human_bimanual
2026-04-15-17-34-52-191299,s3://rldb/processed_v3/microagi/2026-04-15-17-34-52-191299.zarr,30.0,395.0,microagi,organize_clothes_in_drawers,human_bimanual
2026-04-15-17-35-40-941299,s3://rldb/processed_v3/microagi/2026-04-15-17-35-40-941299.zarr,30.0,417.0,microagi,organize_clothes_in_drawers,human_bimanual
2026-04-15-17-36-08-116721,s3://rldb/processed_v3/microagi/2026-04-15-17-36-08-116721.zarr,30.0,178.0,microagi,organize_clothes_in_drawers,human_bimanual
2026-04-15-17-36-14-586721,s3://rldb/processed_v3/microagi/2026-04-15-17-36-14-586721.zarr,30.0,1580.0,microagi,organize_clothes_in_drawers,human_bimanual
2026-04-15-17-37-44-383388,s3://rldb/processed_v3/microagi/2026-04-15-17-37-44-383388.zarr,30.0,1060.0,microagi,organize_clothes_in_drawers,human_bimanual
2026-04-15-19-49-39-345175,s3://rldb/processed_v3/microagi/2026-04-15-19-49-39-345175.zarr,30.0,149.0,microagi,organize_dresser_drawer,human_bimanual
2026-04-15-19-49-44-948508,s3://rldb/processed_v3/microagi/2026-04-15-19-49-44-948508.zarr,30.0,843.0,microagi,organize_dresser_drawer,human_bimanual
2026-04-15-19-51-54-051867,s3://rldb/processed_v3/microagi/2026-04-15-19-51-54-051867.zarr,30.0,190.0,microagi,organize_dresser_drawer,human_bimanual
2026-04-15-19-52-26-703534,s3://rldb/processed_v3/microagi/2026-04-15-19-52-26-703534.zarr,30.0,221.0,microagi,organize_dresser_drawer,human_bimanual
2026-04-15-19-54-07-123548,s3://rldb/processed_v3/microagi/2026-04-15-19-54-07-123548.zarr,30.0,276.0,microagi,organize_dresser_drawer,human_bimanual
2026-04-16-12-34-22-113391,s3://rldb/processed_v3/microagi/2026-04-16-12-34-22-113391.zarr,30.0,417.0,microagi,retrieve_ssd_from_drawer,human_bimanual
2026-04-16-13-00-48-224936,s3://rldb/processed_v3/microagi/2026-04-16-13-00-48-224936.zarr,30.0,4537.0,microagi,Assemble_drawer_slides,human_bimanual
2026-04-16-15-46-54-058764,s3://rldb/processed_v3/microagi/2026-04-16-15-46-54-058764.zarr,30.0,166.0,microagi,organize_drawer,human_bimanual
2026-04-16-15-47-15-565431,s3://rldb/processed_v3/microagi/2026-04-16-15-47-15-565431.zarr,30.0,332.0,microagi,organize_drawer,human_bimanual
2026-04-16-15-47-57-147097,s3://rldb/processed_v3/microagi/2026-04-16-15-47-57-147097.zarr,30.0,169.0,microagi,organize_drawer,human_bimanual
2026-04-16-15-48-04-717097,s3://rldb/processed_v3/microagi/2026-04-16-15-48-04-717097.zarr,30.0,525.0,microagi,organize_drawer,human_bimanual
2026-04-16-15-49-06-271691,s3://rldb/processed_v3/microagi/2026-04-16-15-49-06-271691.zarr,30.0,159.0,microagi,organize_drawer,human_bimanual
2026-04-16-16-14-33-011797,s3://rldb/processed_v3/microagi/2026-04-16-16-14-33-011797.zarr,30.0,665.0,microagi,organize_makeup_drawer,human_bimanual
2026-04-16-16-14-56-820130,s3://rldb/processed_v3/microagi/2026-04-16-16-14-56-820130.zarr,30.0,424.0,microagi,organize_makeup_drawer,human_bimanual
2026-04-16-16-15-16-326797,s3://rldb/processed_v3/microagi/2026-04-16-16-15-16-326797.zarr,30.0,225.0,microagi,organize_makeup_drawer,human_bimanual
2026-04-16-16-15-25-096797,s3://rldb/processed_v3/microagi/2026-04-16-16-15-25-096797.zarr,30.0,317.0,microagi,organize_makeup_drawer,human_bimanual
2026-04-16-16-15-37-168464,s3://rldb/processed_v3/microagi/2026-04-16-16-15-37-168464.zarr,30.0,203.0,microagi,organize_makeup_drawer,human_bimanual
2026-04-16-16-16-48-526166,s3://rldb/processed_v3/microagi/2026-04-16-16-16-48-526166.zarr,30.0,262.0,microagi,organize_makeup_drawer,human_bimanual
2026-04-16-16-16-58-329499,s3://rldb/processed_v3/microagi/2026-04-16-16-16-58-329499.zarr,30.0,161.0,microagi,organize_makeup_drawer,human_bimanual
2026-04-16-16-17-49-614499,s3://rldb/processed_v3/microagi/2026-04-16-16-17-49-614499.zarr,30.0,156.0,microagi,organize_makeup_drawer,human_bimanual
2026-04-16-17-12-13-803399,s3://rldb/processed_v3/microagi/2026-04-16-17-12-13-803399.zarr,30.0,165.0,microagi,prepare_a_cup_of_tea,human_bimanual
2026-04-16-17-12-22-575065,s3://rldb/processed_v3/microagi/2026-04-16-17-12-22-575065.zarr,30.0,359.0,microagi,prepare_a_cup_of_tea,human_bimanual
2026-04-16-17-12-56-921732,s3://rldb/processed_v3/microagi/2026-04-16-17-12-56-921732.zarr,30.0,223.0,microagi,prepare_a_cup_of_tea,human_bimanual
2026-04-16-17-13-55-078415,s3://rldb/processed_v3/microagi/2026-04-16-17-13-55-078415.zarr,30.0,526.0,microagi,prepare_a_cup_of_tea,human_bimanual
2026-04-16-17-14-15-920081,s3://rldb/processed_v3/microagi/2026-04-16-17-14-15-920081.zarr,30.0,1625.0,microagi,prepare_a_cup_of_tea,human_bimanual
2026-04-16-18-50-01-763219,s3://rldb/processed_v3/microagi/2026-04-16-18-50-01-763219.zarr,30.0,248.0,microagi,organize_spice_drawer,human_bimanual
2026-04-17-06-03-42-350201,s3://rldb/processed_v3/microagi/2026-04-17-06-03-42-350201.zarr,30.0,484.0,microagi,clean_the_drawer,human_bimanual
2026-04-17-06-04-00-100146,s3://rldb/processed_v3/microagi/2026-04-17-06-04-00-100146.zarr,30.0,206.0,microagi,clean_the_drawer,human_bimanual
2026-04-17-06-48-47-124451,s3://rldb/processed_v3/microagi/2026-04-17-06-48-47-124451.zarr,30.0,160.0,microagi,assemble_wooden_drawers,human_bimanual
2026-04-17-06-48-58-397784,s3://rldb/processed_v3/microagi/2026-04-17-06-48-58-397784.zarr,30.0,170.0,microagi,assemble_wooden_drawers,human_bimanual
2026-04-17-06-49-37-822784,s3://rldb/processed_v3/microagi/2026-04-17-06-49-37-822784.zarr,30.0,773.0,microagi,assemble_wooden_drawers,human_bimanual
2026-04-17-06-50-23-349451,s3://rldb/processed_v3/microagi/2026-04-17-06-50-23-349451.zarr,30.0,154.0,microagi,assemble_wooden_drawers,human_bimanual
2026-04-17-06-51-02-407880,s3://rldb/processed_v3/microagi/2026-04-17-06-51-02-407880.zarr,30.0,470.0,microagi,assemble_wooden_drawers,human_bimanual
2026-04-17-06-51-35-761213,s3://rldb/processed_v3/microagi/2026-04-17-06-51-35-761213.zarr,30.0,838.0,microagi,assemble_and_clean_wooden_drawers,human_bimanual
2026-04-17-06-52-37-732424,s3://rldb/processed_v3/microagi/2026-04-17-06-52-37-732424.zarr,30.0,164.0,microagi,assemble_and_clean_wooden_drawers,human_bimanual
2026-04-17-06-54-05-584091,s3://rldb/processed_v3/microagi/2026-04-17-06-54-05-584091.zarr,30.0,382.0,microagi,assemble_and_clean_wooden_drawers,human_bimanual
2026-04-17-09-31-49-896299,s3://rldb/processed_v3/microagi/2026-04-17-09-31-49-896299.zarr,30.0,209.0,microagi,organize_kitchen_drawer,human_bimanual
2026-04-17-09-31-57-961788,s3://rldb/processed_v3/microagi/2026-04-17-09-31-57-961788.zarr,30.0,167.0,microagi,organize_kitchen_drawer,human_bimanual
2026-04-17-09-32-05-627344,s3://rldb/processed_v3/microagi/2026-04-17-09-32-05-627344.zarr,30.0,429.0,microagi,organize_kitchen_drawer,human_bimanual
2026-04-17-12-32-51-306388,s3://rldb/processed_v3/microagi/2026-04-17-12-32-51-306388.zarr,30.0,504.0,microagi,assemble_wooden_drawer,human_bimanual
2026-04-17-12-33-18-156388,s3://rldb/processed_v3/microagi/2026-04-17-12-33-18-156388.zarr,30.0,196.0,microagi,assemble_wooden_drawer,human_bimanual
2026-04-17-12-33-30-498054,s3://rldb/processed_v3/microagi/2026-04-17-12-33-30-498054.zarr,30.0,174.0,microagi,assemble_wooden_drawer,human_bimanual
2026-04-17-12-34-01-517468,s3://rldb/processed_v3/microagi/2026-04-17-12-34-01-517468.zarr,30.0,385.0,microagi,assemble_wooden_drawer,human_bimanual
2026-04-17-12-34-29-900802,s3://rldb/processed_v3/microagi/2026-04-17-12-34-29-900802.zarr,30.0,575.0,microagi,assemble_wooden_drawer,human_bimanual
2026-04-17-12-34-54-182468,s3://rldb/processed_v3/microagi/2026-04-17-12-34-54-182468.zarr,30.0,161.0,microagi,assemble_wooden_drawer,human_bimanual
2026-04-17-12-35-07-090802,s3://rldb/processed_v3/microagi/2026-04-17-12-35-07-090802.zarr,30.0,1230.0,microagi,assemble_wooden_drawer,human_bimanual
2026-04-17-12-35-48-216732,s3://rldb/processed_v3/microagi/2026-04-17-12-35-48-216732.zarr,30.0,704.0,microagi,assemble_wooden_drawer,human_bimanual
2026-04-17-12-36-12-965065,s3://rldb/processed_v3/microagi/2026-04-17-12-36-12-965065.zarr,30.0,394.0,microagi,assemble_wooden_drawer,human_bimanual
2026-04-17-12-36-29-241732,s3://rldb/processed_v3/microagi/2026-04-17-12-36-29-241732.zarr,30.0,1804.0,microagi,assemble_wooden_drawer,human_bimanual
2026-04-17-12-37-36-583398,s3://rldb/processed_v3/microagi/2026-04-17-12-37-36-583398.zarr,30.0,247.0,microagi,assemble_wooden_drawer,human_bimanual
2026-04-17-12-37-52-592658,s3://rldb/processed_v3/microagi/2026-04-17-12-37-52-592658.zarr,30.0,376.0,microagi,assemble_wooden_drawer,human_bimanual
2026-04-17-12-38-11-637658,s3://rldb/processed_v3/microagi/2026-04-17-12-38-11-637658.zarr,30.0,825.0,microagi,assemble_wooden_drawer,human_bimanual
2026-04-17-12-40-57-806841,s3://rldb/processed_v3/microagi/2026-04-17-12-40-57-806841.zarr,30.0,295.0,microagi,assemble_wooden_drawer,human_bimanual
2026-04-17-14-50-30-424436,s3://rldb/processed_v3/microagi/2026-04-17-14-50-30-424436.zarr,30.0,238.0,microagi,organize_drawer,human_bimanual
2026-04-17-14-50-45-262770,s3://rldb/processed_v3/microagi/2026-04-17-14-50-45-262770.zarr,30.0,272.0,microagi,organize_drawer,human_bimanual
2026-04-17-14-50-55-067770,s3://rldb/processed_v3/microagi/2026-04-17-14-50-55-067770.zarr,30.0,174.0,microagi,organize_drawer,human_bimanual
2026-04-17-14-51-27-311103,s3://rldb/processed_v3/microagi/2026-04-17-14-51-27-311103.zarr,30.0,295.0,microagi,organize_drawer,human_bimanual
2026-04-17-14-51-38-216103,s3://rldb/processed_v3/microagi/2026-04-17-14-51-38-216103.zarr,30.0,224.0,microagi,organize_drawer,human_bimanual
2026-04-17-14-52-36-402598,s3://rldb/processed_v3/microagi/2026-04-17-14-52-36-402598.zarr,30.0,217.0,microagi,organize_drawer,human_bimanual
2026-04-17-14-52-43-672598,s3://rldb/processed_v3/microagi/2026-04-17-14-52-43-672598.zarr,30.0,153.0,microagi,organize_drawer,human_bimanual
2026-04-17-14-53-04-012598,s3://rldb/processed_v3/microagi/2026-04-17-14-53-04-012598.zarr,30.0,268.0,microagi,organize_makeup_drawer,human_bimanual
2026-04-17-14-53-46-395931,s3://rldb/processed_v3/microagi/2026-04-17-14-53-46-395931.zarr,30.0,224.0,microagi,organize_clothing_drawer,human_bimanual
2026-04-17-14-54-20-874054,s3://rldb/processed_v3/microagi/2026-04-17-14-54-20-874054.zarr,30.0,164.0,microagi,organize_clothing_drawer,human_bimanual
2026-04-17-16-04-16-442900,s3://rldb/processed_v3/microagi/2026-04-17-16-04-16-442900.zarr,30.0,332.0,microagi,clean_freezer_drawer,human_bimanual
2026-04-17-16-04-37-217900,s3://rldb/processed_v3/microagi/2026-04-17-16-04-37-217900.zarr,30.0,341.0,microagi,clean_freezer_drawer,human_bimanual
2026-04-17-16-04-48-622900,s3://rldb/processed_v3/microagi/2026-04-17-16-04-48-622900.zarr,30.0,1649.0,microagi,organize_freezer_drawer,human_bimanual
2026-04-17-16-07-19-817006,s3://rldb/processed_v3/microagi/2026-04-17-16-07-19-817006.zarr,30.0,153.0,microagi,organize_freezer_drawer,human_bimanual
2026-04-17-16-07-50-163673,s3://rldb/processed_v3/microagi/2026-04-17-16-07-50-163673.zarr,30.0,194.0,microagi,organize_freezer_drawer,human_bimanual
2026-04-17-16-09-08-462006,s3://rldb/processed_v3/microagi/2026-04-17-16-09-08-462006.zarr,30.0,268.0,microagi,organize_freezer_drawer,human_bimanual
2026-04-17-16-09-40-507432,s3://rldb/processed_v3/microagi/2026-04-17-16-09-40-507432.zarr,30.0,643.0,microagi,organize_freezer_drawer,human_bimanual
2026-04-17-16-10-02-650765,s3://rldb/processed_v3/microagi/2026-04-17-16-10-02-650765.zarr,30.0,442.0,microagi,organize_freezer_drawer,human_bimanual
2026-04-17-16-10-20-924098,s3://rldb/processed_v3/microagi/2026-04-17-16-10-20-924098.zarr,30.0,793.0,microagi,organize_freezer_drawer,human_bimanual
2026-04-17-16-10-49-435765,s3://rldb/processed_v3/microagi/2026-04-17-16-10-49-435765.zarr,30.0,195.0,microagi,organize_freezer_drawer,human_bimanual
2026-04-17-16-11-18-881136,s3://rldb/processed_v3/microagi/2026-04-17-16-11-18-881136.zarr,30.0,204.0,microagi,organize_freezer_drawer,human_bimanual
2026-04-17-16-11-31-186136,s3://rldb/processed_v3/microagi/2026-04-17-16-11-31-186136.zarr,30.0,237.0,microagi,organize_freezer_drawer,human_bimanual
2026-04-17-16-11-56-996136,s3://rldb/processed_v3/microagi/2026-04-17-16-11-56-996136.zarr,30.0,316.0,microagi,organize_freezer_drawer,human_bimanual
2026-04-17-17-03-46-288372,s3://rldb/processed_v3/microagi/2026-04-17-17-03-46-288372.zarr,30.0,316.0,microagi,prepare_a_cup_of_oats,human_bimanual
2026-04-17-17-04-02-280450,s3://rldb/processed_v3/microagi/2026-04-17-17-04-02-280450.zarr,30.0,254.0,microagi,prepare_a_cup_of_oats,human_bimanual
2026-04-17-17-32-48-719580,s3://rldb/processed_v3/microagi/2026-04-17-17-32-48-719580.zarr,30.0,202.0,microagi,organize_cutlery_drawer,human_bimanual
2026-04-17-17-55-45-276909,s3://rldb/processed_v3/microagi/2026-04-17-17-55-45-276909.zarr,30.0,233.0,microagi,wash_and_dry_refrigerator_drawer,human_bimanual
2026-04-17-17-55-56-081909,s3://rldb/processed_v3/microagi/2026-04-17-17-55-56-081909.zarr,30.0,227.0,microagi,wash_and_dry_refrigerator_drawer,human_bimanual
2026-04-17-17-56-18-657122,s3://rldb/processed_v3/microagi/2026-04-17-17-56-18-657122.zarr,30.0,166.0,microagi,wash_and_dry_refrigerator_drawer,human_bimanual
2026-04-17-21-28-01-344724,s3://rldb/processed_v3/microagi/2026-04-17-21-28-01-344724.zarr,30.0,296.0,microagi,organize_desk_drawer,human_bimanual
2026-04-17-21-28-25-959724,s3://rldb/processed_v3/microagi/2026-04-17-21-28-25-959724.zarr,30.0,3087.0,microagi,organize_desk_drawer,human_bimanual
2026-04-17-21-30-14-556198,s3://rldb/processed_v3/microagi/2026-04-17-21-30-14-556198.zarr,30.0,169.0,microagi,organize_desk_drawer,human_bimanual
2026-04-17-21-30-43-906198,s3://rldb/processed_v3/microagi/2026-04-17-21-30-43-906198.zarr,30.0,317.0,microagi,organize_desk_drawer,human_bimanual
2026-04-17-21-31-00-816198,s3://rldb/processed_v3/microagi/2026-04-17-21-31-00-816198.zarr,30.0,1592.0,microagi,organize_desk_drawer,human_bimanual
2026-04-17-21-32-05-987066,s3://rldb/processed_v3/microagi/2026-04-17-21-32-05-987066.zarr,30.0,609.0,microagi,organize_desk_drawer,human_bimanual
2026-04-17-21-32-29-233732,s3://rldb/processed_v3/microagi/2026-04-17-21-32-29-233732.zarr,30.0,893.0,microagi,organize_desk_drawer,human_bimanual
2026-04-17-21-33-05-687066,s3://rldb/processed_v3/microagi/2026-04-17-21-33-05-687066.zarr,30.0,218.0,microagi,organize_desk_drawer,human_bimanual
2026-04-17-21-33-18-428732,s3://rldb/processed_v3/microagi/2026-04-17-21-33-18-428732.zarr,30.0,929.0,microagi,organize_desk_drawer,human_bimanual
2026-04-17-21-33-50-512633,s3://rldb/processed_v3/microagi/2026-04-17-21-33-50-512633.zarr,30.0,218.0,microagi,organize_desk_drawer,human_bimanual
2026-04-17-21-34-06-222633,s3://rldb/processed_v3/microagi/2026-04-17-21-34-06-222633.zarr,30.0,288.0,microagi,organize_desk_drawer,human_bimanual
2026-04-18-06-10-43-715254,s3://rldb/processed_v3/microagi/2026-04-18-06-10-43-715254.zarr,30.0,311.0,microagi,organize_kitchen_drawer,human_bimanual
2026-04-18-06-11-09-934765,s3://rldb/processed_v3/microagi/2026-04-18-06-11-09-934765.zarr,30.0,176.0,microagi,organize_kitchen_drawer,human_bimanual
2026-04-18-06-11-19-876685,s3://rldb/processed_v3/microagi/2026-04-18-06-11-19-876685.zarr,30.0,225.0,microagi,organize_kitchen_drawer,human_bimanual
2026-04-18-06-11-30-798385,s3://rldb/processed_v3/microagi/2026-04-18-06-11-30-798385.zarr,30.0,382.0,microagi,organize_drawer,human_bimanual
2026-04-18-07-52-43-371827,s3://rldb/processed_v3/microagi/2026-04-18-07-52-43-371827.zarr,30.0,630.0,microagi,organize_kitchen_drawer,human_bimanual
2026-04-18-07-53-25-490160,s3://rldb/processed_v3/microagi/2026-04-18-07-53-25-490160.zarr,30.0,435.0,microagi,organize_kitchen_drawer,human_bimanual
2026-04-18-07-53-50-736827,s3://rldb/processed_v3/microagi/2026-04-18-07-53-50-736827.zarr,30.0,176.0,microagi,organize_kitchen_drawer,human_bimanual
2026-04-18-07-54-00-875160,s3://rldb/processed_v3/microagi/2026-04-18-07-54-00-875160.zarr,30.0,880.0,microagi,organize_kitchen_drawer,human_bimanual
2026-04-18-07-54-32-291827,s3://rldb/processed_v3/microagi/2026-04-18-07-54-32-291827.zarr,30.0,871.0,microagi,organize_kitchen_drawer,human_bimanual
2026-04-18-07-55-02-007536,s3://rldb/processed_v3/microagi/2026-04-18-07-55-02-007536.zarr,30.0,291.0,microagi,organize_kitchen_drawer,human_bimanual
2026-04-18-07-55-45-060869,s3://rldb/processed_v3/microagi/2026-04-18-07-55-45-060869.zarr,30.0,239.0,microagi,organize_kitchen_drawer,human_bimanual
2026-04-18-07-57-42-086453,s3://rldb/processed_v3/microagi/2026-04-18-07-57-42-086453.zarr,30.0,505.0,microagi,clean_kitchen_drawer,human_bimanual
2026-04-18-07-58-00-163120,s3://rldb/processed_v3/microagi/2026-04-18-07-58-00-163120.zarr,30.0,358.0,microagi,clean_kitchen_drawer,human_bimanual
2026-04-18-07-58-24-974786,s3://rldb/processed_v3/microagi/2026-04-18-07-58-24-974786.zarr,30.0,1005.0,microagi,clean_kitchen_drawer,human_bimanual
2026-04-18-08-00-09-260747,s3://rldb/processed_v3/microagi/2026-04-18-08-00-09-260747.zarr,30.0,485.0,microagi,clean_kitchen_drawer,human_bimanual
2026-04-18-11-15-24-592455,s3://rldb/processed_v3/microagi/2026-04-18-11-15-24-592455.zarr,30.0,197.0,microagi,organize_desk_and_drawers,human_bimanual
2026-04-18-11-17-18-568536,s3://rldb/processed_v3/microagi/2026-04-18-11-17-18-568536.zarr,30.0,2122.0,microagi,organize_desk_and_drawers,human_bimanual
2026-04-18-11-32-40-355124,s3://rldb/processed_v3/microagi/2026-04-18-11-32-40-355124.zarr,30.0,748.0,microagi,organize_desk_and_drawer,human_bimanual
2026-04-18-11-33-11-866791,s3://rldb/processed_v3/microagi/2026-04-18-11-33-11-866791.zarr,30.0,424.0,microagi,organize_desk_and_drawer,human_bimanual
2026-04-18-11-36-00-497722,s3://rldb/processed_v3/microagi/2026-04-18-11-36-00-497722.zarr,30.0,720.0,microagi,organize_drawer_and_items,human_bimanual
2026-04-18-11-37-03-354389,s3://rldb/processed_v3/microagi/2026-04-18-11-37-03-354389.zarr,30.0,165.0,microagi,organize_drawer_and_items,human_bimanual
2026-04-18-11-37-24-762722,s3://rldb/processed_v3/microagi/2026-04-18-11-37-24-762722.zarr,30.0,162.0,microagi,organize_drawer_and_items,human_bimanual
2026-04-18-11-48-00-974248,s3://rldb/processed_v3/microagi/2026-04-18-11-48-00-974248.zarr,30.0,1028.0,microagi,organize_drawer_and_items,human_bimanual
2026-04-18-11-48-53-394248,s3://rldb/processed_v3/microagi/2026-04-18-11-48-53-394248.zarr,30.0,449.0,microagi,organize_drawer_and_items,human_bimanual
2026-04-18-11-49-32-175915,s3://rldb/processed_v3/microagi/2026-04-18-11-49-32-175915.zarr,30.0,543.0,microagi,organize_drawer_and_items,human_bimanual
2026-04-18-11-50-22-794475,s3://rldb/processed_v3/microagi/2026-04-18-11-50-22-794475.zarr,30.0,1414.0,microagi,organize_drawer_and_items,human_bimanual
2026-04-18-11-54-36-423241,s3://rldb/processed_v3/microagi/2026-04-18-11-54-36-423241.zarr,30.0,238.0,microagi,organize_drawer_and_items,human_bimanual
2026-04-18-11-56-41-070078,s3://rldb/processed_v3/microagi/2026-04-18-11-56-41-070078.zarr,30.0,155.0,microagi,organize_drawer_and_items,human_bimanual
2026-04-18-11-59-55-377016,s3://rldb/processed_v3/microagi/2026-04-18-11-59-55-377016.zarr,30.0,261.0,microagi,organize_drawer_and_items,human_bimanual
2026-04-18-12-00-06-615350,s3://rldb/processed_v3/microagi/2026-04-18-12-00-06-615350.zarr,30.0,176.0,microagi,organize_drawer_and_items,human_bimanual
2026-04-18-12-00-47-930350,s3://rldb/processed_v3/microagi/2026-04-18-12-00-47-930350.zarr,30.0,150.0,microagi,organize_drawer_and_items,human_bimanual
2026-04-18-12-01-00-435350,s3://rldb/processed_v3/microagi/2026-04-18-12-01-00-435350.zarr,30.0,191.0,microagi,organize_drawer_and_items,human_bimanual
2026-04-18-12-01-07-870350,s3://rldb/processed_v3/microagi/2026-04-18-12-01-07-870350.zarr,30.0,290.0,microagi,organize_drawer_and_items,human_bimanual
2026-04-18-13-34-39-284476,s3://rldb/processed_v3/microagi/2026-04-18-13-34-39-284476.zarr,30.0,257.0,microagi,clean_kitchen_drawer_and_organizer,human_bimanual
2026-04-18-13-34-51-150387,s3://rldb/processed_v3/microagi/2026-04-18-13-34-51-150387.zarr,30.0,193.0,microagi,clean_kitchen_drawer_and_organizer,human_bimanual
2026-04-18-13-38-32-469557,s3://rldb/processed_v3/microagi/2026-04-18-13-38-32-469557.zarr,30.0,153.0,microagi,clean_kitchen_drawer_and_organizer,human_bimanual
2026-04-18-13-38-37-602557,s3://rldb/processed_v3/microagi/2026-04-18-13-38-37-602557.zarr,30.0,2528.0,microagi,clean_kitchen_drawer_and_organizer,human_bimanual
2026-04-18-13-57-46-485754,s3://rldb/processed_v3/microagi/2026-04-18-13-57-46-485754.zarr,30.0,176.0,microagi,get_items_from_cupboard,human_bimanual
2026-04-18-13-58-02-925754,s3://rldb/processed_v3/microagi/2026-04-18-13-58-02-925754.zarr,30.0,216.0,microagi,get_items_from_cupboard,human_bimanual
2026-04-18-13-58-23-034087,s3://rldb/processed_v3/microagi/2026-04-18-13-58-23-034087.zarr,30.0,364.0,microagi,get_items_from_cupboard,human_bimanual
2026-04-18-14-23-50-024368,s3://rldb/processed_v3/microagi/2026-04-18-14-23-50-024368.zarr,30.0,580.0,microagi,wash_cup,human_bimanual
2026-04-18-18-34-32-043787,s3://rldb/processed_v3/microagi/2026-04-18-18-34-32-043787.zarr,30.0,165.0,microagi,organize_drawer_and_snacks,human_bimanual
2026-04-18-18-34-39-982121,s3://rldb/processed_v3/microagi/2026-04-18-18-34-39-982121.zarr,30.0,230.0,microagi,organize_drawer_and_snacks,human_bimanual
2026-04-18-18-35-28-807121,s3://rldb/processed_v3/microagi/2026-04-18-18-35-28-807121.zarr,30.0,196.0,microagi,organize_drawer_and_snacks,human_bimanual
2026-04-18-18-36-14-063787,s3://rldb/processed_v3/microagi/2026-04-18-18-36-14-063787.zarr,30.0,591.0,microagi,organize_drawer_and_snacks,human_bimanual
2026-04-18-18-36-36-775358,s3://rldb/processed_v3/microagi/2026-04-18-18-36-36-775358.zarr,30.0,218.0,microagi,organize_drawer_and_snacks,human_bimanual
2026-04-18-18-36-44-947025,s3://rldb/processed_v3/microagi/2026-04-18-18-36-44-947025.zarr,30.0,287.0,microagi,organize_drawer_and_snacks,human_bimanual
2026-04-18-18-37-40-908691,s3://rldb/processed_v3/microagi/2026-04-18-18-37-40-908691.zarr,30.0,295.0,microagi,organize_drawer,human_bimanual
2026-04-18-18-38-37-570710,s3://rldb/processed_v3/microagi/2026-04-18-18-38-37-570710.zarr,30.0,407.0,microagi,organize_drawer,human_bimanual
2026-04-18-18-39-30-264043,s3://rldb/processed_v3/microagi/2026-04-18-18-39-30-264043.zarr,30.0,161.0,microagi,organize_drawer,human_bimanual
2026-04-18-18-39-40-804043,s3://rldb/processed_v3/microagi/2026-04-18-18-39-40-804043.zarr,30.0,299.0,microagi,organize_drawer,human_bimanual
2026-04-19-08-12-19-397330,s3://rldb/processed_v3/microagi/2026-04-19-08-12-19-397330.zarr,30.0,439.0,microagi,organize_drawer,human_bimanual
2026-04-19-11-21-38-488588,s3://rldb/processed_v3/microagi/2026-04-19-11-21-38-488588.zarr,30.0,209.0,microagi,organize_drawer,human_bimanual
2026-04-19-11-21-52-628588,s3://rldb/processed_v3/microagi/2026-04-19-11-21-52-628588.zarr,30.0,213.0,microagi,organize_drawer,human_bimanual
2026-04-19-11-22-12-270255,s3://rldb/processed_v3/microagi/2026-04-19-11-22-12-270255.zarr,30.0,194.0,microagi,organize_drawer,human_bimanual
2026-04-19-11-22-38-348588,s3://rldb/processed_v3/microagi/2026-04-19-11-22-38-348588.zarr,30.0,162.0,microagi,organize_drawer,human_bimanual
2026-04-19-11-22-46-786921,s3://rldb/processed_v3/microagi/2026-04-19-11-22-46-786921.zarr,30.0,593.0,microagi,organize_drawer,human_bimanual
2026-04-19-11-23-25-537244,s3://rldb/processed_v3/microagi/2026-04-19-11-23-25-537244.zarr,30.0,485.0,microagi,organize_drawer,human_bimanual
2026-04-19-11-23-54-750578,s3://rldb/processed_v3/microagi/2026-04-19-11-23-54-750578.zarr,30.0,260.0,microagi,organize_drawer,human_bimanual
2026-04-19-11-24-12-158911,s3://rldb/processed_v3/microagi/2026-04-19-11-24-12-158911.zarr,30.0,187.0,microagi,organize_drawer,human_bimanual
2026-04-19-11-24-23-830578,s3://rldb/processed_v3/microagi/2026-04-19-11-24-23-830578.zarr,30.0,239.0,microagi,organize_drawer,human_bimanual
2026-04-19-12-24-24-323112,s3://rldb/processed_v3/microagi/2026-04-19-12-24-24-323112.zarr,30.0,154.0,microagi,organize_makeup_drawer,human_bimanual
2026-04-19-12-24-30-558112,s3://rldb/processed_v3/microagi/2026-04-19-12-24-30-558112.zarr,30.0,1387.0,microagi,organize_makeup_drawer,human_bimanual
2026-04-19-12-25-18-814779,s3://rldb/processed_v3/microagi/2026-04-19-12-25-18-814779.zarr,30.0,348.0,microagi,organize_makeup_drawer,human_bimanual
2026-04-19-12-25-48-594779,s3://rldb/processed_v3/microagi/2026-04-19-12-25-48-594779.zarr,30.0,316.0,microagi,organize_makeup_drawer,human_bimanual
2026-04-19-12-26-00-533112,s3://rldb/processed_v3/microagi/2026-04-19-12-26-00-533112.zarr,30.0,153.0,microagi,organize_makeup_drawer,human_bimanual
2026-04-19-12-27-30-306424,s3://rldb/processed_v3/microagi/2026-04-19-12-27-30-306424.zarr,30.0,845.0,microagi,organize_makeup_drawer,human_bimanual
2026-04-19-12-28-11-193090,s3://rldb/processed_v3/microagi/2026-04-19-12-28-11-193090.zarr,30.0,302.0,microagi,organize_makeup_drawer,human_bimanual
2026-04-19-12-28-30-268090,s3://rldb/processed_v3/microagi/2026-04-19-12-28-30-268090.zarr,30.0,170.0,microagi,organize_makeup_drawer,human_bimanual
2026-04-19-13-03-58-054537,s3://rldb/processed_v3/microagi/2026-04-19-13-03-58-054537.zarr,30.0,260.0,microagi,organize_drawer,human_bimanual
2026-04-19-13-04-07-329537,s3://rldb/processed_v3/microagi/2026-04-19-13-04-07-329537.zarr,30.0,182.0,microagi,organize_drawer,human_bimanual
2026-04-19-13-04-52-464537,s3://rldb/processed_v3/microagi/2026-04-19-13-04-52-464537.zarr,30.0,307.0,microagi,organize_drawer,human_bimanual
2026-04-19-13-05-03-707870,s3://rldb/processed_v3/microagi/2026-04-19-13-05-03-707870.zarr,30.0,252.0,microagi,organize_drawer,human_bimanual
2026-04-19-13-06-17-299362,s3://rldb/processed_v3/microagi/2026-04-19-13-06-17-299362.zarr,30.0,192.0,microagi,organize_drawer,human_bimanual
2026-04-19-13-06-24-939362,s3://rldb/processed_v3/microagi/2026-04-19-13-06-24-939362.zarr,30.0,212.0,microagi,organize_drawer,human_bimanual
2026-04-19-13-06-47-157695,s3://rldb/processed_v3/microagi/2026-04-19-13-06-47-157695.zarr,30.0,155.0,microagi,organize_drawer,human_bimanual
2026-04-19-13-06-58-732695,s3://rldb/processed_v3/microagi/2026-04-19-13-06-58-732695.zarr,30.0,528.0,microagi,organize_drawer,human_bimanual
2026-04-19-13-07-16-481028,s3://rldb/processed_v3/microagi/2026-04-19-13-07-16-481028.zarr,30.0,201.0,microagi,organize_drawer,human_bimanual
2026-04-19-13-07-23-419362,s3://rldb/processed_v3/microagi/2026-04-19-13-07-23-419362.zarr,30.0,204.0,microagi,organize_drawer,human_bimanual
2026-04-19-16-29-18-437281,s3://rldb/processed_v3/microagi/2026-04-19-16-29-18-437281.zarr,30.0,197.0,microagi,organize_kitchen_drawer,human_bimanual
2026-04-19-16-45-50-813965,s3://rldb/processed_v3/microagi/2026-04-19-16-45-50-813965.zarr,30.0,232.0,microagi,get_snack_from_drawer,human_bimanual
2026-04-19-19-27-53-862536,s3://rldb/processed_v3/microagi/2026-04-19-19-27-53-862536.zarr,30.0,168.0,microagi,organize_drawer,human_bimanual
2026-04-19-21-45-31-071406,s3://rldb/processed_v3/microagi/2026-04-19-21-45-31-071406.zarr,30.0,189.0,microagi,clean_coffee_cups_and_equipment,human_bimanual
2026-04-19-21-50-23-070085,s3://rldb/processed_v3/microagi/2026-04-19-21-50-23-070085.zarr,30.0,161.0,microagi,organize_coffee_cups,human_bimanual
2026-04-20-07-03-49-774599,s3://rldb/processed_v3/microagi/2026-04-20-07-03-49-774599.zarr,30.0,178.0,microagi,Refill_coffee_machine_cups,human_bimanual
2026-04-20-07-56-11-440220,s3://rldb/processed_v3/microagi/2026-04-20-07-56-11-440220.zarr,30.0,438.0,microagi,assemble_wooden_drawer,human_bimanual
2026-04-20-07-56-47-557724,s3://rldb/processed_v3/microagi/2026-04-20-07-56-47-557724.zarr,30.0,659.0,microagi,assemble_wooden_drawer,human_bimanual
2026-04-20-08-01-39-934401,s3://rldb/processed_v3/microagi/2026-04-20-08-01-39-934401.zarr,30.0,551.0,microagi,assemble_wooden_drawer,human_bimanual
2026-04-20-08-02-53-590319,s3://rldb/processed_v3/microagi/2026-04-20-08-02-53-590319.zarr,30.0,501.0,microagi,assemble_wooden_drawer,human_bimanual
2026-04-20-11-07-51-069536,s3://rldb/processed_v3/microagi/2026-04-20-11-07-51-069536.zarr,30.0,475.0,microagi,organize_items_in_drawer,human_bimanual
2026-04-20-12-24-52-997503,s3://rldb/processed_v3/microagi/2026-04-20-12-24-52-997503.zarr,30.0,290.0,microagi,organize_items_in_drawer,human_bimanual
2026-04-20-12-25-36-210837,s3://rldb/processed_v3/microagi/2026-04-20-12-25-36-210837.zarr,30.0,269.0,microagi,organize_items_in_drawer,human_bimanual
2026-04-20-12-26-19-425252,s3://rldb/processed_v3/microagi/2026-04-20-12-26-19-425252.zarr,30.0,187.0,microagi,organize_items_in_drawer,human_bimanual
2026-04-20-12-26-30-628585,s3://rldb/processed_v3/microagi/2026-04-20-12-26-30-628585.zarr,30.0,286.0,microagi,organize_items_in_drawer,human_bimanual
2026-04-20-12-26-47-000252,s3://rldb/processed_v3/microagi/2026-04-20-12-26-47-000252.zarr,30.0,410.0,microagi,organize_items_in_drawer,human_bimanual
2026-04-20-12-28-15-127957,s3://rldb/processed_v3/microagi/2026-04-20-12-28-15-127957.zarr,30.0,311.0,microagi,clean_drawer_surface,human_bimanual
2026-04-20-12-28-54-172957,s3://rldb/processed_v3/microagi/2026-04-20-12-28-54-172957.zarr,30.0,662.0,microagi,organize_jewelry_drawer,human_bimanual
2026-04-20-13-01-49-601622,s3://rldb/processed_v3/microagi/2026-04-20-13-01-49-601622.zarr,30.0,150.0,microagi,organize_items_in_bag_and_drawer,human_bimanual
2026-04-20-13-01-55-238289,s3://rldb/processed_v3/microagi/2026-04-20-13-01-55-238289.zarr,30.0,258.0,microagi,organize_items_in_bag_and_drawer,human_bimanual
2026-04-20-13-11-41-716035,s3://rldb/processed_v3/microagi/2026-04-20-13-11-41-716035.zarr,30.0,916.0,microagi,wash_a_cup,human_bimanual
2026-04-20-15-52-23-865802,s3://rldb/processed_v3/microagi/2026-04-20-15-52-23-865802.zarr,30.0,230.0,microagi,portion_liquid_into_cups,human_bimanual
2026-04-20-15-52-34-004136,s3://rldb/processed_v3/microagi/2026-04-20-15-52-34-004136.zarr,30.0,204.0,microagi,portion_liquid_into_cups,human_bimanual
2026-04-20-15-52-44-174136,s3://rldb/processed_v3/microagi/2026-04-20-15-52-44-174136.zarr,30.0,214.0,microagi,portion_liquid_into_cups,human_bimanual
2026-04-20-15-53-00-780802,s3://rldb/processed_v3/microagi/2026-04-20-15-53-00-780802.zarr,30.0,187.0,microagi,portion_liquid_into_cups,human_bimanual
2026-04-20-15-53-46-328670,s3://rldb/processed_v3/microagi/2026-04-20-15-53-46-328670.zarr,30.0,793.0,microagi,prepare_cupcake_liners,human_bimanual
2026-04-20-16-00-55-476544,s3://rldb/processed_v3/microagi/2026-04-20-16-00-55-476544.zarr,30.0,674.0,microagi,make_a_clay_cup,human_bimanual
2026-04-20-16-23-10-258952,s3://rldb/processed_v3/microagi/2026-04-20-16-23-10-258952.zarr,30.0,447.0,microagi,clean_and_organize_coffee_cups,human_bimanual
2026-04-20-16-23-25-733952,s3://rldb/processed_v3/microagi/2026-04-20-16-23-25-733952.zarr,30.0,448.0,microagi,clean_and_organize_coffee_cups,human_bimanual
2026-04-20-16-23-58-453952,s3://rldb/processed_v3/microagi/2026-04-20-16-23-58-453952.zarr,30.0,176.0,microagi,clean_and_organize_coffee_cups,human_bimanual
2026-04-20-16-24-08-758952,s3://rldb/processed_v3/microagi/2026-04-20-16-24-08-758952.zarr,30.0,1661.0,microagi,clean_and_organize_coffee_cups,human_bimanual
2026-04-20-16-25-08-392544,s3://rldb/processed_v3/microagi/2026-04-20-16-25-08-392544.zarr,30.0,752.0,microagi,clean_and_organize_coffee_cups,human_bimanual
2026-04-20-16-57-05-825136,s3://rldb/processed_v3/microagi/2026-04-20-16-57-05-825136.zarr,30.0,990.0,microagi,wash_and_organize_coffee_cups,human_bimanual
2026-04-20-16-57-41-378469,s3://rldb/processed_v3/microagi/2026-04-20-16-57-41-378469.zarr,30.0,253.0,microagi,wash_and_organize_coffee_cups,human_bimanual
2026-04-20-16-58-00-756802,s3://rldb/processed_v3/microagi/2026-04-20-16-58-00-756802.zarr,30.0,250.0,microagi,wash_and_organize_coffee_cups,human_bimanual
2026-04-20-16-58-09-961802,s3://rldb/processed_v3/microagi/2026-04-20-16-58-09-961802.zarr,30.0,881.0,microagi,wash_and_organize_coffee_cups,human_bimanual
2026-04-20-16-58-41-446802,s3://rldb/processed_v3/microagi/2026-04-20-16-58-41-446802.zarr,30.0,1100.0,microagi,wash_and_organize_coffee_cups,human_bimanual
2026-04-20-17-06-17-942985,s3://rldb/processed_v3/microagi/2026-04-20-17-06-17-942985.zarr,30.0,512.0,microagi,clean_and_dry_cups,human_bimanual
2026-04-20-17-06-42-624652,s3://rldb/processed_v3/microagi/2026-04-20-17-06-42-624652.zarr,30.0,704.0,microagi,clean_and_dry_cups,human_bimanual
2026-04-20-17-07-19-077985,s3://rldb/processed_v3/microagi/2026-04-20-17-07-19-077985.zarr,30.0,335.0,microagi,clean_and_dry_cups,human_bimanual
2026-04-20-17-07-30-751319,s3://rldb/processed_v3/microagi/2026-04-20-17-07-30-751319.zarr,30.0,337.0,microagi,clean_and_dry_cups,human_bimanual
2026-04-20-17-07-59-901319,s3://rldb/processed_v3/microagi/2026-04-20-17-07-59-901319.zarr,30.0,439.0,microagi,clean_and_dry_cups,human_bimanual
2026-04-20-19-19-02-105758,s3://rldb/processed_v3/microagi/2026-04-20-19-19-02-105758.zarr,30.0,951.0,microagi,rinse_measuring_cup,human_bimanual
2026-04-20-22-26-11-279410,s3://rldb/processed_v3/microagi/2026-04-20-22-26-11-279410.zarr,30.0,257.0,microagi,organize_coffee_cups,human_bimanual
2026-04-20-22-26-20-717743,s3://rldb/processed_v3/microagi/2026-04-20-22-26-20-717743.zarr,30.0,734.0,microagi,organize_coffee_cups,human_bimanual
2026-04-20-22-26-51-236076,s3://rldb/processed_v3/microagi/2026-04-20-22-26-51-236076.zarr,30.0,236.0,microagi,organize_coffee_cups,human_bimanual
2026-04-20-22-27-51-936076,s3://rldb/processed_v3/microagi/2026-04-20-22-27-51-936076.zarr,30.0,936.0,microagi,organize_coffee_cups,human_bimanual
2026-04-20-22-28-24-589302,s3://rldb/processed_v3/microagi/2026-04-20-22-28-24-589302.zarr,30.0,195.0,microagi,organize_coffee_cups,human_bimanual
2026-04-20-22-28-37-795968,s3://rldb/processed_v3/microagi/2026-04-20-22-28-37-795968.zarr,30.0,374.0,microagi,organize_coffee_cups,human_bimanual
2026-04-20-22-40-25-197755,s3://rldb/processed_v3/microagi/2026-04-20-22-40-25-197755.zarr,30.0,4186.0,microagi,organize_coffee_cups,human_bimanual
2026-04-21-00-52-00-543388,s3://rldb/processed_v3/microagi/2026-04-21-00-52-00-543388.zarr,30.0,628.0,microagi,wash_the_cups,human_bimanual
2026-04-21-00-52-35-099264,s3://rldb/processed_v3/microagi/2026-04-21-00-52-35-099264.zarr,30.0,652.0,microagi,wash_the_cups,human_bimanual
2026-04-21-03-02-38-832261,s3://rldb/processed_v3/microagi/2026-04-21-03-02-38-832261.zarr,30.0,210.0,microagi,organize_silverware_drawer,human_bimanual
2026-04-21-07-51-57-571277,s3://rldb/processed_v3/microagi/2026-04-21-07-51-57-571277.zarr,30.0,515.0,microagi,organize_drawer,human_bimanual
2026-04-21-07-54-46-415120,s3://rldb/processed_v3/microagi/2026-04-21-07-54-46-415120.zarr,30.0,208.0,microagi,organize_drawer,human_bimanual
2026-04-21-08-00-29-400974,s3://rldb/processed_v3/microagi/2026-04-21-08-00-29-400974.zarr,30.0,302.0,microagi,organize_desk_drawer,human_bimanual
2026-04-21-11-58-49-420496,s3://rldb/processed_v3/microagi/2026-04-21-11-58-49-420496.zarr,30.0,314.0,microagi,pack_metal_cup,human_bimanual
2026-04-21-12-42-38-787316,s3://rldb/processed_v3/microagi/2026-04-21-12-42-38-787316.zarr,30.0,305.0,microagi,wrap_metal_cup_in_newspaper,human_bimanual
2026-04-21-12-42-56-899460,s3://rldb/processed_v3/microagi/2026-04-21-12-42-56-899460.zarr,30.0,1188.0,microagi,wrap_metal_cup_in_newspaper,human_bimanual
2026-04-21-12-45-37-821838,s3://rldb/processed_v3/microagi/2026-04-21-12-45-37-821838.zarr,30.0,623.0,microagi,package_metal_cup,human_bimanual
2026-04-21-12-46-26-032105,s3://rldb/processed_v3/microagi/2026-04-21-12-46-26-032105.zarr,30.0,737.0,microagi,package_metal_cup,human_bimanual
2026-04-21-12-46-51-136069,s3://rldb/processed_v3/microagi/2026-04-21-12-46-51-136069.zarr,30.0,380.0,microagi,package_metal_cup,human_bimanual
2026-04-21-12-48-26-341253,s3://rldb/processed_v3/microagi/2026-04-21-12-48-26-341253.zarr,30.0,249.0,microagi,pack_metal_cup_in_box,human_bimanual
2026-04-21-12-49-10-656075,s3://rldb/processed_v3/microagi/2026-04-21-12-49-10-656075.zarr,30.0,436.0,microagi,pack_metal_cup_in_box,human_bimanual
2026-04-21-12-49-28-268803,s3://rldb/processed_v3/microagi/2026-04-21-12-49-28-268803.zarr,30.0,160.0,microagi,pack_metal_cup_in_box,human_bimanual
2026-04-21-12-49-39-622191,s3://rldb/processed_v3/microagi/2026-04-21-12-49-39-622191.zarr,30.0,205.0,microagi,pack_metal_cup_in_box,human_bimanual
2026-04-21-12-54-08-210340,s3://rldb/processed_v3/microagi/2026-04-21-12-54-08-210340.zarr,30.0,173.0,microagi,wrap_metal_cup_in_newspaper,human_bimanual
2026-04-21-14-04-11-473345,s3://rldb/processed_v3/microagi/2026-04-21-14-04-11-473345.zarr,30.0,204.0,microagi,organize_desk_and_drawers,human_bimanual
2026-04-21-14-06-55-646538,s3://rldb/processed_v3/microagi/2026-04-21-14-06-55-646538.zarr,30.0,168.0,microagi,organize_desk_and_drawers,human_bimanual
2026-04-21-15-18-54-506226,s3://rldb/processed_v3/microagi/2026-04-21-15-18-54-506226.zarr,30.0,150.0,microagi,organize_bathroom_drawer,human_bimanual
2026-04-21-15-20-04-405253,s3://rldb/processed_v3/microagi/2026-04-21-15-20-04-405253.zarr,30.0,302.0,microagi,organize_bathroom_drawer,human_bimanual
2026-04-21-15-21-17-671920,s3://rldb/processed_v3/microagi/2026-04-21-15-21-17-671920.zarr,30.0,1023.0,microagi,organize_bathroom_drawer,human_bimanual
2026-04-21-15-21-55-424266,s3://rldb/processed_v3/microagi/2026-04-21-15-21-55-424266.zarr,30.0,205.0,microagi,organize_bathroom_drawer,human_bimanual
2026-04-21-15-22-03-260933,s3://rldb/processed_v3/microagi/2026-04-21-15-22-03-260933.zarr,30.0,633.0,microagi,organize_bathroom_drawer,human_bimanual
2026-04-21-15-22-45-279266,s3://rldb/processed_v3/microagi/2026-04-21-15-22-45-279266.zarr,30.0,225.0,microagi,organize_bathroom_drawer,human_bimanual
2026-04-21-15-23-49-576757,s3://rldb/processed_v3/microagi/2026-04-21-15-23-49-576757.zarr,30.0,186.0,microagi,organize_bathroom_drawer,human_bimanual
2026-04-21-15-25-13-281757,s3://rldb/processed_v3/microagi/2026-04-21-15-25-13-281757.zarr,30.0,388.0,microagi,organize_bathroom_drawer,human_bimanual
2026-04-21-16-31-32-759375,s3://rldb/processed_v3/microagi/2026-04-21-16-31-32-759375.zarr,30.0,305.0,microagi,organize_clothes_in_drawer,human_bimanual
2026-04-21-16-41-27-340906,s3://rldb/processed_v3/microagi/2026-04-21-16-41-27-340906.zarr,30.0,174.0,microagi,organize_drawer_and_fold_clothes,human_bimanual
2026-04-21-16-43-28-272154,s3://rldb/processed_v3/microagi/2026-04-21-16-43-28-272154.zarr,30.0,162.0,microagi,organize_drawer_and_fold_clothes,human_bimanual
2026-04-21-16-44-21-898820,s3://rldb/processed_v3/microagi/2026-04-21-16-44-21-898820.zarr,30.0,363.0,microagi,organize_drawer_and_fold_clothes,human_bimanual
2026-04-22-06-20-19-350350,s3://rldb/processed_v3/microagi/2026-04-22-06-20-19-350350.zarr,30.0,209.0,microagi,prepare_tea_cup,human_bimanual
2026-04-22-06-20-28-953480,s3://rldb/processed_v3/microagi/2026-04-22-06-20-28-953480.zarr,30.0,202.0,microagi,prepare_tea_cup,human_bimanual
2026-04-22-08-34-45-686573,s3://rldb/processed_v3/microagi/2026-04-22-08-34-45-686573.zarr,30.0,346.0,microagi,fill_paper_cups_with_rice,human_bimanual
2026-04-22-08-38-27-012999,s3://rldb/processed_v3/microagi/2026-04-22-08-38-27-012999.zarr,30.0,515.0,microagi,organize_paper_cups_on_table,human_bimanual
2026-04-22-19-07-22-478981,s3://rldb/processed_v3/microagi/2026-04-22-19-07-22-478981.zarr,30.0,897.0,microagi,pack_metal_cup,human_bimanual
2026-04-22-19-07-54-241820,s3://rldb/processed_v3/microagi/2026-04-22-19-07-54-241820.zarr,30.0,629.0,microagi,pack_metal_cup,human_bimanual
2026-04-22-19-08-19-212610,s3://rldb/processed_v3/microagi/2026-04-22-19-08-19-212610.zarr,30.0,236.0,microagi,pack_metal_cup,human_bimanual
2026-04-22-19-09-12-616792,s3://rldb/processed_v3/microagi/2026-04-22-19-09-12-616792.zarr,30.0,435.0,microagi,pack_metal_cup,human_bimanual
2026-04-22-19-09-47-309544,s3://rldb/processed_v3/microagi/2026-04-22-19-09-47-309544.zarr,30.0,532.0,microagi,pack_metal_cup,human_bimanual
2026-04-23-12-10-22-529574,s3://rldb/processed_v3/microagi/2026-04-23-12-10-22-529574.zarr,30.0,542.0,microagi,organize_drawer,human_bimanual
2026-04-23-12-20-13-451128,s3://rldb/processed_v3/microagi/2026-04-23-12-20-13-451128.zarr,30.0,227.0,microagi,organize_desk_and_drawer,human_bimanual
2026-04-23-12-20-36-292795,s3://rldb/processed_v3/microagi/2026-04-23-12-20-36-292795.zarr,30.0,412.0,microagi,organize_desk_and_drawer,human_bimanual
2026-04-23-16-06-01-256110,s3://rldb/processed_v3/microagi/2026-04-23-16-06-01-256110.zarr,30.0,998.0,microagi,organize_cutlery_drawer,human_bimanual
2026-04-23-16-06-49-385674,s3://rldb/processed_v3/microagi/2026-04-23-16-06-49-385674.zarr,30.0,156.0,microagi,organize_cutlery_drawer,human_bimanual
2026-04-23-16-07-00-925674,s3://rldb/processed_v3/microagi/2026-04-23-16-07-00-925674.zarr,30.0,806.0,microagi,organize_cutlery_drawer,human_bimanual
2026-04-23-16-07-50-457341,s3://rldb/processed_v3/microagi/2026-04-23-16-07-50-457341.zarr,30.0,288.0,microagi,organize_cutlery_drawer,human_bimanual
2026-04-23-16-08-10-502341,s3://rldb/processed_v3/microagi/2026-04-23-16-08-10-502341.zarr,30.0,287.0,microagi,organize_kitchen_drawer,human_bimanual
2026-04-23-16-08-21-409007,s3://rldb/processed_v3/microagi/2026-04-23-16-08-21-409007.zarr,30.0,426.0,microagi,organize_kitchen_drawer,human_bimanual
2026-04-23-18-51-18-249877,s3://rldb/processed_v3/microagi/2026-04-23-18-51-18-249877.zarr,30.0,261.0,microagi,prepare_cupcake_box,human_bimanual
2026-04-23-18-51-34-056543,s3://rldb/processed_v3/microagi/2026-04-23-18-51-34-056543.zarr,30.0,189.0,microagi,prepare_cupcake_box,human_bimanual
2026-04-23-18-51-44-728210,s3://rldb/processed_v3/microagi/2026-04-23-18-51-44-728210.zarr,30.0,235.0,microagi,prepare_cupcake_box,human_bimanual
2026-04-23-18-51-53-732117,s3://rldb/processed_v3/microagi/2026-04-23-18-51-53-732117.zarr,30.0,675.0,microagi,prepare_cupcake_box,human_bimanual
2026-04-23-18-52-18-442117,s3://rldb/processed_v3/microagi/2026-04-23-18-52-18-442117.zarr,30.0,805.0,microagi,prepare_cupcake_box,human_bimanual
2026-04-23-18-52-45-653784,s3://rldb/processed_v3/microagi/2026-04-23-18-52-45-653784.zarr,30.0,622.0,microagi,prepare_cupcake_box,human_bimanual
2026-04-24-05-56-42-864551,s3://rldb/processed_v3/microagi/2026-04-24-05-56-42-864551.zarr,30.0,954.0,microagi,organize_kitchen_drawer,human_bimanual
2026-04-24-05-57-18-244551,s3://rldb/processed_v3/microagi/2026-04-24-05-57-18-244551.zarr,30.0,236.0,microagi,organize_kitchen_drawer,human_bimanual
2026-04-24-05-57-28-249551,s3://rldb/processed_v3/microagi/2026-04-24-05-57-28-249551.zarr,30.0,234.0,microagi,organize_kitchen_drawer,human_bimanual
2026-04-24-05-57-40-121218,s3://rldb/processed_v3/microagi/2026-04-24-05-57-40-121218.zarr,30.0,2934.0,microagi,organize_kitchen_drawer,human_bimanual
2026-04-24-05-59-27-829338,s3://rldb/processed_v3/microagi/2026-04-24-05-59-27-829338.zarr,30.0,157.0,microagi,organize_kitchen_drawer,human_bimanual
2026-04-24-05-59-33-431005,s3://rldb/processed_v3/microagi/2026-04-24-05-59-33-431005.zarr,30.0,164.0,microagi,organize_kitchen_drawer,human_bimanual
2026-04-24-05-59-44-367671,s3://rldb/processed_v3/microagi/2026-04-24-05-59-44-367671.zarr,30.0,256.0,microagi,organize_kitchen_drawer,human_bimanual
2026-04-24-07-20-44-292413,s3://rldb/processed_v3/microagi/2026-04-24-07-20-44-292413.zarr,30.0,2202.0,microagi,unpack_and_pack_metal_cup,human_bimanual
2026-04-24-07-21-59-248686,s3://rldb/processed_v3/microagi/2026-04-24-07-21-59-248686.zarr,30.0,1246.0,microagi,unpack_and_pack_metal_cup,human_bimanual
2026-04-24-07-22-42-876202,s3://rldb/processed_v3/microagi/2026-04-24-07-22-42-876202.zarr,30.0,719.0,microagi,unpack_and_pack_metal_cup,human_bimanual
2026-04-24-07-23-08-672688,s3://rldb/processed_v3/microagi/2026-04-24-07-23-08-672688.zarr,30.0,283.0,microagi,unpack_and_pack_metal_cup,human_bimanual
2026-04-24-07-23-36-468915,s3://rldb/processed_v3/microagi/2026-04-24-07-23-36-468915.zarr,30.0,474.0,microagi,unpack_brass_cup,human_bimanual
2026-04-24-07-23-52-266204,s3://rldb/processed_v3/microagi/2026-04-24-07-23-52-266204.zarr,30.0,3404.0,microagi,unpack_brass_cup,human_bimanual
2026-04-24-07-25-53-283227,s3://rldb/processed_v3/microagi/2026-04-24-07-25-53-283227.zarr,30.0,204.0,microagi,unpack_brass_cup,human_bimanual
2026-04-24-08-16-20-911767,s3://rldb/processed_v3/microagi/2026-04-24-08-16-20-911767.zarr,30.0,532.0,microagi,sort_clothes_from_drawer,human_bimanual
2026-04-24-08-16-43-758434,s3://rldb/processed_v3/microagi/2026-04-24-08-16-43-758434.zarr,30.0,251.0,microagi,sort_clothes_from_drawer,human_bimanual
2026-04-24-08-17-10-808434,s3://rldb/processed_v3/microagi/2026-04-24-08-17-10-808434.zarr,30.0,248.0,microagi,sort_clothes_from_drawer,human_bimanual
2026-04-24-08-17-29-853434,s3://rldb/processed_v3/microagi/2026-04-24-08-17-29-853434.zarr,30.0,230.0,microagi,sort_clothes_from_drawer,human_bimanual
2026-04-24-08-18-25-520719,s3://rldb/processed_v3/microagi/2026-04-24-08-18-25-520719.zarr,30.0,392.0,microagi,sort_clothes_from_drawer,human_bimanual
2026-04-24-08-19-34-096147,s3://rldb/processed_v3/microagi/2026-04-24-08-19-34-096147.zarr,30.0,240.0,microagi,sort_clothes_from_drawer,human_bimanual
2026-04-24-08-19-47-671147,s3://rldb/processed_v3/microagi/2026-04-24-08-19-47-671147.zarr,30.0,506.0,microagi,sort_clothes_from_drawer,human_bimanual
2026-04-24-11-00-40-787452,s3://rldb/processed_v3/microagi/2026-04-24-11-00-40-787452.zarr,30.0,152.0,microagi,clean_and_organize_kitchen_drawer,human_bimanual
2026-04-24-11-01-25-106387,s3://rldb/processed_v3/microagi/2026-04-24-11-01-25-106387.zarr,30.0,575.0,microagi,clean_and_organize_kitchen_drawer,human_bimanual
2026-04-24-11-01-45-233170,s3://rldb/processed_v3/microagi/2026-04-24-11-01-45-233170.zarr,30.0,364.0,microagi,clean_and_organize_kitchen_drawer,human_bimanual
2026-04-24-11-02-01-294614,s3://rldb/processed_v3/microagi/2026-04-24-11-02-01-294614.zarr,30.0,262.0,microagi,clean_and_organize_kitchen_drawer,human_bimanual
2026-04-24-11-02-15-723253,s3://rldb/processed_v3/microagi/2026-04-24-11-02-15-723253.zarr,30.0,316.0,microagi,clean_and_organize_kitchen_drawer,human_bimanual
2026-04-24-13-55-58-089983,s3://rldb/processed_v3/microagi/2026-04-24-13-55-58-089983.zarr,30.0,369.0,microagi,wash_plastic_cup,human_bimanual
2026-04-24-15-17-21-027655,s3://rldb/processed_v3/microagi/2026-04-24-15-17-21-027655.zarr,30.0,502.0,microagi,wash_plastic_cup,human_bimanual
2026-04-24-17-01-27-530822,s3://rldb/processed_v3/microagi/2026-04-24-17-01-27-530822.zarr,30.0,293.0,microagi,organize_clothes_in_drawer,human_bimanual
2026-04-24-17-03-48-616435,s3://rldb/processed_v3/microagi/2026-04-24-17-03-48-616435.zarr,30.0,706.0,microagi,organize_clothes_in_drawer,human_bimanual
2026-04-24-20-21-41-737204,s3://rldb/processed_v3/microagi/2026-04-24-20-21-41-737204.zarr,30.0,283.0,microagi,organize_dresser_drawer,human_bimanual
2026-04-24-20-23-15-128871,s3://rldb/processed_v3/microagi/2026-04-24-20-23-15-128871.zarr,30.0,287.0,microagi,organize_dresser_drawer,human_bimanual
2026-04-24-20-23-42-912386,s3://rldb/processed_v3/microagi/2026-04-24-20-23-42-912386.zarr,30.0,622.0,microagi,organize_dresser_drawer,human_bimanual
2026-04-24-20-24-04-425720,s3://rldb/processed_v3/microagi/2026-04-24-20-24-04-425720.zarr,30.0,151.0,microagi,organize_dresser_drawer,human_bimanual
2026-04-24-20-24-19-302386,s3://rldb/processed_v3/microagi/2026-04-24-20-24-19-302386.zarr,30.0,468.0,microagi,organize_dresser_drawer,human_bimanual
2026-04-24-20-24-35-345720,s3://rldb/processed_v3/microagi/2026-04-24-20-24-35-345720.zarr,30.0,202.0,microagi,organize_dresser_drawer,human_bimanual
2026-04-24-20-25-22-309053,s3://rldb/processed_v3/microagi/2026-04-24-20-25-22-309053.zarr,30.0,267.0,microagi,organize_dresser_drawer,human_bimanual
2026-04-24-20-26-09-570868,s3://rldb/processed_v3/microagi/2026-04-24-20-26-09-570868.zarr,30.0,250.0,microagi,organize_dresser_drawer,human_bimanual
2026-04-24-20-26-26-415868,s3://rldb/processed_v3/microagi/2026-04-24-20-26-26-415868.zarr,30.0,258.0,microagi,organize_dresser_drawer,human_bimanual
2026-04-24-20-26-49-629201,s3://rldb/processed_v3/microagi/2026-04-24-20-26-49-629201.zarr,30.0,190.0,microagi,organize_dresser_drawer,human_bimanual
2026-04-25-07-58-43-932208,s3://rldb/processed_v3/microagi/2026-04-25-07-58-43-932208.zarr,30.0,432.0,microagi,organize_snack_drawer,human_bimanual
2026-04-25-07-59-49-927208,s3://rldb/processed_v3/microagi/2026-04-25-07-59-49-927208.zarr,30.0,499.0,microagi,get_spoon_from_drawer,human_bimanual
2026-04-25-16-50-47-349390,s3://rldb/processed_v3/microagi/2026-04-25-16-50-47-349390.zarr,30.0,1694.0,microagi,apply_vinyl_wrap_to_cup,human_bimanual
2026-04-25-21-10-02-800713,s3://rldb/processed_v3/microagi/2026-04-25-21-10-02-800713.zarr,30.0,421.0,microagi,restock_plastic_cups,human_bimanual
2026-04-25-21-10-35-654047,s3://rldb/processed_v3/microagi/2026-04-25-21-10-35-654047.zarr,30.0,1288.0,microagi,restock_plastic_cups,human_bimanual
2026-04-25-21-11-29-652380,s3://rldb/processed_v3/microagi/2026-04-25-21-11-29-652380.zarr,30.0,158.0,microagi,restock_plastic_cups,human_bimanual
2026-04-25-21-12-45-931884,s3://rldb/processed_v3/microagi/2026-04-25-21-12-45-931884.zarr,30.0,418.0,microagi,restock_plastic_cups,human_bimanual
2026-04-26-05-55-17-581717,s3://rldb/processed_v3/microagi/2026-04-26-05-55-17-581717.zarr,30.0,165.0,microagi,organize_socks_in_drawer,human_bimanual
2026-04-26-05-56-16-458345,s3://rldb/processed_v3/microagi/2026-04-26-05-56-16-458345.zarr,30.0,152.0,microagi,organize_socks_in_drawer,human_bimanual
2026-04-26-05-56-22-626056,s3://rldb/processed_v3/microagi/2026-04-26-05-56-22-626056.zarr,30.0,269.0,microagi,organize_socks_in_drawer,human_bimanual
2026-04-26-13-49-54-853391,s3://rldb/processed_v3/microagi/2026-04-26-13-49-54-853391.zarr,30.0,260.0,microagi,iron_white_cloth_and_organize_drawer,human_bimanual
2026-04-26-13-50-29-065058,s3://rldb/processed_v3/microagi/2026-04-26-13-50-29-065058.zarr,30.0,306.0,microagi,iron_white_cloth_and_organize_drawer,human_bimanual
2026-04-26-13-50-50-771624,s3://rldb/processed_v3/microagi/2026-04-26-13-50-50-771624.zarr,30.0,499.0,microagi,iron_white_cloth_and_organize_drawer,human_bimanual
2026-04-26-13-51-33-619957,s3://rldb/processed_v3/microagi/2026-04-26-13-51-33-619957.zarr,30.0,289.0,microagi,iron_white_cloth_and_organize_drawer,human_bimanual
2026-04-26-14-20-59-226943,s3://rldb/processed_v3/microagi/2026-04-26-14-20-59-226943.zarr,30.0,204.0,microagi,wash_the_cup,human_bimanual
2026-04-26-15-06-03-905633,s3://rldb/processed_v3/microagi/2026-04-26-15-06-03-905633.zarr,30.0,560.0,microagi,organize_cutlery_drawer,human_bimanual
2026-04-26-15-11-50-306748,s3://rldb/processed_v3/microagi/2026-04-26-15-11-50-306748.zarr,30.0,293.0,microagi,organize_socks_in_drawer,human_bimanual
2026-04-26-19-50-17-633049,s3://rldb/processed_v3/microagi/2026-04-26-19-50-17-633049.zarr,30.0,415.0,microagi,organize_cutlery_drawer,human_bimanual
2026-04-27-08-03-56-129448,s3://rldb/processed_v3/microagi/2026-04-27-08-03-56-129448.zarr,30.0,1447.0,microagi,prepare_a_cup_of_coffee,human_bimanual
2026-04-27-08-04-48-447782,s3://rldb/processed_v3/microagi/2026-04-27-08-04-48-447782.zarr,30.0,772.0,microagi,prepare_a_cup_of_coffee,human_bimanual
2026-04-27-08-05-15-989448,s3://rldb/processed_v3/microagi/2026-04-27-08-05-15-989448.zarr,30.0,195.0,microagi,prepare_a_cup_of_coffee,human_bimanual
2026-04-27-08-05-26-259448,s3://rldb/processed_v3/microagi/2026-04-27-08-05-26-259448.zarr,30.0,508.0,microagi,prepare_a_cup_of_coffee,human_bimanual
2026-04-27-08-05-44-965446,s3://rldb/processed_v3/microagi/2026-04-27-08-05-44-965446.zarr,30.0,967.0,microagi,prepare_a_cup_of_coffee,human_bimanual
2026-04-27-09-03-23-531005,s3://rldb/processed_v3/microagi/2026-04-27-09-03-23-531005.zarr,30.0,352.0,microagi,organize_drawer,human_bimanual
2026-04-27-12-32-44-556559,s3://rldb/processed_v3/microagi/2026-04-27-12-32-44-556559.zarr,30.0,217.0,microagi,clean_kitchen_drawer,human_bimanual
2026-04-27-12-33-55-518226,s3://rldb/processed_v3/microagi/2026-04-27-12-33-55-518226.zarr,30.0,212.0,microagi,clean_kitchen_drawer,human_bimanual
2026-04-27-12-34-03-653616,s3://rldb/processed_v3/microagi/2026-04-27-12-34-03-653616.zarr,30.0,179.0,microagi,clean_kitchen_drawer,human_bimanual
2026-04-27-12-34-31-231949,s3://rldb/processed_v3/microagi/2026-04-27-12-34-31-231949.zarr,30.0,160.0,microagi,clean_kitchen_drawer,human_bimanual
2026-04-27-12-35-09-980283,s3://rldb/processed_v3/microagi/2026-04-27-12-35-09-980283.zarr,30.0,916.0,microagi,clean_kitchen_drawer,human_bimanual
2026-04-27-12-35-41-758616,s3://rldb/processed_v3/microagi/2026-04-27-12-35-41-758616.zarr,30.0,693.0,microagi,clean_kitchen_drawer,human_bimanual
2026-04-27-12-36-06-002240,s3://rldb/processed_v3/microagi/2026-04-27-12-36-06-002240.zarr,30.0,333.0,microagi,clean_kitchen_drawer,human_bimanual
2026-04-27-12-36-17-807240,s3://rldb/processed_v3/microagi/2026-04-27-12-36-17-807240.zarr,30.0,946.0,microagi,clean_kitchen_drawer,human_bimanual
2026-04-27-12-36-49-618907,s3://rldb/processed_v3/microagi/2026-04-27-12-36-49-618907.zarr,30.0,201.0,microagi,clean_kitchen_drawer,human_bimanual
2026-04-27-12-36-56-522240,s3://rldb/processed_v3/microagi/2026-04-27-12-36-56-522240.zarr,30.0,414.0,microagi,clean_kitchen_drawer,human_bimanual
2026-04-27-12-43-20-937603,s3://rldb/processed_v3/microagi/2026-04-27-12-43-20-937603.zarr,30.0,773.0,microagi,organize_kitchen_drawer,human_bimanual
2026-04-27-12-43-59-919337,s3://rldb/processed_v3/microagi/2026-04-27-12-43-59-919337.zarr,30.0,195.0,microagi,organize_kitchen_drawer,human_bimanual
2026-04-27-12-44-17-059337,s3://rldb/processed_v3/microagi/2026-04-27-12-44-17-059337.zarr,30.0,302.0,microagi,organize_kitchen_drawer,human_bimanual
2026-04-27-12-46-29-644418,s3://rldb/processed_v3/microagi/2026-04-27-12-46-29-644418.zarr,30.0,309.0,microagi,clean_kitchen_drawer,human_bimanual
2026-04-27-12-46-41-082751,s3://rldb/processed_v3/microagi/2026-04-27-12-46-41-082751.zarr,30.0,421.0,microagi,clean_kitchen_drawer,human_bimanual
2026-04-27-12-46-56-054418,s3://rldb/processed_v3/microagi/2026-04-27-12-46-56-054418.zarr,30.0,215.0,microagi,clean_kitchen_drawer,human_bimanual
2026-04-27-12-57-44-774217,s3://rldb/processed_v3/microagi/2026-04-27-12-57-44-774217.zarr,30.0,243.0,microagi,organize_kitchen_drawer,human_bimanual
2026-04-27-12-58-37-527492,s3://rldb/processed_v3/microagi/2026-04-27-12-58-37-527492.zarr,30.0,954.0,microagi,organize_kitchen_drawer,human_bimanual
2026-04-27-12-59-10-840825,s3://rldb/processed_v3/microagi/2026-04-27-12-59-10-840825.zarr,30.0,503.0,microagi,organize_kitchen_drawer,human_bimanual
2026-04-27-14-38-28-688593,s3://rldb/processed_v3/microagi/2026-04-27-14-38-28-688593.zarr,30.0,470.0,microagi,wash_glass_cup,human_bimanual
2026-04-27-14-41-08-924823,s3://rldb/processed_v3/microagi/2026-04-27-14-41-08-924823.zarr,30.0,439.0,microagi,wash_plastic_measuring_cup,human_bimanual
2026-04-27-14-41-39-318156,s3://rldb/processed_v3/microagi/2026-04-27-14-41-39-318156.zarr,30.0,180.0,microagi,wash_plastic_measuring_cup,human_bimanual
2026-04-27-14-41-54-931489,s3://rldb/processed_v3/microagi/2026-04-27-14-41-54-931489.zarr,30.0,269.0,microagi,wash_plastic_measuring_cup,human_bimanual
2026-04-27-17-05-46-336065,s3://rldb/processed_v3/microagi/2026-04-27-17-05-46-336065.zarr,30.0,418.0,microagi,Organize_drawer,human_bimanual
2026-04-27-18-52-20-474218,s3://rldb/processed_v3/microagi/2026-04-27-18-52-20-474218.zarr,30.0,1426.0,microagi,operate_paper_cup_machine,human_bimanual
2026-04-27-18-54-52-127378,s3://rldb/processed_v3/microagi/2026-04-27-18-54-52-127378.zarr,30.0,211.0,microagi,organize_paper_cups,human_bimanual
2026-04-27-18-54-59-697378,s3://rldb/processed_v3/microagi/2026-04-27-18-54-59-697378.zarr,30.0,158.0,microagi,organize_paper_cups,human_bimanual
2026-04-27-18-55-14-335711,s3://rldb/processed_v3/microagi/2026-04-27-18-55-14-335711.zarr,30.0,191.0,microagi,organize_paper_cups,human_bimanual
2026-04-27-18-55-30-709045,s3://rldb/processed_v3/microagi/2026-04-27-18-55-30-709045.zarr,30.0,258.0,microagi,organize_paper_cups,human_bimanual
2026-04-27-18-55-44-780711,s3://rldb/processed_v3/microagi/2026-04-27-18-55-44-780711.zarr,30.0,208.0,microagi,organize_paper_cups,human_bimanual
2026-04-27-18-55-51-917378,s3://rldb/processed_v3/microagi/2026-04-27-18-55-51-917378.zarr,30.0,192.0,microagi,organize_paper_cups,human_bimanual
2026-04-27-18-56-06-990711,s3://rldb/processed_v3/microagi/2026-04-27-18-56-06-990711.zarr,30.0,314.0,microagi,organize_paper_cups,human_bimanual
2026-04-27-18-56-22-229045,s3://rldb/processed_v3/microagi/2026-04-27-18-56-22-229045.zarr,30.0,183.0,microagi,organize_paper_cups,human_bimanual
2026-04-27-18-56-32-334045,s3://rldb/processed_v3/microagi/2026-04-27-18-56-32-334045.zarr,30.0,194.0,microagi,organize_paper_cups,human_bimanual
2026-04-27-18-57-20-853573,s3://rldb/processed_v3/microagi/2026-04-27-18-57-20-853573.zarr,30.0,209.0,microagi,organize_paper_cups,human_bimanual
2026-04-27-18-57-40-026906,s3://rldb/processed_v3/microagi/2026-04-27-18-57-40-026906.zarr,30.0,309.0,microagi,organize_paper_cups,human_bimanual
2026-04-27-18-57-54-766906,s3://rldb/processed_v3/microagi/2026-04-27-18-57-54-766906.zarr,30.0,449.0,microagi,organize_paper_cups,human_bimanual
2026-04-27-18-58-26-178573,s3://rldb/processed_v3/microagi/2026-04-27-18-58-26-178573.zarr,30.0,188.0,microagi,organize_paper_cups,human_bimanual
2026-04-27-18-58-35-048573,s3://rldb/processed_v3/microagi/2026-04-27-18-58-35-048573.zarr,30.0,200.0,microagi,organize_paper_cups,human_bimanual
2026-04-27-18-59-08-729668,s3://rldb/processed_v3/microagi/2026-04-27-18-59-08-729668.zarr,30.0,198.0,microagi,organize_paper_cups,human_bimanual
2026-04-27-18-59-38-374668,s3://rldb/processed_v3/microagi/2026-04-27-18-59-38-374668.zarr,30.0,351.0,microagi,organize_paper_cups,human_bimanual
2026-04-27-19-00-15-623001,s3://rldb/processed_v3/microagi/2026-04-27-19-00-15-623001.zarr,30.0,562.0,microagi,organize_paper_cups,human_bimanual
2026-04-27-19-00-43-333999,s3://rldb/processed_v3/microagi/2026-04-27-19-00-43-333999.zarr,30.0,153.0,microagi,organize_paper_cups,human_bimanual
2026-04-27-19-00-53-137332,s3://rldb/processed_v3/microagi/2026-04-27-19-00-53-137332.zarr,30.0,164.0,microagi,organize_paper_cups,human_bimanual
2026-04-27-19-02-57-786593,s3://rldb/processed_v3/microagi/2026-04-27-19-02-57-786593.zarr,30.0,230.0,microagi,organize_and_pack_paper_cups,human_bimanual
2026-04-27-19-04-13-349926,s3://rldb/processed_v3/microagi/2026-04-27-19-04-13-349926.zarr,30.0,278.0,microagi,organize_and_pack_paper_cups,human_bimanual
2026-04-27-19-04-24-088260,s3://rldb/processed_v3/microagi/2026-04-27-19-04-24-088260.zarr,30.0,588.0,microagi,organize_and_pack_paper_cups,human_bimanual
2026-04-27-19-04-50-830772,s3://rldb/processed_v3/microagi/2026-04-27-19-04-50-830772.zarr,30.0,204.0,microagi,organize_and_pack_paper_cups,human_bimanual
2026-04-27-19-06-53-979878,s3://rldb/processed_v3/microagi/2026-04-27-19-06-53-979878.zarr,30.0,166.0,microagi,organize_and_pack_paper_cups,human_bimanual
2026-04-27-19-07-12-319878,s3://rldb/processed_v3/microagi/2026-04-27-19-07-12-319878.zarr,30.0,219.0,microagi,organize_and_pack_paper_cups,human_bimanual
2026-04-27-19-10-07-255605,s3://rldb/processed_v3/microagi/2026-04-27-19-10-07-255605.zarr,30.0,172.0,microagi,organize_and_pack_paper_cups,human_bimanual
2026-04-27-19-11-41-459597,s3://rldb/processed_v3/microagi/2026-04-27-19-11-41-459597.zarr,30.0,187.0,microagi,operate_cup_making_machine,human_bimanual
2026-04-27-19-11-51-097930,s3://rldb/processed_v3/microagi/2026-04-27-19-11-51-097930.zarr,30.0,299.0,microagi,operate_cup_making_machine,human_bimanual
2026-04-27-19-12-07-771263,s3://rldb/processed_v3/microagi/2026-04-27-19-12-07-771263.zarr,30.0,299.0,microagi,operate_cup_making_machine,human_bimanual
2026-04-27-19-12-19-441263,s3://rldb/processed_v3/microagi/2026-04-27-19-12-19-441263.zarr,30.0,255.0,microagi,operate_cup_making_machine,human_bimanual
2026-04-27-19-12-47-720215,s3://rldb/processed_v3/microagi/2026-04-27-19-12-47-720215.zarr,30.0,414.0,microagi,operate_cup_making_machine,human_bimanual
2026-04-27-19-14-51-735760,s3://rldb/processed_v3/microagi/2026-04-27-19-14-51-735760.zarr,30.0,182.0,microagi,package_finished_cups,human_bimanual
2026-04-27-19-15-59-929094,s3://rldb/processed_v3/microagi/2026-04-27-19-15-59-929094.zarr,30.0,242.0,microagi,package_finished_cups,human_bimanual
2026-04-27-19-16-21-170760,s3://rldb/processed_v3/microagi/2026-04-27-19-16-21-170760.zarr,30.0,165.0,microagi,package_finished_cups,human_bimanual
2026-04-27-19-17-01-552994,s3://rldb/processed_v3/microagi/2026-04-27-19-17-01-552994.zarr,30.0,262.0,microagi,package_finished_cups,human_bimanual
2026-04-27-19-24-04-486226,s3://rldb/processed_v3/microagi/2026-04-27-19-24-04-486226.zarr,30.0,251.0,microagi,organize_paper_cups,human_bimanual
2026-04-27-20-28-59-706976,s3://rldb/processed_v3/microagi/2026-04-27-20-28-59-706976.zarr,30.0,172.0,microagi,pack_paper_cups_into_plastic_bags,human_bimanual
2026-04-27-20-29-12-178643,s3://rldb/processed_v3/microagi/2026-04-27-20-29-12-178643.zarr,30.0,175.0,microagi,pack_paper_cups_into_plastic_bags,human_bimanual
2026-04-27-20-33-52-754288,s3://rldb/processed_v3/microagi/2026-04-27-20-33-52-754288.zarr,30.0,201.0,microagi,refill_cup_machine,human_bimanual
2026-04-27-20-34-03-592621,s3://rldb/processed_v3/microagi/2026-04-27-20-34-03-592621.zarr,30.0,186.0,microagi,refill_cup_machine,human_bimanual
2026-04-27-20-34-29-402621,s3://rldb/processed_v3/microagi/2026-04-27-20-34-29-402621.zarr,30.0,159.0,microagi,refill_cup_machine,human_bimanual
2026-04-27-20-34-42-861379,s3://rldb/processed_v3/microagi/2026-04-27-20-34-42-861379.zarr,30.0,222.0,microagi,organize_clothes_in_drawer,human_bimanual
2026-04-27-20-35-19-117025,s3://rldb/processed_v3/microagi/2026-04-27-20-35-19-117025.zarr,30.0,282.0,microagi,organize_clothes_in_drawer,human_bimanual
2026-04-27-20-37-04-351707,s3://rldb/processed_v3/microagi/2026-04-27-20-37-04-351707.zarr,30.0,385.0,microagi,organize_clothes_in_drawer,human_bimanual
2026-04-27-21-21-37-837009,s3://rldb/processed_v3/microagi/2026-04-27-21-21-37-837009.zarr,30.0,167.0,microagi,pack_paper_cups,human_bimanual
2026-04-27-21-23-34-582275,s3://rldb/processed_v3/microagi/2026-04-27-21-23-34-582275.zarr,30.0,186.0,microagi,pack_paper_cups,human_bimanual
2026-04-28-07-59-11-165449,s3://rldb/processed_v3/microagi/2026-04-28-07-59-11-165449.zarr,30.0,208.0,microagi,wash_cup,human_bimanual
2026-04-28-15-59-02-819597,s3://rldb/processed_v3/microagi/2026-04-28-15-59-02-819597.zarr,30.0,1726.0,microagi,organize_kitchen_drawer,human_bimanual
2026-04-28-16-00-01-989597,s3://rldb/processed_v3/microagi/2026-04-28-16-00-01-989597.zarr,30.0,763.0,microagi,organize_kitchen_drawer,human_bimanual
2026-04-28-16-00-30-139561,s3://rldb/processed_v3/microagi/2026-04-28-16-00-30-139561.zarr,30.0,207.0,microagi,organize_kitchen_drawer,human_bimanual
2026-04-28-16-00-40-612895,s3://rldb/processed_v3/microagi/2026-04-28-16-00-40-612895.zarr,30.0,516.0,microagi,organize_kitchen_drawer,human_bimanual
2026-04-28-16-01-00-324561,s3://rldb/processed_v3/microagi/2026-04-28-16-01-00-324561.zarr,30.0,339.0,microagi,organize_kitchen_drawer,human_bimanual
2026-04-28-16-01-15-834561,s3://rldb/processed_v3/microagi/2026-04-28-16-01-15-834561.zarr,30.0,275.0,microagi,organize_kitchen_drawer,human_bimanual
2026-04-28-16-01-27-574561,s3://rldb/processed_v3/microagi/2026-04-28-16-01-27-574561.zarr,30.0,697.0,microagi,organize_kitchen_drawer,human_bimanual
2026-04-28-18-02-57-392449,s3://rldb/processed_v3/microagi/2026-04-28-18-02-57-392449.zarr,30.0,174.0,microagi,inspect_and_stack_paper_cups,human_bimanual
2026-04-28-18-03-04-627449,s3://rldb/processed_v3/microagi/2026-04-28-18-03-04-627449.zarr,30.0,168.0,microagi,inspect_and_stack_paper_cups,human_bimanual
2026-04-28-18-03-11-964116,s3://rldb/processed_v3/microagi/2026-04-28-18-03-11-964116.zarr,30.0,421.0,microagi,inspect_and_stack_paper_cups,human_bimanual
2026-04-28-18-03-48-545395,s3://rldb/processed_v3/microagi/2026-04-28-18-03-48-545395.zarr,30.0,182.0,microagi,inspect_and_stack_paper_cups,human_bimanual
2026-04-28-18-10-45-313628,s3://rldb/processed_v3/microagi/2026-04-28-18-10-45-313628.zarr,30.0,160.0,microagi,organize_clothes_in_drawer,human_bimanual
2026-04-28-18-11-14-638053,s3://rldb/processed_v3/microagi/2026-04-28-18-11-14-638053.zarr,30.0,250.0,microagi,organize_clothes_in_drawer,human_bimanual
2026-04-28-18-11-41-329931,s3://rldb/processed_v3/microagi/2026-04-28-18-11-41-329931.zarr,30.0,177.0,microagi,organize_clothes_in_drawer,human_bimanual
2026-04-28-18-11-53-826140,s3://rldb/processed_v3/microagi/2026-04-28-18-11-53-826140.zarr,30.0,331.0,microagi,organize_clothes_in_drawer,human_bimanual
2026-04-28-18-14-19-000000,s3://rldb/processed_v3/aria/2026-04-28-18-14-19-000000.zarr,30.0,4100.0,rl2,fold_clothes_success,human_bimanual
2026-04-28-18-19-54-000000,s3://rldb/processed_v3/aria/2026-04-28-18-19-54-000000.zarr,30.0,3887.0,rl2,fold_clothes_success,human_bimanual
2026-04-28-18-25-17-000000,s3://rldb/processed_v3/aria/2026-04-28-18-25-17-000000.zarr,30.0,4155.0,rl2,fold_clothes_success,human_bimanual
2026-04-28-18-30-48-000000,s3://rldb/processed_v3/aria/2026-04-28-18-30-48-000000.zarr,30.0,4185.0,rl2,fold_clothes_success,human_bimanual
2026-04-28-18-31-41-836084,s3://rldb/processed_v3/microagi/2026-04-28-18-31-41-836084.zarr,30.0,235.0,microagi,Pack_paper_cups,human_bimanual
2026-04-28-18-31-57-876084,s3://rldb/processed_v3/microagi/2026-04-28-18-31-57-876084.zarr,30.0,425.0,microagi,Pack_paper_cups,human_bimanual
2026-04-28-18-32-17-549418,s3://rldb/processed_v3/microagi/2026-04-28-18-32-17-549418.zarr,30.0,228.0,microagi,Pack_paper_cups,human_bimanual
2026-04-28-18-32-53-231084,s3://rldb/processed_v3/microagi/2026-04-28-18-32-53-231084.zarr,30.0,344.0,microagi,Pack_paper_cups,human_bimanual
2026-04-28-18-33-28-210071,s3://rldb/processed_v3/microagi/2026-04-28-18-33-28-210071.zarr,30.0,196.0,microagi,Pack_paper_cups,human_bimanual
2026-04-28-18-34-05-325071,s3://rldb/processed_v3/microagi/2026-04-28-18-34-05-325071.zarr,30.0,342.0,microagi,Pack_paper_cups,human_bimanual
2026-04-28-18-34-30-701737,s3://rldb/processed_v3/microagi/2026-04-28-18-34-30-701737.zarr,30.0,153.0,microagi,Operate_cup_making_machine,human_bimanual
2026-04-28-18-34-46-208404,s3://rldb/processed_v3/microagi/2026-04-28-18-34-46-208404.zarr,30.0,255.0,microagi,Pack_paper_cups,human_bimanual
2026-04-28-18-36-23-012301,s3://rldb/processed_v3/microagi/2026-04-28-18-36-23-012301.zarr,30.0,273.0,microagi,Pack_paper_cups,human_bimanual
2026-04-28-18-36-44-420634,s3://rldb/processed_v3/microagi/2026-04-28-18-36-44-420634.zarr,30.0,207.0,microagi,Pack_paper_cups,human_bimanual
2026-04-28-18-36-51-857301,s3://rldb/processed_v3/microagi/2026-04-28-18-36-51-857301.zarr,30.0,182.0,microagi,Pack_paper_cups,human_bimanual
2026-04-28-18-37-37-376176,s3://rldb/processed_v3/microagi/2026-04-28-18-37-37-376176.zarr,30.0,160.0,microagi,Refill_cup_dispenser,human_bimanual
2026-04-28-18-39-06-711176,s3://rldb/processed_v3/microagi/2026-04-28-18-39-06-711176.zarr,30.0,318.0,microagi,Final_cup_bagging,human_bimanual
2026-04-28-18-40-16-000000,s3://rldb/processed_v3/aria/2026-04-28-18-40-16-000000.zarr,30.0,3753.0,rl2,fold_clothes_success,human_bimanual
2026-04-28-18-40-55-253378,s3://rldb/processed_v3/microagi/2026-04-28-18-40-55-253378.zarr,30.0,154.0,microagi,Cup_quality_control_and_sorting,human_bimanual
2026-04-28-18-41-13-827200,s3://rldb/processed_v3/microagi/2026-04-28-18-41-13-827200.zarr,30.0,671.0,microagi,Cup_quality_control_and_sorting,human_bimanual
2026-04-28-18-41-57-210533,s3://rldb/processed_v3/microagi/2026-04-28-18-41-57-210533.zarr,30.0,462.0,microagi,organize_and_pack_paper_cups,human_bimanual
2026-04-28-18-42-17-452200,s3://rldb/processed_v3/microagi/2026-04-28-18-42-17-452200.zarr,30.0,304.0,microagi,organize_and_pack_paper_cups,human_bimanual
2026-04-28-18-43-19-476014,s3://rldb/processed_v3/microagi/2026-04-28-18-43-19-476014.zarr,30.0,197.0,microagi,pack_paper_cups_into_bags,human_bimanual
2026-04-28-18-44-07-929348,s3://rldb/processed_v3/microagi/2026-04-28-18-44-07-929348.zarr,30.0,252.0,microagi,pack_paper_cups_into_bags,human_bimanual
2026-04-28-18-44-42-976014,s3://rldb/processed_v3/microagi/2026-04-28-18-44-42-976014.zarr,30.0,338.0,microagi,pack_paper_cups_into_bags,human_bimanual
2026-04-28-18-44-55-047681,s3://rldb/processed_v3/microagi/2026-04-28-18-44-55-047681.zarr,30.0,174.0,microagi,pack_paper_cups_into_bags,human_bimanual
2026-04-28-18-45-01-049348,s3://rldb/processed_v3/microagi/2026-04-28-18-45-01-049348.zarr,30.0,173.0,microagi,pack_paper_cups_into_bags,human_bimanual
2026-04-28-18-45-13-954848,s3://rldb/processed_v3/microagi/2026-04-28-18-45-13-954848.zarr,30.0,246.0,microagi,pack_paper_cups_into_bags,human_bimanual
2026-04-28-18-45-24-293181,s3://rldb/processed_v3/microagi/2026-04-28-18-45-24-293181.zarr,30.0,305.0,microagi,pack_paper_cups_into_bags,human_bimanual
2026-04-28-18-45-47-368181,s3://rldb/processed_v3/microagi/2026-04-28-18-45-47-368181.zarr,30.0,152.0,microagi,refill_paper_cup_machine,human_bimanual
2026-04-28-18-46-02-239848,s3://rldb/processed_v3/microagi/2026-04-28-18-46-02-239848.zarr,30.0,208.0,microagi,pack_paper_cups_into_bags,human_bimanual
2026-04-28-18-46-10-343181,s3://rldb/processed_v3/microagi/2026-04-28-18-46-10-343181.zarr,30.0,321.0,microagi,pack_paper_cups_into_bags,human_bimanual
2026-04-28-18-46-49-826514,s3://rldb/processed_v3/microagi/2026-04-28-18-46-49-826514.zarr,30.0,415.0,microagi,pack_paper_cups_into_bags,human_bimanual
2026-04-28-18-47-30-241962,s3://rldb/processed_v3/microagi/2026-04-28-18-47-30-241962.zarr,30.0,183.0,microagi,pack_paper_cups_into_bags,human_bimanual
2026-04-28-18-47-45-315295,s3://rldb/processed_v3/microagi/2026-04-28-18-47-45-315295.zarr,30.0,152.0,microagi,pack_paper_cups_into_bags,human_bimanual
2026-04-28-18-48-00-586962,s3://rldb/processed_v3/microagi/2026-04-28-18-48-00-586962.zarr,30.0,784.0,microagi,pour_water_into_cups,human_bimanual
2026-04-28-18-48-25-000000,s3://rldb/processed_v3/aria/2026-04-28-18-48-25-000000.zarr,30.0,4005.0,rl2,fold_clothes_success,human_bimanual
2026-04-28-18-50-15-207405,s3://rldb/processed_v3/microagi/2026-04-28-18-50-15-207405.zarr,30.0,988.0,microagi,organize_paper_cups,human_bimanual
2026-04-28-18-50-55-189072,s3://rldb/processed_v3/microagi/2026-04-28-18-50-55-189072.zarr,30.0,319.0,microagi,organize_paper_cups,human_bimanual
2026-04-28-18-51-06-094072,s3://rldb/processed_v3/microagi/2026-04-28-18-51-06-094072.zarr,30.0,185.0,microagi,organize_paper_cups,human_bimanual
2026-04-28-18-51-40-239477,s3://rldb/processed_v3/microagi/2026-04-28-18-51-40-239477.zarr,30.0,655.0,microagi,operate_cup_making_machine,human_bimanual
2026-04-28-18-52-13-619477,s3://rldb/processed_v3/microagi/2026-04-28-18-52-13-619477.zarr,30.0,151.0,microagi,operate_cup_making_machine,human_bimanual
2026-04-28-18-52-25-691143,s3://rldb/processed_v3/microagi/2026-04-28-18-52-25-691143.zarr,30.0,289.0,microagi,operate_cup_making_machine,human_bimanual
2026-04-28-18-52-49-867810,s3://rldb/processed_v3/microagi/2026-04-28-18-52-49-867810.zarr,30.0,232.0,microagi,operate_cup_making_machine,human_bimanual
2026-04-28-18-53-29-583207,s3://rldb/processed_v3/microagi/2026-04-28-18-53-29-583207.zarr,30.0,254.0,microagi,operate_cup_making_machine,human_bimanual
2026-04-28-18-54-10-364874,s3://rldb/processed_v3/microagi/2026-04-28-18-54-10-364874.zarr,30.0,393.0,microagi,operate_cup_making_machine,human_bimanual
2026-04-28-19-00-51-000000,s3://rldb/processed_v3/aria/2026-04-28-19-00-51-000000.zarr,30.0,3826.0,rl2,fold_clothes_success,human_bimanual
2026-04-28-19-02-37-385053,s3://rldb/processed_v3/microagi/2026-04-28-19-02-37-385053.zarr,30.0,218.0,microagi,organize_paper_cups,human_bimanual
2026-04-28-19-03-01-828387,s3://rldb/processed_v3/microagi/2026-04-28-19-03-01-828387.zarr,30.0,160.0,microagi,organize_paper_cups,human_bimanual
2026-04-28-19-03-07-496720,s3://rldb/processed_v3/microagi/2026-04-28-19-03-07-496720.zarr,30.0,904.0,microagi,organize_paper_cups,human_bimanual
2026-04-28-19-03-38-341720,s3://rldb/processed_v3/microagi/2026-04-28-19-03-38-341720.zarr,30.0,573.0,microagi,organize_paper_cups,human_bimanual
2026-04-28-19-05-17-880880,s3://rldb/processed_v3/microagi/2026-04-28-19-05-17-880880.zarr,30.0,733.0,microagi,final_cup_stack_adjustment,human_bimanual
2026-04-28-19-05-47-625880,s3://rldb/processed_v3/microagi/2026-04-28-19-05-47-625880.zarr,30.0,167.0,microagi,package_paper_cups,human_bimanual
2026-04-28-19-06-00-097547,s3://rldb/processed_v3/microagi/2026-04-28-19-06-00-097547.zarr,30.0,215.0,microagi,package_paper_cups,human_bimanual
2026-04-28-19-06-08-267547,s3://rldb/processed_v3/microagi/2026-04-28-19-06-08-267547.zarr,30.0,218.0,microagi,package_paper_cups,human_bimanual
2026-04-28-19-06-16-404214,s3://rldb/processed_v3/microagi/2026-04-28-19-06-16-404214.zarr,30.0,461.0,microagi,package_paper_cups,human_bimanual
2026-04-28-19-06-31-909928,s3://rldb/processed_v3/microagi/2026-04-28-19-06-31-909928.zarr,30.0,280.0,microagi,package_paper_cups,human_bimanual
2026-04-28-19-06-47-616595,s3://rldb/processed_v3/microagi/2026-04-28-19-06-47-616595.zarr,30.0,155.0,microagi,package_paper_cups,human_bimanual
2026-04-28-19-06-52-984928,s3://rldb/processed_v3/microagi/2026-04-28-19-06-52-984928.zarr,30.0,224.0,microagi,package_paper_cups,human_bimanual
2026-04-28-19-07-00-654928,s3://rldb/processed_v3/microagi/2026-04-28-19-07-00-654928.zarr,30.0,163.0,microagi,package_paper_cups,human_bimanual
2026-04-28-19-07-08-791595,s3://rldb/processed_v3/microagi/2026-04-28-19-07-08-791595.zarr,30.0,327.0,microagi,package_paper_cups,human_bimanual
2026-04-28-19-07-25-231595,s3://rldb/processed_v3/microagi/2026-04-28-19-07-25-231595.zarr,30.0,1064.0,microagi,package_paper_cups,human_bimanual
2026-04-28-19-08-01-046595,s3://rldb/processed_v3/microagi/2026-04-28-19-08-01-046595.zarr,30.0,617.0,microagi,package_paper_cups,human_bimanual
2026-04-28-19-08-21-953896,s3://rldb/processed_v3/microagi/2026-04-28-19-08-21-953896.zarr,30.0,420.0,microagi,package_paper_cups,human_bimanual
2026-04-28-19-09-02-637229,s3://rldb/processed_v3/microagi/2026-04-28-19-09-02-637229.zarr,30.0,385.0,microagi,package_paper_cups,human_bimanual
2026-04-28-19-09-37-383896,s3://rldb/processed_v3/microagi/2026-04-28-19-09-37-383896.zarr,30.0,218.0,microagi,operate_cup_making_machine,human_bimanual
2026-04-28-19-10-13-698896,s3://rldb/processed_v3/microagi/2026-04-28-19-10-13-698896.zarr,30.0,218.0,microagi,package_paper_cups,human_bimanual
2026-04-28-19-10-47-000000,s3://rldb/processed_v3/aria/2026-04-28-19-10-47-000000.zarr,30.0,4436.0,rl2,fold_clothes_success,human_bimanual
2026-04-28-19-10-56-314480,s3://rldb/processed_v3/microagi/2026-04-28-19-10-56-314480.zarr,30.0,229.0,microagi,Pack_paper_cups_into_plastic_bag,human_bimanual
2026-04-28-19-11-30-327814,s3://rldb/processed_v3/microagi/2026-04-28-19-11-30-327814.zarr,30.0,216.0,microagi,Pack_paper_cups_into_plastic_bag_again,human_bimanual
2026-04-28-19-11-55-404480,s3://rldb/processed_v3/microagi/2026-04-28-19-11-55-404480.zarr,30.0,278.0,microagi,Prepare_and_load_paper_cup_blanks_third_time,human_bimanual
2026-04-28-19-12-10-311147,s3://rldb/processed_v3/microagi/2026-04-28-19-12-10-311147.zarr,30.0,234.0,microagi,Pack_paper_cups_into_plastic_bag_third_time,human_bimanual
2026-04-28-19-12-28-318368,s3://rldb/processed_v3/microagi/2026-04-28-19-12-28-318368.zarr,30.0,154.0,microagi,Pack_paper_cups_into_plastic_bag_fourth_time,human_bimanual
2026-04-28-19-12-48-325034,s3://rldb/processed_v3/microagi/2026-04-28-19-12-48-325034.zarr,30.0,209.0,microagi,Pack_paper_cups_into_plastic_bag_fifth_time,human_bimanual
2026-04-28-19-13-28-308368,s3://rldb/processed_v3/microagi/2026-04-28-19-13-28-308368.zarr,30.0,170.0,microagi,package_paper_cups,human_bimanual
2026-04-28-19-13-41-180034,s3://rldb/processed_v3/microagi/2026-04-28-19-13-41-180034.zarr,30.0,178.0,microagi,package_paper_cups,human_bimanual
2026-04-28-19-14-16-326701,s3://rldb/processed_v3/microagi/2026-04-28-19-14-16-326701.zarr,30.0,225.0,microagi,inspect_and_package_paper_cups,human_bimanual
2026-04-28-19-15-01-243924,s3://rldb/processed_v3/microagi/2026-04-28-19-15-01-243924.zarr,30.0,349.0,microagi,inspect_and_package_paper_cups,human_bimanual
2026-04-28-19-15-19-485590,s3://rldb/processed_v3/microagi/2026-04-28-19-15-19-485590.zarr,30.0,719.0,microagi,quality_check_paper_cups,human_bimanual
2026-04-28-19-16-16-573924,s3://rldb/processed_v3/microagi/2026-04-28-19-16-16-573924.zarr,30.0,370.0,microagi,prepare_cup_packaging,human_bimanual
2026-04-28-19-16-22-000000,s3://rldb/processed_v3/aria/2026-04-28-19-16-22-000000.zarr,30.0,4221.0,rl2,fold_clothes_success,human_bimanual
2026-04-28-19-19-03-573250,s3://rldb/processed_v3/microagi/2026-04-28-19-19-03-573250.zarr,30.0,264.0,microagi,pack_paper_cups_into_box,human_bimanual
2026-04-28-19-21-54-000000,s3://rldb/processed_v3/aria/2026-04-28-19-21-54-000000.zarr,30.0,4027.0,rl2,fold_clothes_success,human_bimanual
2026-04-28-19-27-21-000000,s3://rldb/processed_v3/aria/2026-04-28-19-27-21-000000.zarr,30.0,4118.0,rl2,fold_clothes_success,human_bimanual
2026-04-28-19-32-52-000000,s3://rldb/processed_v3/aria/2026-04-28-19-32-52-000000.zarr,30.0,4245.0,rl2,fold_clothes_success,human_bimanual
2026-04-28-20-01-00-000000,s3://rldb/processed_v3/aria/2026-04-28-20-01-00-000000.zarr,30.0,4012.0,rl2,fold_clothes_success,human_bimanual
2026-04-28-20-06-20-000000,s3://rldb/processed_v3/aria/2026-04-28-20-06-20-000000.zarr,30.0,4445.0,rl2,fold_clothes_success,human_bimanual
2026-04-28-20-17-22-000000,s3://rldb/processed_v3/aria/2026-04-28-20-17-22-000000.zarr,30.0,4562.0,rl2,fold_clothes_success,human_bimanual
2026-04-28-20-34-47-000000,s3://rldb/processed_v3/aria/2026-04-28-20-34-47-000000.zarr,30.0,2223.0,rl2,fold_clothes_success,human_bimanual
2026-04-28-20-42-17-000000,s3://rldb/processed_v3/aria/2026-04-28-20-42-17-000000.zarr,30.0,4179.0,rl2,fold_clothes_success,human_bimanual
2026-04-28-20-48-19-000000,s3://rldb/processed_v3/aria/2026-04-28-20-48-19-000000.zarr,30.0,4210.0,rl2,fold_clothes_success,human_bimanual
2026-04-28-20-53-48-000000,s3://rldb/processed_v3/aria/2026-04-28-20-53-48-000000.zarr,30.0,4509.0,rl2,fold_clothes_success,human_bimanual
2026-04-28-20-59-08-000000,s3://rldb/processed_v3/aria/2026-04-28-20-59-08-000000.zarr,30.0,4731.0,rl2,fold_clothes_success,human_bimanual
2026-04-28-21-01-28-546577,s3://rldb/processed_v3/microagi/2026-04-28-21-01-28-546577.zarr,30.0,577.0,microagi,organize_and_pack_paper_cups,human_bimanual
2026-04-28-21-01-54-023244,s3://rldb/processed_v3/microagi/2026-04-28-21-01-54-023244.zarr,30.0,339.0,microagi,organize_and_pack_paper_cups,human_bimanual
2026-04-28-21-02-14-198244,s3://rldb/processed_v3/microagi/2026-04-28-21-02-14-198244.zarr,30.0,193.0,microagi,organize_and_pack_paper_cups,human_bimanual
2026-04-28-21-02-21-466577,s3://rldb/processed_v3/microagi/2026-04-28-21-02-21-466577.zarr,30.0,207.0,microagi,organize_and_pack_paper_cups,human_bimanual
2026-04-28-21-02-29-169910,s3://rldb/processed_v3/microagi/2026-04-28-21-02-29-169910.zarr,30.0,748.0,microagi,organize_and_pack_paper_cups,human_bimanual
2026-04-28-21-03-16-988940,s3://rldb/processed_v3/microagi/2026-04-28-21-03-16-988940.zarr,30.0,1242.0,microagi,organize_and_pack_paper_cups,human_bimanual
2026-04-28-21-03-58-538940,s3://rldb/processed_v3/microagi/2026-04-28-21-03-58-538940.zarr,30.0,382.0,microagi,pack_paper_cups,human_bimanual
2026-04-28-21-04-25-000000,s3://rldb/processed_v3/aria/2026-04-28-21-04-25-000000.zarr,30.0,4834.0,rl2,fold_clothes_success,human_bimanual
2026-04-28-21-04-27-217273,s3://rldb/processed_v3/microagi/2026-04-28-21-04-27-217273.zarr,30.0,267.0,microagi,refill_cup_machine,human_bimanual
2026-04-28-21-04-42-555606,s3://rldb/processed_v3/microagi/2026-04-28-21-04-42-555606.zarr,30.0,486.0,microagi,pack_paper_cups,human_bimanual
2026-04-28-21-04-58-895606,s3://rldb/processed_v3/microagi/2026-04-28-21-04-58-895606.zarr,30.0,164.0,microagi,pack_paper_cups,human_bimanual
2026-04-28-21-05-08-632273,s3://rldb/processed_v3/microagi/2026-04-28-21-05-08-632273.zarr,30.0,577.0,microagi,pack_paper_cups,human_bimanual
2026-04-28-21-05-52-549508,s3://rldb/processed_v3/microagi/2026-04-28-21-05-52-549508.zarr,30.0,530.0,microagi,pack_paper_cups,human_bimanual
2026-04-28-21-06-10-391175,s3://rldb/processed_v3/microagi/2026-04-28-21-06-10-391175.zarr,30.0,601.0,microagi,pack_paper_cups,human_bimanual
2026-04-28-21-06-32-299508,s3://rldb/processed_v3/microagi/2026-04-28-21-06-32-299508.zarr,30.0,193.0,microagi,pack_paper_cups,human_bimanual
2026-04-28-21-10-23-823845,s3://rldb/processed_v3/microagi/2026-04-28-21-10-23-823845.zarr,30.0,210.0,microagi,pack_paper_cups,human_bimanual
2026-04-28-21-10-35-662178,s3://rldb/processed_v3/microagi/2026-04-28-21-10-35-662178.zarr,30.0,347.0,microagi,pack_paper_cups,human_bimanual
2026-04-28-21-11-23-547613,s3://rldb/processed_v3/microagi/2026-04-28-21-11-23-547613.zarr,30.0,625.0,microagi,pack_paper_cups,human_bimanual
2026-04-28-21-12-40-544279,s3://rldb/processed_v3/microagi/2026-04-28-21-12-40-544279.zarr,30.0,194.0,microagi,pack_paper_cups,human_bimanual
2026-04-28-21-13-08-420946,s3://rldb/processed_v3/microagi/2026-04-28-21-13-08-420946.zarr,30.0,508.0,microagi,pack_paper_cups,human_bimanual
2026-04-28-21-15-18-105121,s3://rldb/processed_v3/microagi/2026-04-28-21-15-18-105121.zarr,30.0,168.0,microagi,package_paper_cups,human_bimanual
2026-04-28-21-15-23-975121,s3://rldb/processed_v3/microagi/2026-04-28-21-15-23-975121.zarr,30.0,485.0,microagi,package_paper_cups,human_bimanual
2026-04-28-21-16-34-535121,s3://rldb/processed_v3/microagi/2026-04-28-21-16-34-535121.zarr,30.0,168.0,microagi,package_paper_cups,human_bimanual
2026-04-28-21-16-40-471788,s3://rldb/processed_v3/microagi/2026-04-28-21-16-40-471788.zarr,30.0,206.0,microagi,package_paper_cups,human_bimanual
2026-04-28-21-17-59-535503,s3://rldb/processed_v3/microagi/2026-04-28-21-17-59-535503.zarr,30.0,152.0,microagi,pack_paper_cups_into_box,human_bimanual
2026-04-28-21-19-28-637556,s3://rldb/processed_v3/microagi/2026-04-28-21-19-28-637556.zarr,30.0,428.0,microagi,pack_paper_cups_into_box,human_bimanual
2026-04-28-21-20-21-457556,s3://rldb/processed_v3/microagi/2026-04-28-21-20-21-457556.zarr,30.0,166.0,microagi,finish_packing_cups,human_bimanual
2026-04-28-21-21-38-021255,s3://rldb/processed_v3/microagi/2026-04-28-21-21-38-021255.zarr,30.0,234.0,microagi,pack_third_batch_of_cups,human_bimanual
2026-04-29-01-38-00-425692,s3://rldb/processed_v3/microagi/2026-04-29-01-38-00-425692.zarr,30.0,179.0,microagi,organize_clothes_in_drawer,human_bimanual
2026-04-29-01-38-10-355792,s3://rldb/processed_v3/microagi/2026-04-29-01-38-10-355792.zarr,30.0,245.0,microagi,organize_clothes_in_drawer,human_bimanual
2026-04-29-01-38-22-985020,s3://rldb/processed_v3/microagi/2026-04-29-01-38-22-985020.zarr,30.0,736.0,microagi,organize_clothes_in_drawer,human_bimanual
2026-04-29-02-33-57-174518,s3://rldb/processed_v3/microagi/2026-04-29-02-33-57-174518.zarr,30.0,796.0,microagi,organize_drawer_and_bag,human_bimanual
2026-04-29-02-34-54-331140,s3://rldb/processed_v3/microagi/2026-04-29-02-34-54-331140.zarr,30.0,352.0,microagi,organize_drawer_and_bag,human_bimanual
2026-04-29-02-35-06-732307,s3://rldb/processed_v3/microagi/2026-04-29-02-35-06-732307.zarr,30.0,141.0,microagi,organize_drawer_and_bag,human_bimanual
2026-04-29-02-35-14-933758,s3://rldb/processed_v3/microagi/2026-04-29-02-35-14-933758.zarr,30.0,233.0,microagi,organize_drawer_and_bag,human_bimanual
2026-04-29-02-35-40-369907,s3://rldb/processed_v3/microagi/2026-04-29-02-35-40-369907.zarr,30.0,155.0,microagi,organize_drawer_and_bag,human_bimanual
2026-04-29-02-35-45-937118,s3://rldb/processed_v3/microagi/2026-04-29-02-35-45-937118.zarr,30.0,365.0,microagi,organize_drawer_and_bag,human_bimanual
2026-04-29-02-36-44-884878,s3://rldb/processed_v3/microagi/2026-04-29-02-36-44-884878.zarr,30.0,429.0,microagi,organize_drawer_and_bag,human_bimanual
2026-04-29-02-37-35-990123,s3://rldb/processed_v3/microagi/2026-04-29-02-37-35-990123.zarr,30.0,972.0,microagi,organize_drawer_and_bag,human_bimanual
2026-04-29-18-27-32-946566,s3://rldb/processed_v3/microagi/2026-04-29-18-27-32-946566.zarr,30.0,554.0,microagi,organize_cutlery_drawer,human_bimanual
2026-04-29-18-27-52-789899,s3://rldb/processed_v3/microagi/2026-04-29-18-27-52-789899.zarr,30.0,455.0,microagi,organize_cutlery_drawer,human_bimanual
2026-04-29-18-30-46-133453,s3://rldb/processed_v3/microagi/2026-04-29-18-30-46-133453.zarr,30.0,286.0,microagi,organize_kitchen_drawer,human_bimanual
2026-04-29-18-32-12-785733,s3://rldb/processed_v3/microagi/2026-04-29-18-32-12-785733.zarr,30.0,317.0,microagi,organize_kitchen_drawer,human_bimanual
2026-04-30-02-26-48-129480,s3://rldb/processed_v3/microagi/2026-04-30-02-26-48-129480.zarr,30.0,305.0,microagi,organize_clothes_in_drawer,human_bimanual
2026-04-30-09-17-09-518391,s3://rldb/processed_v3/scale/2026-04-30-09-17-09-518391.zarr/,30.0,511.0,scale,freeform_placing_utensils_into_a_drawer,human_left_arm
2026-04-30-10-01-30-926957,s3://rldb/processed_v3/scale/2026-04-30-10-01-30-926957.zarr/,30.0,708.0,scale,freeform_placing_utensils_into_a_drawer,human_right_arm
2026-04-30-10-02-46-880680,s3://rldb/processed_v3/scale/2026-04-30-10-02-46-880680.zarr/,30.0,711.0,scale,freeform_placing_utensils_into_a_drawer,human_right_arm
2026-04-30-10-10-42-093235,s3://rldb/processed_v3/scale/2026-04-30-10-10-42-093235.zarr/,30.0,504.0,scale,freeform_placing_utensils_into_a_drawer,human_left_arm
2026-04-30-10-13-20-775456,s3://rldb/processed_v3/scale/2026-04-30-10-13-20-775456.zarr/,30.0,986.0,scale,freeform_placing_utensils_into_a_drawer,human_left_arm
2026-04-30-10-14-27-845489,s3://rldb/processed_v3/scale/2026-04-30-10-14-27-845489.zarr/,30.0,480.0,scale,freeform_placing_utensils_into_a_drawer,human_left_arm
2026-04-30-10-52-27-599873,s3://rldb/processed_v3/scale/2026-04-30-10-52-27-599873.zarr/,30.0,1003.0,scale,freeform_placing_utensils_into_a_drawer,human_left_arm
2026-04-30-15-01-48-455560,s3://rldb/processed_v3/microagi/2026-04-30-15-01-48-455560.zarr,30.0,322.0,microagi,put_away_items_in_drawer,human_bimanual
2026-04-30-19-00-11-598071,s3://rldb/processed_v3/microagi/2026-04-30-19-00-11-598071.zarr,30.0,192.0,microagi,organize_clothes_in_drawer,human_bimanual
2026-04-30-19-00-25-106404,s3://rldb/processed_v3/microagi/2026-04-30-19-00-25-106404.zarr,30.0,151.0,microagi,organize_clothes_in_drawer,human_bimanual
2026-04-30-19-00-47-051404,s3://rldb/processed_v3/microagi/2026-04-30-19-00-47-051404.zarr,30.0,211.0,microagi,organize_clothes_in_drawer,human_bimanual
2026-04-30-19-04-27-439609,s3://rldb/processed_v3/microagi/2026-04-30-19-04-27-439609.zarr,30.0,215.0,microagi,organize_clothes_in_drawer,human_bimanual
2026-04-30-19-05-36-076275,s3://rldb/processed_v3/microagi/2026-04-30-19-05-36-076275.zarr,30.0,304.0,microagi,organize_clothes_in_drawer,human_bimanual
2026-04-30-19-05-52-518670,s3://rldb/processed_v3/microagi/2026-04-30-19-05-52-518670.zarr,30.0,367.0,microagi,organize_clothes_in_drawer,human_bimanual
2026-04-30-19-06-12-063670,s3://rldb/processed_v3/microagi/2026-04-30-19-06-12-063670.zarr,30.0,184.0,microagi,organize_clothes_in_drawer,human_bimanual
2026-04-30-19-07-02-590336,s3://rldb/processed_v3/microagi/2026-04-30-19-07-02-590336.zarr,30.0,234.0,microagi,organize_clothes_in_drawer,human_bimanual
2026-04-30-19-07-40-911058,s3://rldb/processed_v3/microagi/2026-04-30-19-07-40-911058.zarr,30.0,197.0,microagi,organize_clothes_in_drawer,human_bimanual
2026-04-30-19-09-45-846768,s3://rldb/processed_v3/microagi/2026-04-30-19-09-45-846768.zarr,30.0,188.0,microagi,organize_clothes_in_drawer,human_bimanual
2026-04-30-19-10-12-828435,s3://rldb/processed_v3/microagi/2026-04-30-19-10-12-828435.zarr,30.0,310.0,microagi,organize_clothes_in_drawer,human_bimanual
2026-04-30-19-11-01-321768,s3://rldb/processed_v3/microagi/2026-04-30-19-11-01-321768.zarr,30.0,561.0,microagi,organize_clothes_in_drawer,human_bimanual
2026-04-30-19-11-36-606768,s3://rldb/processed_v3/microagi/2026-04-30-19-11-36-606768.zarr,30.0,238.0,microagi,organize_clothes_in_drawer,human_bimanual
2026-04-30-19-11-49-214116,s3://rldb/processed_v3/microagi/2026-04-30-19-11-49-214116.zarr,30.0,213.0,microagi,organize_clothes_in_drawer,human_bimanual
2026-04-30-19-11-57-352449,s3://rldb/processed_v3/microagi/2026-04-30-19-11-57-352449.zarr,30.0,497.0,microagi,organize_clothes_in_drawer,human_bimanual
2026-04-30-19-12-15-562449,s3://rldb/processed_v3/microagi/2026-04-30-19-12-15-562449.zarr,30.0,212.0,microagi,organize_clothes_in_drawer,human_bimanual
2026-04-30-19-12-24-000782,s3://rldb/processed_v3/microagi/2026-04-30-19-12-24-000782.zarr,30.0,249.0,microagi,organize_clothes_in_drawer,human_bimanual
2026-04-30-19-12-39-442449,s3://rldb/processed_v3/microagi/2026-04-30-19-12-39-442449.zarr,30.0,384.0,microagi,organize_clothes_in_drawer,human_bimanual
2026-04-30-19-14-03-488129,s3://rldb/processed_v3/microagi/2026-04-30-19-14-03-488129.zarr,30.0,277.0,microagi,organize_clothes_in_drawer,human_bimanual
2026-04-30-19-14-17-328129,s3://rldb/processed_v3/microagi/2026-04-30-19-14-17-328129.zarr,30.0,227.0,microagi,organize_clothes_in_drawer,human_bimanual
2026-04-30-19-14-25-166462,s3://rldb/processed_v3/microagi/2026-04-30-19-14-25-166462.zarr,30.0,581.0,microagi,organize_clothes_in_drawer,human_bimanual
2026-04-30-19-15-30-468129,s3://rldb/processed_v3/microagi/2026-04-30-19-15-30-468129.zarr,30.0,173.0,microagi,organize_clothes_in_drawer,human_bimanual
2026-04-30-19-16-04-720459,s3://rldb/processed_v3/microagi/2026-04-30-19-16-04-720459.zarr,30.0,338.0,microagi,organize_clothes_in_drawer,human_bimanual
2026-04-30-19-16-34-703793,s3://rldb/processed_v3/microagi/2026-04-30-19-16-34-703793.zarr,30.0,267.0,microagi,organize_clothes_in_drawer,human_bimanual
2026-04-30-19-18-33-869435,s3://rldb/processed_v3/microagi/2026-04-30-19-18-33-869435.zarr,30.0,260.0,microagi,organize_clothes_in_drawer,human_bimanual
2026-04-30-19-19-48-076740,s3://rldb/processed_v3/microagi/2026-04-30-19-19-48-076740.zarr,30.0,225.0,microagi,organize_clothes_in_drawer,human_bimanual
2026-04-30-19-20-07-153407,s3://rldb/processed_v3/microagi/2026-04-30-19-20-07-153407.zarr,30.0,206.0,microagi,organize_clothes_in_drawer,human_bimanual
2026-04-30-19-20-48-041740,s3://rldb/processed_v3/microagi/2026-04-30-19-20-48-041740.zarr,30.0,180.0,microagi,organize_clothes_in_drawer,human_bimanual
2026-04-30-19-35-35-000000,s3://rldb/processed_v3/aria/2026-04-30-19-35-35-000000.zarr,30.0,1644.0,rl2,bag_groceries_success,human_bimanual
2026-04-30-20-14-58-000000,s3://rldb/processed_v3/aria/2026-04-30-20-14-58-000000.zarr,30.0,5754.0,rl2,bag_groceries_success,human_bimanual
2026-04-30-20-21-29-000000,s3://rldb/processed_v3/aria/2026-04-30-20-21-29-000000.zarr,30.0,3670.0,rl2,bag_groceries_success,human_bimanual
2026-04-30-20-28-15-000000,s3://rldb/processed_v3/aria/2026-04-30-20-28-15-000000.zarr,30.0,3761.0,rl2,bag_groceries_success,human_bimanual
2026-04-30-20-34-34-000000,s3://rldb/processed_v3/aria/2026-04-30-20-34-34-000000.zarr,30.0,4035.0,rl2,bag_groceries_success,human_bimanual
2026-04-30-20-41-07-000000,s3://rldb/processed_v3/aria/2026-04-30-20-41-07-000000.zarr,30.0,3823.0,rl2,bag_groceries_success,human_bimanual
2026-04-30-20-47-33-000000,s3://rldb/processed_v3/aria/2026-04-30-20-47-33-000000.zarr,30.0,3662.0,rl2,bag_groceries_success,human_bimanual
2026-04-30-20-53-40-000000,s3://rldb/processed_v3/aria/2026-04-30-20-53-40-000000.zarr,30.0,3679.0,rl2,bag_groceries_success,human_bimanual
2026-04-30-21-02-41-000000,s3://rldb/processed_v3/aria/2026-04-30-21-02-41-000000.zarr,30.0,3619.0,rl2,bag_groceries_success,human_bimanual
2026-04-30-21-32-07-000000,s3://rldb/processed_v3/aria/2026-04-30-21-32-07-000000.zarr,30.0,4092.0,rl2,bag_groceries_success,human_bimanual
2026-04-30-21-49-19-000000,s3://rldb/processed_v3/aria/2026-04-30-21-49-19-000000.zarr,30.0,3857.0,rl2,bag_groceries_success,human_bimanual
2026-04-30-21-55-32-000000,s3://rldb/processed_v3/aria/2026-04-30-21-55-32-000000.zarr,30.0,3741.0,rl2,bag_groceries_success,human_bimanual
2026-04-30-22-08-12-000000,s3://rldb/processed_v3/aria/2026-04-30-22-08-12-000000.zarr,30.0,3716.0,rl2,bag_groceries_success,human_bimanual
2026-04-30-22-14-19-000000,s3://rldb/processed_v3/aria/2026-04-30-22-14-19-000000.zarr,30.0,3964.0,rl2,bag_groceries_success,human_bimanual
2026-04-30-22-19-58-000000,s3://rldb/processed_v3/aria/2026-04-30-22-19-58-000000.zarr,30.0,3835.0,rl2,bag_groceries_success,human_bimanual
2026-04-30-22-29-42-000000,s3://rldb/processed_v3/aria/2026-04-30-22-29-42-000000.zarr,30.0,4118.0,rl2,bag_groceries_success,human_bimanual
2026-04-30-22-35-20-000000,s3://rldb/processed_v3/aria/2026-04-30-22-35-20-000000.zarr,30.0,3642.0,rl2,bag_groceries_success,human_bimanual
2026-04-30-22-40-53-000000,s3://rldb/processed_v3/aria/2026-04-30-22-40-53-000000.zarr,30.0,3633.0,rl2,bag_groceries_success,human_bimanual
2026-04-30-22-46-38-000000,s3://rldb/processed_v3/aria/2026-04-30-22-46-38-000000.zarr,30.0,3780.0,rl2,bag_groceries_success,human_bimanual
2026-04-30-22-55-43-000000,s3://rldb/processed_v3/aria/2026-04-30-22-55-43-000000.zarr,30.0,3639.0,rl2,bag_groceries_success,human_bimanual
2026-04-30-23-01-14-000000,s3://rldb/processed_v3/aria/2026-04-30-23-01-14-000000.zarr,30.0,3710.0,rl2,bag_groceries_success,human_bimanual
2026-04-30-23-06-54-000000,s3://rldb/processed_v3/aria/2026-04-30-23-06-54-000000.zarr,30.0,3688.0,rl2,bag_groceries_success,human_bimanual
2026-04-30-23-12-41-000000,s3://rldb/processed_v3/aria/2026-04-30-23-12-41-000000.zarr,30.0,3889.0,rl2,bag_groceries_success,human_bimanual
2026-04-30-23-18-31-000000,s3://rldb/processed_v3/aria/2026-04-30-23-18-31-000000.zarr,30.0,3574.0,rl2,bag_groceries_success,human_bimanual
2026-05-01-04-20-38-734325,s3://rldb/processed_v3/scale/2026-05-01-04-20-38-734325.zarr/,30.0,790.0,scale,freeform_placing_utensils_into_a_drawer,human_right_arm
2026-05-01-04-23-36-386459,s3://rldb/processed_v3/scale/2026-05-01-04-23-36-386459.zarr/,30.0,766.0,scale,freeform_placing_utensils_into_a_drawer,human_left_arm
2026-05-01-05-14-11-099632,s3://rldb/processed_v3/scale/2026-05-01-05-14-11-099632.zarr/,30.0,24996.0,scale,freeform_put_cup_on_saucer,human_bimanual
2026-05-01-05-53-29-176228,s3://rldb/processed_v3/scale/2026-05-01-05-53-29-176228.zarr/,30.0,1300.0,scale,freeform_placing_utensils_into_a_drawer,human_left_arm
2026-05-01-05-59-01-019859,s3://rldb/processed_v3/scale/2026-05-01-05-59-01-019859.zarr/,30.0,990.0,scale,freeform_placing_utensils_into_a_drawer,human_left_arm
2026-05-01-06-08-42-892601,s3://rldb/processed_v3/scale/2026-05-01-06-08-42-892601.zarr/,30.0,668.0,scale,freeform_placing_utensils_into_a_drawer,human_bimanual
2026-05-01-06-09-09-331953,s3://rldb/processed_v3/scale/2026-05-01-06-09-09-331953.zarr/,30.0,486.0,scale,freeform_placing_utensils_into_a_drawer,human_bimanual
2026-05-01-06-21-33-155784,s3://rldb/processed_v3/scale/2026-05-01-06-21-33-155784.zarr/,30.0,3244.0,scale,flagship_put_cup_on_saucer,human_bimanual
2026-05-01-06-26-09-710442,s3://rldb/processed_v3/scale/2026-05-01-06-26-09-710442.zarr/,30.0,1469.0,scale,flagship_put_cup_on_saucer,human_bimanual
2026-05-01-06-28-16-734403,s3://rldb/processed_v3/scale/2026-05-01-06-28-16-734403.zarr/,30.0,2191.0,scale,flagship_put_cup_on_saucer,human_bimanual
2026-05-01-06-31-04-252894,s3://rldb/processed_v3/scale/2026-05-01-06-31-04-252894.zarr/,30.0,901.0,scale,flagship_put_cup_on_saucer,human_bimanual
2026-05-01-06-32-24-838403,s3://rldb/processed_v3/scale/2026-05-01-06-32-24-838403.zarr/,30.0,759.0,scale,flagship_put_cup_on_saucer,human_bimanual
2026-05-01-06-33-24-601431,s3://rldb/processed_v3/scale/2026-05-01-06-33-24-601431.zarr/,30.0,1730.0,scale,flagship_put_cup_on_saucer,human_bimanual
2026-05-01-06-35-37-126382,s3://rldb/processed_v3/scale/2026-05-01-06-35-37-126382.zarr/,30.0,3378.0,scale,flagship_put_cup_on_saucer,human_bimanual
2026-05-01-06-40-09-110875,s3://rldb/processed_v3/scale/2026-05-01-06-40-09-110875.zarr/,30.0,1264.0,scale,flagship_put_cup_on_saucer,human_bimanual
2026-05-01-06-41-51-811156,s3://rldb/processed_v3/scale/2026-05-01-06-41-51-811156.zarr/,30.0,1653.0,scale,flagship_put_cup_on_saucer,human_bimanual
2026-05-01-06-42-29-624836,s3://rldb/processed_v3/scale/2026-05-01-06-42-29-624836.zarr/,30.0,1539.0,scale,freeform_placing_utensils_into_a_drawer,human_bimanual
2026-05-01-06-43-57-474332,s3://rldb/processed_v3/scale/2026-05-01-06-43-57-474332.zarr/,30.0,473.0,scale,flagship_put_cup_on_saucer,human_bimanual
2026-05-01-06-44-35-495476,s3://rldb/processed_v3/scale/2026-05-01-06-44-35-495476.zarr/,30.0,1200.0,scale,flagship_put_cup_on_saucer,human_bimanual
2026-05-01-06-46-05-181263,s3://rldb/processed_v3/scale/2026-05-01-06-46-05-181263.zarr/,30.0,1710.0,scale,flagship_put_cup_on_saucer,human_bimanual
2026-05-01-06-48-19-759778,s3://rldb/processed_v3/scale/2026-05-01-06-48-19-759778.zarr/,30.0,754.0,scale,flagship_put_cup_on_saucer,human_bimanual
2026-05-01-06-49-22-872244,s3://rldb/processed_v3/scale/2026-05-01-06-49-22-872244.zarr/,30.0,1126.0,scale,flagship_put_cup_on_saucer,human_bimanual
2026-05-01-06-53-26-415438,s3://rldb/processed_v3/scale/2026-05-01-06-53-26-415438.zarr/,30.0,451.0,scale,freeform_placing_utensils_into_a_drawer,human_left_arm
2026-05-01-06-53-59-354395,s3://rldb/processed_v3/scale/2026-05-01-06-53-59-354395.zarr/,30.0,558.0,scale,freeform_placing_utensils_into_a_drawer,human_left_arm
2026-05-01-07-03-20-118440,s3://rldb/processed_v3/scale/2026-05-01-07-03-20-118440.zarr/,30.0,13678.0,scale,flagship_put_cup_on_saucer,human_bimanual
2026-05-01-07-19-53-510523,s3://rldb/processed_v3/scale/2026-05-01-07-19-53-510523.zarr/,30.0,2161.0,scale,flagship_put_cup_on_saucer,human_bimanual
2026-05-01-07-21-01-417504,s3://rldb/processed_v3/scale/2026-05-01-07-21-01-417504.zarr/,30.0,600.0,scale,freeform_placing_utensils_into_a_drawer,human_left_arm
2026-05-01-07-21-54-268834,s3://rldb/processed_v3/scale/2026-05-01-07-21-54-268834.zarr/,30.0,3459.0,scale,flagship_put_cup_on_saucer,human_bimanual
2026-05-01-07-22-37-092022,s3://rldb/processed_v3/scale/2026-05-01-07-22-37-092022.zarr/,30.0,825.0,scale,freeform_placing_utensils_into_a_drawer,human_right_arm
2026-05-01-07-24-37-423741,s3://rldb/processed_v3/scale/2026-05-01-07-24-37-423741.zarr/,30.0,737.0,scale,freeform_placing_utensils_into_a_drawer,human_bimanual
2026-05-01-07-25-05-976466,s3://rldb/processed_v3/scale/2026-05-01-07-25-05-976466.zarr/,30.0,3571.0,scale,flagship_put_cup_on_saucer,human_bimanual
2026-05-01-07-25-33-023622,s3://rldb/processed_v3/scale/2026-05-01-07-25-33-023622.zarr/,30.0,833.0,scale,freeform_placing_utensils_into_a_drawer,human_bimanual
2026-05-01-07-29-20-746030,s3://rldb/processed_v3/scale/2026-05-01-07-29-20-746030.zarr/,30.0,961.0,scale,flagship_put_cup_on_saucer,human_bimanual
2026-05-01-07-30-33-103409,s3://rldb/processed_v3/scale/2026-05-01-07-30-33-103409.zarr/,30.0,3619.0,scale,flagship_put_cup_on_saucer,human_bimanual
2026-05-01-07-38-21-364263,s3://rldb/processed_v3/scale/2026-05-01-07-38-21-364263.zarr/,30.0,1547.0,scale,freeform_placing_utensils_into_a_drawer,human_left_arm
2026-05-01-08-25-17-621863,s3://rldb/processed_v3/scale/2026-05-01-08-25-17-621863.zarr/,30.0,829.0,scale,freeform_placing_utensils_into_a_drawer,human_left_arm
2026-05-01-08-25-41-709737,s3://rldb/processed_v3/scale/2026-05-01-08-25-41-709737.zarr/,30.0,1278.0,scale,freeform_placing_utensils_into_a_drawer,human_bimanual
2026-05-01-08-27-12-450525,s3://rldb/processed_v3/scale/2026-05-01-08-27-12-450525.zarr/,30.0,495.0,scale,freeform_placing_utensils_into_a_drawer,human_bimanual
2026-05-01-08-27-44-957530,s3://rldb/processed_v3/scale/2026-05-01-08-27-44-957530.zarr/,30.0,461.0,scale,freeform_placing_utensils_into_a_drawer,human_bimanual
2026-05-01-08-27-51-730444,s3://rldb/processed_v3/scale/2026-05-01-08-27-51-730444.zarr/,30.0,477.0,scale,freeform_placing_utensils_into_a_drawer,human_bimanual
2026-05-01-08-28-22-366493,s3://rldb/processed_v3/scale/2026-05-01-08-28-22-366493.zarr/,30.0,1203.0,scale,freeform_placing_utensils_into_a_drawer,human_bimanual
2026-05-01-08-28-29-509859,s3://rldb/processed_v3/scale/2026-05-01-08-28-29-509859.zarr/,30.0,1828.0,scale,freeform_placing_utensils_into_a_drawer,human_bimanual
2026-05-01-08-29-52-054508,s3://rldb/processed_v3/scale/2026-05-01-08-29-52-054508.zarr/,30.0,1411.0,scale,freeform_placing_utensils_into_a_drawer,human_bimanual
2026-05-01-08-30-45-856004,s3://rldb/processed_v3/scale/2026-05-01-08-30-45-856004.zarr/,30.0,530.0,scale,freeform_placing_utensils_into_a_drawer,human_bimanual
2026-05-01-08-31-24-488798,s3://rldb/processed_v3/scale/2026-05-01-08-31-24-488798.zarr/,30.0,850.0,scale,freeform_placing_utensils_into_a_drawer,human_bimanual
2026-05-01-08-31-26-768189,s3://rldb/processed_v3/scale/2026-05-01-08-31-26-768189.zarr/,30.0,1006.0,scale,freeform_placing_utensils_into_a_drawer,human_bimanual
2026-05-01-08-32-22-209441,s3://rldb/processed_v3/scale/2026-05-01-08-32-22-209441.zarr/,30.0,2043.0,scale,freeform_placing_utensils_into_a_drawer,human_bimanual
2026-05-01-08-32-37-800055,s3://rldb/processed_v3/scale/2026-05-01-08-32-37-800055.zarr/,30.0,974.0,scale,freeform_placing_utensils_into_a_drawer,human_bimanual
2026-05-01-08-33-41-829506,s3://rldb/processed_v3/scale/2026-05-01-08-33-41-829506.zarr/,30.0,560.0,scale,freeform_placing_utensils_into_a_drawer,human_bimanual
2026-05-01-08-34-22-896525,s3://rldb/processed_v3/scale/2026-05-01-08-34-22-896525.zarr/,30.0,1651.0,scale,freeform_placing_utensils_into_a_drawer,human_bimanual
2026-05-01-08-34-42-803546,s3://rldb/processed_v3/scale/2026-05-01-08-34-42-803546.zarr/,30.0,582.0,scale,freeform_placing_utensils_into_a_drawer,human_bimanual
2026-05-01-08-35-21-950370,s3://rldb/processed_v3/scale/2026-05-01-08-35-21-950370.zarr/,30.0,1353.0,scale,freeform_placing_utensils_into_a_drawer,human_bimanual
2026-05-01-08-37-02-374366,s3://rldb/processed_v3/scale/2026-05-01-08-37-02-374366.zarr/,30.0,590.0,scale,freeform_placing_utensils_into_a_drawer,human_bimanual
2026-05-01-08-37-47-315303,s3://rldb/processed_v3/scale/2026-05-01-08-37-47-315303.zarr/,30.0,683.0,scale,freeform_placing_utensils_into_a_drawer,human_bimanual
2026-05-01-08-38-37-398291,s3://rldb/processed_v3/scale/2026-05-01-08-38-37-398291.zarr/,30.0,533.0,scale,freeform_placing_utensils_into_a_drawer,human_bimanual
2026-05-01-08-39-18-770295,s3://rldb/processed_v3/scale/2026-05-01-08-39-18-770295.zarr/,30.0,803.0,scale,freeform_placing_utensils_into_a_drawer,human_bimanual
2026-05-01-08-40-21-378166,s3://rldb/processed_v3/scale/2026-05-01-08-40-21-378166.zarr/,30.0,634.0,scale,freeform_placing_utensils_into_a_drawer,human_bimanual
2026-05-01-08-41-12-196806,s3://rldb/processed_v3/scale/2026-05-01-08-41-12-196806.zarr/,30.0,731.0,scale,freeform_placing_utensils_into_a_drawer,human_bimanual
2026-05-01-08-41-48-073460,s3://rldb/processed_v3/scale/2026-05-01-08-41-48-073460.zarr/,30.0,1292.0,scale,freeform_placing_utensils_into_a_drawer,human_left_arm
2026-05-01-08-42-14-248841,s3://rldb/processed_v3/scale/2026-05-01-08-42-14-248841.zarr/,30.0,1091.0,scale,freeform_placing_utensils_into_a_drawer,human_bimanual
2026-05-01-08-43-24-766357,s3://rldb/processed_v3/scale/2026-05-01-08-43-24-766357.zarr/,30.0,813.0,scale,freeform_placing_utensils_into_a_drawer,human_bimanual
2026-05-01-08-44-16-771013,s3://rldb/processed_v3/scale/2026-05-01-08-44-16-771013.zarr/,30.0,562.0,scale,freeform_placing_utensils_into_a_drawer,human_bimanual
2026-05-01-08-44-56-239806,s3://rldb/processed_v3/scale/2026-05-01-08-44-56-239806.zarr/,30.0,611.0,scale,freeform_placing_utensils_into_a_drawer,human_bimanual
2026-05-01-09-04-16-804826,s3://rldb/processed_v3/scale/2026-05-01-09-04-16-804826.zarr/,30.0,1755.0,scale,freeform_placing_utensils_into_a_drawer,human_left_arm
2026-05-01-09-09-23-897454,s3://rldb/processed_v3/scale/2026-05-01-09-09-23-897454.zarr/,30.0,16446.0,scale,flagship_put_cup_on_saucer,human_bimanual
2026-05-01-09-16-38-774095,s3://rldb/processed_v3/scale/2026-05-01-09-16-38-774095.zarr/,30.0,742.0,scale,freeform_placing_utensils_into_a_drawer,human_right_arm
2026-05-01-09-24-26-989050,s3://rldb/processed_v3/scale/2026-05-01-09-24-26-989050.zarr/,30.0,764.0,scale,freeform_placing_utensils_into_a_drawer,human_right_arm
2026-05-01-09-26-48-623372,s3://rldb/processed_v3/scale/2026-05-01-09-26-48-623372.zarr/,30.0,2923.0,scale,flagship_put_cup_on_saucer,human_bimanual
2026-05-01-09-27-09-636834,s3://rldb/processed_v3/scale/2026-05-01-09-27-09-636834.zarr/,30.0,839.0,scale,freeform_placing_utensils_into_a_drawer,human_left_arm
2026-05-01-09-29-14-077106,s3://rldb/processed_v3/scale/2026-05-01-09-29-14-077106.zarr/,30.0,8811.0,scale,freeform_placing_utensils_into_a_drawer,human_bimanual
2026-05-01-09-29-58-297396,s3://rldb/processed_v3/scale/2026-05-01-09-29-58-297396.zarr/,30.0,2265.0,scale,flagship_put_cup_on_saucer,human_bimanual
2026-05-01-09-30-14-313356,s3://rldb/processed_v3/scale/2026-05-01-09-30-14-313356.zarr/,30.0,919.0,scale,freeform_placing_utensils_into_a_drawer,human_left_arm
2026-05-01-09-30-27-215674,s3://rldb/processed_v3/scale/2026-05-01-09-30-27-215674.zarr/,30.0,770.0,scale,freeform_placing_utensils_into_a_drawer,human_right_arm
2026-05-01-09-32-15-566882,s3://rldb/processed_v3/microagi/2026-05-01-09-32-15-566882.zarr,30.0,1531.0,microagi,prepare_a_cup_of_tea,human_bimanual
2026-05-01-09-32-28-893855,s3://rldb/processed_v3/scale/2026-05-01-09-32-28-893855.zarr/,30.0,3090.0,scale,flagship_put_cup_on_saucer,human_bimanual
2026-05-01-09-35-53-773715,s3://rldb/processed_v3/scale/2026-05-01-09-35-53-773715.zarr/,30.0,3428.0,scale,flagship_put_cup_on_saucer,human_bimanual
2026-05-01-09-36-53-126252,s3://rldb/processed_v3/scale/2026-05-01-09-36-53-126252.zarr/,30.0,787.0,scale,freeform_placing_utensils_into_a_drawer,human_right_arm
2026-05-01-10-24-14-354452,s3://rldb/processed_v3/microagi/2026-05-01-10-24-14-354452.zarr,30.0,159.0,microagi,wash_a_cup,human_bimanual
2026-05-01-10-24-20-589452,s3://rldb/processed_v3/microagi/2026-05-01-10-24-20-589452.zarr,30.0,220.0,microagi,wash_a_cup,human_bimanual
2026-05-01-10-42-13-387075,s3://rldb/processed_v3/scale/2026-05-01-10-42-13-387075.zarr/,30.0,1656.0,scale,freeform_placing_utensils_into_a_drawer,human_left_arm
2026-05-01-10-47-23-663253,s3://rldb/processed_v3/scale/2026-05-01-10-47-23-663253.zarr/,30.0,490.0,scale,freeform_placing_utensils_into_a_drawer,human_bimanual
2026-05-01-10-49-47-549080,s3://rldb/processed_v3/scale/2026-05-01-10-49-47-549080.zarr/,30.0,913.0,scale,freeform_placing_utensils_into_a_drawer,human_bimanual
2026-05-01-12-43-46-635351,s3://rldb/processed_v3/scale/2026-05-01-12-43-46-635351.zarr/,30.0,26140.0,scale,freeform_put_cup_on_saucer,human_bimanual
2026-05-01-13-01-09-363405,s3://rldb/processed_v3/scale/2026-05-01-13-01-09-363405.zarr/,30.0,15607.0,scale,flagship_put_cup_on_saucer,human_bimanual
2026-05-01-13-12-21-971635,s3://rldb/processed_v3/scale/2026-05-01-13-12-21-971635.zarr/,30.0,846.0,scale,freeform_put_cup_on_saucer,human_bimanual
2026-05-01-13-17-45-218454,s3://rldb/processed_v3/scale/2026-05-01-13-17-45-218454.zarr/,30.0,2201.0,scale,flagship_put_cup_on_saucer,human_bimanual
2026-05-01-13-20-08-965778,s3://rldb/processed_v3/scale/2026-05-01-13-20-08-965778.zarr/,30.0,900.0,scale,flagship_put_cup_on_saucer,human_bimanual
2026-05-01-13-21-08-702114,s3://rldb/processed_v3/scale/2026-05-01-13-21-08-702114.zarr/,30.0,967.0,scale,flagship_put_cup_on_saucer,human_bimanual
2026-05-01-13-22-12-362998,s3://rldb/processed_v3/scale/2026-05-01-13-22-12-362998.zarr/,30.0,1974.0,scale,flagship_put_cup_on_saucer,human_bimanual
2026-05-01-13-24-26-018159,s3://rldb/processed_v3/scale/2026-05-01-13-24-26-018159.zarr/,30.0,2762.0,scale,flagship_put_cup_on_saucer,human_bimanual
2026-05-01-13-24-28-069487,s3://rldb/processed_v3/scale/2026-05-01-13-24-28-069487.zarr/,30.0,3792.0,scale,flagship_put_cup_on_saucer,human_bimanual
2026-05-01-13-27-50-926565,s3://rldb/processed_v3/scale/2026-05-01-13-27-50-926565.zarr/,30.0,3763.0,scale,flagship_put_cup_on_saucer,human_bimanual
2026-05-01-13-28-50-997052,s3://rldb/processed_v3/scale/2026-05-01-13-28-50-997052.zarr/,30.0,1920.0,scale,flagship_put_cup_on_saucer,human_bimanual
2026-05-01-13-30-49-096200,s3://rldb/processed_v3/scale/2026-05-01-13-30-49-096200.zarr/,30.0,1507.0,scale,flagship_put_cup_on_saucer,human_bimanual
2026-05-01-13-32-25-958871,s3://rldb/processed_v3/scale/2026-05-01-13-32-25-958871.zarr/,30.0,16997.0,scale,flagship_put_cup_on_saucer,human_bimanual
2026-05-01-13-45-23-857423,s3://rldb/processed_v3/scale/2026-05-01-13-45-23-857423.zarr/,30.0,11746.0,scale,flagship_put_cup_on_saucer,human_bimanual
2026-05-01-13-53-00-439927,s3://rldb/processed_v3/scale/2026-05-01-13-53-00-439927.zarr/,30.0,538.0,scale,freeform_put_cup_on_saucer,human_bimanual
2026-05-01-13-53-35-730268,s3://rldb/processed_v3/scale/2026-05-01-13-53-35-730268.zarr/,30.0,461.0,scale,freeform_put_cup_on_saucer,human_bimanual
2026-05-01-13-54-09-292110,s3://rldb/processed_v3/scale/2026-05-01-13-54-09-292110.zarr/,30.0,465.0,scale,freeform_put_cup_on_saucer,human_bimanual
2026-05-01-13-54-43-509409,s3://rldb/processed_v3/scale/2026-05-01-13-54-43-509409.zarr/,30.0,759.0,scale,freeform_put_cup_on_saucer,human_bimanual
2026-05-01-13-55-33-225581,s3://rldb/processed_v3/scale/2026-05-01-13-55-33-225581.zarr/,30.0,801.0,scale,freeform_put_cup_on_saucer,human_bimanual
2026-05-01-13-56-26-182554,s3://rldb/processed_v3/scale/2026-05-01-13-56-26-182554.zarr/,30.0,4516.0,scale,freeform_put_cup_on_saucer,human_bimanual
2026-05-01-13-57-56-023848,s3://rldb/processed_v3/scale/2026-05-01-13-57-56-023848.zarr/,30.0,17257.0,scale,flagship_put_cup_on_saucer,human_bimanual
2026-05-01-14-01-36-983737,s3://rldb/processed_v3/scale/2026-05-01-14-01-36-983737.zarr/,30.0,3115.0,scale,freeform_put_cup_on_saucer,human_bimanual
2026-05-01-14-05-03-490414,s3://rldb/processed_v3/scale/2026-05-01-14-05-03-490414.zarr/,30.0,801.0,scale,freeform_put_cup_on_saucer,human_bimanual
2026-05-01-14-05-55-037385,s3://rldb/processed_v3/scale/2026-05-01-14-05-55-037385.zarr/,30.0,985.0,scale,freeform_put_cup_on_saucer,human_bimanual
2026-05-01-14-06-49-786327,s3://rldb/processed_v3/scale/2026-05-01-14-06-49-786327.zarr/,30.0,1091.0,scale,freeform_put_cup_on_saucer,human_bimanual
2026-05-01-14-07-57-642428,s3://rldb/processed_v3/scale/2026-05-01-14-07-57-642428.zarr/,30.0,567.0,scale,freeform_put_cup_on_saucer,human_bimanual
2026-05-01-14-08-39-567728,s3://rldb/processed_v3/scale/2026-05-01-14-08-39-567728.zarr/,30.0,538.0,scale,freeform_put_cup_on_saucer,human_bimanual
2026-05-01-14-09-19-942762,s3://rldb/processed_v3/scale/2026-05-01-14-09-19-942762.zarr/,30.0,816.0,scale,freeform_put_cup_on_saucer,human_bimanual
2026-05-01-14-10-17-614442,s3://rldb/processed_v3/scale/2026-05-01-14-10-17-614442.zarr/,30.0,1803.0,scale,freeform_put_cup_on_saucer,human_bimanual
2026-05-01-14-12-30-182388,s3://rldb/processed_v3/scale/2026-05-01-14-12-30-182388.zarr/,30.0,941.0,scale,freeform_put_cup_on_saucer,human_bimanual
2026-05-01-14-49-59-815574,s3://rldb/processed_v3/scale/2026-05-01-14-49-59-815574.zarr/,30.0,27700.0,scale,flagship_put_cup_on_saucer,human_bimanual
2026-05-01-15-39-42-093910,s3://rldb/processed_v3/scale/2026-05-01-15-39-42-093910.zarr/,30.0,1327.0,scale,flagship_put_cup_on_saucer,human_bimanual
2026-05-01-15-42-04-994309,s3://rldb/processed_v3/scale/2026-05-01-15-42-04-994309.zarr/,30.0,459.0,scale,flagship_put_cup_on_saucer,human_bimanual
2026-05-01-15-43-03-843412,s3://rldb/processed_v3/scale/2026-05-01-15-43-03-843412.zarr/,30.0,2729.0,scale,flagship_put_cup_on_saucer,human_bimanual
2026-05-01-15-49-05-430708,s3://rldb/processed_v3/scale/2026-05-01-15-49-05-430708.zarr/,30.0,857.0,scale,flagship_put_cup_on_saucer,human_bimanual
2026-05-01-15-50-50-444562,s3://rldb/processed_v3/scale/2026-05-01-15-50-50-444562.zarr/,30.0,7863.0,scale,flagship_put_cup_on_saucer,human_bimanual
2026-05-01-16-06-30-941743,s3://rldb/processed_v3/scale/2026-05-01-16-06-30-941743.zarr/,30.0,3248.0,scale,flagship_put_cup_on_saucer,human_bimanual
2026-05-01-16-12-26-827286,s3://rldb/processed_v3/scale/2026-05-01-16-12-26-827286.zarr/,30.0,2662.0,scale,flagship_put_cup_on_saucer,human_bimanual
2026-05-01-16-16-47-676001,s3://rldb/processed_v3/scale/2026-05-01-16-16-47-676001.zarr/,30.0,2881.0,scale,flagship_put_cup_on_saucer,human_bimanual
2026-05-01-16-21-05-094320,s3://rldb/processed_v3/scale/2026-05-01-16-21-05-094320.zarr/,30.0,769.0,scale,flagship_put_cup_on_saucer,human_bimanual
2026-05-01-16-22-12-579699,s3://rldb/processed_v3/scale/2026-05-01-16-22-12-579699.zarr/,30.0,4033.0,scale,flagship_put_cup_on_saucer,human_bimanual
2026-05-01-18-03-31-917832,s3://rldb/processed_v3/scale/2026-05-01-18-03-31-917832.zarr/,30.0,732.0,scale,flagship_put_cup_on_saucer,human_bimanual
2026-05-01-18-04-36-165378,s3://rldb/processed_v3/scale/2026-05-01-18-04-36-165378.zarr/,30.0,605.0,scale,flagship_put_cup_on_saucer,human_bimanual
2026-05-01-18-05-25-438373,s3://rldb/processed_v3/scale/2026-05-01-18-05-25-438373.zarr/,30.0,885.0,scale,flagship_put_cup_on_saucer,human_bimanual
2026-05-01-18-06-31-108496,s3://rldb/processed_v3/scale/2026-05-01-18-06-31-108496.zarr/,30.0,907.0,scale,flagship_put_cup_on_saucer,human_bimanual
2026-05-01-18-07-40-550405,s3://rldb/processed_v3/scale/2026-05-01-18-07-40-550405.zarr/,30.0,517.0,scale,flagship_put_cup_on_saucer,human_bimanual
2026-05-01-18-08-17-966317,s3://rldb/processed_v3/scale/2026-05-01-18-08-17-966317.zarr/,30.0,659.0,scale,flagship_put_cup_on_saucer,human_bimanual
2026-05-01-18-09-12-622515,s3://rldb/processed_v3/scale/2026-05-01-18-09-12-622515.zarr/,30.0,483.0,scale,flagship_put_cup_on_saucer,human_bimanual
2026-05-01-18-09-53-649302,s3://rldb/processed_v3/scale/2026-05-01-18-09-53-649302.zarr/,30.0,541.0,scale,flagship_put_cup_on_saucer,human_bimanual
2026-05-01-18-10-38-122336,s3://rldb/processed_v3/scale/2026-05-01-18-10-38-122336.zarr/,30.0,505.0,scale,flagship_put_cup_on_saucer,human_bimanual
2026-05-01-18-11-20-762325,s3://rldb/processed_v3/scale/2026-05-01-18-11-20-762325.zarr/,30.0,522.0,scale,flagship_put_cup_on_saucer,human_bimanual
2026-05-01-18-12-05-790142,s3://rldb/processed_v3/scale/2026-05-01-18-12-05-790142.zarr/,30.0,940.0,scale,flagship_put_cup_on_saucer,human_bimanual
2026-05-01-18-20-11-263402,s3://rldb/processed_v3/microagi/2026-05-01-18-20-11-263402.zarr,30.0,210.0,microagi,clean_cup_and_organize_drawer,human_bimanual
2026-05-01-18-20-18-600069,s3://rldb/processed_v3/microagi/2026-05-01-18-20-18-600069.zarr,30.0,329.0,microagi,clean_cup_and_organize_drawer,human_bimanual
2026-05-01-19-20-02-775332,s3://rldb/processed_v3/microagi/2026-05-01-19-20-02-775332.zarr,30.0,252.0,microagi,organize_kitchen_drawer,human_bimanual
2026-05-01-19-20-18-250332,s3://rldb/processed_v3/microagi/2026-05-01-19-20-18-250332.zarr,30.0,180.0,microagi,organize_kitchen_drawer,human_bimanual
2026-05-01-19-21-58-428497,s3://rldb/processed_v3/microagi/2026-05-01-19-21-58-428497.zarr,30.0,1692.0,microagi,wash_the_cup,human_bimanual
2026-05-01-19-23-08-525537,s3://rldb/processed_v3/microagi/2026-05-01-19-23-08-525537.zarr,30.0,309.0,microagi,wash_the_cup,human_bimanual
2026-05-01-19-23-20-658348,s3://rldb/processed_v3/microagi/2026-05-01-19-23-20-658348.zarr,30.0,259.0,microagi,wash_the_cup,human_bimanual
2026-05-01-21-15-32-097047,s3://rldb/processed_v3/microagi/2026-05-01-21-15-32-097047.zarr,30.0,208.0,microagi,organize_kitchen_drawer,human_bimanual
2026-05-01-21-22-48-529810,s3://rldb/processed_v3/scale/2026-05-01-21-22-48-529810.zarr/,30.0,26643.0,scale,freeform_put_cup_on_saucer,human_bimanual
2026-05-01-21-22-52-705131,s3://rldb/processed_v3/scale/2026-05-01-21-22-52-705131.zarr/,30.0,24916.0,scale,freeform_put_cup_on_saucer,human_bimanual
2026-05-01-21-52-35-030388,s3://rldb/processed_v3/scale/2026-05-01-21-52-35-030388.zarr/,30.0,1557.0,scale,freeform_put_cup_on_saucer,human_bimanual
2026-05-02-01-32-38-831243,s3://rldb/processed_v3/scale/2026-05-02-01-32-38-831243.zarr/,30.0,26742.0,scale,freeform_put_cup_on_saucer,human_bimanual
2026-05-02-02-42-07-125848,s3://rldb/processed_v3/scale/2026-05-02-02-42-07-125848.zarr/,30.0,26358.0,scale,freeform_put_cup_on_saucer,human_bimanual
2026-05-02-02-54-41-222146,s3://rldb/processed_v3/scale/2026-05-02-02-54-41-222146.zarr/,30.0,1024.0,scale,freeform_put_cup_on_saucer,human_bimanual
2026-05-02-02-55-00-532726,s3://rldb/processed_v3/scale/2026-05-02-02-55-00-532726.zarr/,30.0,645.0,scale,freeform_put_cup_on_saucer,human_bimanual
2026-05-02-02-55-11-459733,s3://rldb/processed_v3/scale/2026-05-02-02-55-11-459733.zarr/,30.0,2214.0,scale,freeform_put_cup_on_saucer,human_bimanual
2026-05-02-02-55-51-173085,s3://rldb/processed_v3/scale/2026-05-02-02-55-51-173085.zarr/,30.0,659.0,scale,freeform_put_cup_on_saucer,human_bimanual
2026-05-02-02-56-02-595426,s3://rldb/processed_v3/scale/2026-05-02-02-56-02-595426.zarr/,30.0,462.0,scale,freeform_put_cup_on_saucer,human_bimanual
2026-05-02-02-56-10-900976,s3://rldb/processed_v3/scale/2026-05-02-02-56-10-900976.zarr/,30.0,560.0,scale,freeform_put_cup_on_saucer,human_bimanual
2026-05-02-02-56-20-038025,s3://rldb/processed_v3/scale/2026-05-02-02-56-20-038025.zarr/,30.0,563.0,scale,freeform_put_cup_on_saucer,human_bimanual
2026-05-02-02-56-30-222097,s3://rldb/processed_v3/scale/2026-05-02-02-56-30-222097.zarr/,30.0,806.0,scale,freeform_put_cup_on_saucer,human_bimanual
2026-05-02-02-56-43-686196,s3://rldb/processed_v3/scale/2026-05-02-02-56-43-686196.zarr/,30.0,1485.0,scale,freeform_put_cup_on_saucer,human_bimanual
2026-05-02-02-57-16-803390,s3://rldb/processed_v3/scale/2026-05-02-02-57-16-803390.zarr/,30.0,924.0,scale,freeform_put_cup_on_saucer,human_bimanual
2026-05-02-02-57-35-660853,s3://rldb/processed_v3/scale/2026-05-02-02-57-35-660853.zarr/,30.0,697.0,scale,freeform_put_cup_on_saucer,human_bimanual
2026-05-02-02-58-00-507836,s3://rldb/processed_v3/scale/2026-05-02-02-58-00-507836.zarr/,30.0,1801.0,scale,freeform_put_cup_on_saucer,human_bimanual
2026-05-02-02-58-37-159778,s3://rldb/processed_v3/scale/2026-05-02-02-58-37-159778.zarr/,30.0,2061.0,scale,freeform_put_cup_on_saucer,human_bimanual
2026-05-02-04-01-28-091714,s3://rldb/processed_v3/scale/2026-05-02-04-01-28-091714.zarr/,30.0,8750.0,scale,freeform_put_cup_on_saucer,human_bimanual
2026-05-02-04-05-05-744348,s3://rldb/processed_v3/scale/2026-05-02-04-05-05-744348.zarr/,30.0,2202.0,scale,freeform_put_cup_on_saucer,human_bimanual
2026-05-02-04-05-46-595175,s3://rldb/processed_v3/scale/2026-05-02-04-05-46-595175.zarr/,30.0,896.0,scale,freeform_put_cup_on_saucer,human_bimanual
2026-05-02-04-06-01-298635,s3://rldb/processed_v3/scale/2026-05-02-04-06-01-298635.zarr/,30.0,3567.0,scale,freeform_put_cup_on_saucer,human_bimanual
2026-05-02-04-50-15-021912,s3://rldb/processed_v3/scale/2026-05-02-04-50-15-021912.zarr/,30.0,26900.0,scale,freeform_put_cup_on_saucer,human_bimanual
2026-05-02-05-44-18-611520,s3://rldb/processed_v3/scale/2026-05-02-05-44-18-611520.zarr/,30.0,624.0,scale,freeform_put_cup_on_saucer,human_bimanual
2026-05-02-05-44-34-578359,s3://rldb/processed_v3/scale/2026-05-02-05-44-34-578359.zarr/,30.0,456.0,scale,freeform_put_cup_on_saucer,human_bimanual
2026-05-02-05-44-44-554380,s3://rldb/processed_v3/scale/2026-05-02-05-44-44-554380.zarr/,30.0,2133.0,scale,freeform_put_cup_on_saucer,human_bimanual
2026-05-02-05-45-21-987950,s3://rldb/processed_v3/scale/2026-05-02-05-45-21-987950.zarr/,30.0,547.0,scale,freeform_put_cup_on_saucer,human_bimanual
2026-05-02-05-45-30-405992,s3://rldb/processed_v3/scale/2026-05-02-05-45-30-405992.zarr/,30.0,476.0,scale,freeform_put_cup_on_saucer,human_bimanual
2026-05-02-05-45-38-256525,s3://rldb/processed_v3/scale/2026-05-02-05-45-38-256525.zarr/,30.0,1915.0,scale,freeform_put_cup_on_saucer,human_bimanual
2026-05-02-05-46-18-445202,s3://rldb/processed_v3/scale/2026-05-02-05-46-18-445202.zarr/,30.0,3573.0,scale,freeform_put_cup_on_saucer,human_bimanual
2026-05-02-05-47-31-099757,s3://rldb/processed_v3/scale/2026-05-02-05-47-31-099757.zarr/,30.0,847.0,scale,freeform_put_cup_on_saucer,human_bimanual
2026-05-02-05-47-48-726379,s3://rldb/processed_v3/scale/2026-05-02-05-47-48-726379.zarr/,30.0,3083.0,scale,freeform_put_cup_on_saucer,human_bimanual
2026-05-02-05-48-54-288036,s3://rldb/processed_v3/scale/2026-05-02-05-48-54-288036.zarr/,30.0,2618.0,scale,freeform_put_cup_on_saucer,human_bimanual
2026-05-02-05-49-40-266821,s3://rldb/processed_v3/scale/2026-05-02-05-49-40-266821.zarr/,30.0,3560.0,scale,freeform_put_cup_on_saucer,human_bimanual
2026-05-02-05-50-38-681704,s3://rldb/processed_v3/scale/2026-05-02-05-50-38-681704.zarr/,30.0,4716.0,scale,freeform_put_cup_on_saucer,human_bimanual
2026-05-02-06-48-40-813960,s3://rldb/processed_v3/scale/2026-05-02-06-48-40-813960.zarr/,30.0,8246.0,scale,freeform_put_cup_on_saucer,human_bimanual
2026-05-02-06-52-15-841150,s3://rldb/processed_v3/scale/2026-05-02-06-52-15-841150.zarr/,30.0,15688.0,scale,freeform_put_cup_on_saucer,human_bimanual
2026-05-02-07-02-42-381880,s3://rldb/processed_v3/scale/2026-05-02-07-02-42-381880.zarr/,30.0,2590.0,scale,freeform_put_cup_on_saucer,human_bimanual
2026-05-02-07-03-33-823725,s3://rldb/processed_v3/scale/2026-05-02-07-03-33-823725.zarr/,30.0,1020.0,scale,freeform_put_cup_on_saucer,human_bimanual
2026-05-02-07-03-53-607327,s3://rldb/processed_v3/scale/2026-05-02-07-03-53-607327.zarr/,30.0,9339.0,scale,freeform_put_cup_on_saucer,human_bimanual
2026-05-02-07-08-13-531615,s3://rldb/processed_v3/scale/2026-05-02-07-08-13-531615.zarr/,30.0,529.0,scale,freeform_put_cup_on_saucer,human_bimanual
2026-05-02-10-52-29-100239,s3://rldb/processed_v3/microagi/2026-05-02-10-52-29-100239.zarr,30.0,155.0,microagi,clean_white_drawer,human_bimanual
2026-05-02-12-17-24-477012,s3://rldb/processed_v3/microagi/2026-05-02-12-17-24-477012.zarr,30.0,3462.0,microagi,organize_kitchen_drawer,human_bimanual
2026-05-02-12-20-01-927046,s3://rldb/processed_v3/microagi/2026-05-02-12-20-01-927046.zarr,30.0,655.0,microagi,organize_kitchen_drawer,human_bimanual
2026-05-02-12-20-28-959194,s3://rldb/processed_v3/microagi/2026-05-02-12-20-28-959194.zarr,30.0,285.0,microagi,organize_kitchen_drawer,human_bimanual
2026-05-02-12-20-39-202117,s3://rldb/processed_v3/microagi/2026-05-02-12-20-39-202117.zarr,30.0,596.0,microagi,organize_kitchen_drawer,human_bimanual
2026-05-02-12-25-49-355666,s3://rldb/processed_v3/microagi/2026-05-02-12-25-49-355666.zarr,30.0,4861.0,microagi,organize_kitchen_drawer,human_bimanual
2026-05-02-15-00-20-668211,s3://rldb/processed_v3/microagi/2026-05-02-15-00-20-668211.zarr,30.0,418.0,microagi,organize_items_in_drawer,human_bimanual
2026-05-02-15-02-45-446423,s3://rldb/processed_v3/microagi/2026-05-02-15-02-45-446423.zarr,30.0,222.0,microagi,organize_items_in_drawer,human_bimanual
2026-05-02-15-02-53-918090,s3://rldb/processed_v3/microagi/2026-05-02-15-02-53-918090.zarr,30.0,1209.0,microagi,organize_items_in_drawer,human_bimanual
2026-05-02-15-03-34-641423,s3://rldb/processed_v3/microagi/2026-05-02-15-03-34-641423.zarr,30.0,184.0,microagi,organize_items_in_drawer,human_bimanual
2026-05-02-15-03-49-949757,s3://rldb/processed_v3/microagi/2026-05-02-15-03-49-949757.zarr,30.0,4024.0,microagi,organize_items_in_drawer,human_bimanual
2026-05-02-15-06-04-488718,s3://rldb/processed_v3/microagi/2026-05-02-15-06-04-488718.zarr,30.0,172.0,microagi,organize_items_in_drawer,human_bimanual
2026-05-02-15-06-11-993718,s3://rldb/processed_v3/microagi/2026-05-02-15-06-11-993718.zarr,30.0,786.0,microagi,organize_items_in_drawer,human_bimanual
2026-05-02-15-06-44-744234,s3://rldb/processed_v3/microagi/2026-05-02-15-06-44-744234.zarr,30.0,6533.0,microagi,organize_items_in_drawer,human_bimanual
2026-05-02-15-10-29-532998,s3://rldb/processed_v3/microagi/2026-05-02-15-10-29-532998.zarr,30.0,781.0,microagi,organize_items_in_drawer,human_bimanual
2026-05-02-15-11-02-618350,s3://rldb/processed_v3/microagi/2026-05-02-15-11-02-618350.zarr,30.0,1754.0,microagi,organize_items_in_drawer,human_bimanual
2026-05-02-16-33-12-916337,s3://rldb/processed_v3/microagi/2026-05-02-16-33-12-916337.zarr,30.0,386.0,microagi,organize_drawer,human_bimanual
2026-05-02-16-33-45-834670,s3://rldb/processed_v3/microagi/2026-05-02-16-33-45-834670.zarr,30.0,198.0,microagi,organize_drawer,human_bimanual
2026-05-02-16-34-55-871517,s3://rldb/processed_v3/microagi/2026-05-02-16-34-55-871517.zarr,30.0,597.0,microagi,organize_drawer,human_bimanual
2026-05-02-16-37-18-115027,s3://rldb/processed_v3/microagi/2026-05-02-16-37-18-115027.zarr,30.0,1689.0,microagi,organize_drawer,human_bimanual
2026-05-02-16-38-18-048361,s3://rldb/processed_v3/microagi/2026-05-02-16-38-18-048361.zarr,30.0,185.0,microagi,organize_drawer,human_bimanual
2026-05-02-16-38-24-551694,s3://rldb/processed_v3/microagi/2026-05-02-16-38-24-551694.zarr,30.0,551.0,microagi,organize_drawer,human_bimanual
2026-05-02-16-38-51-566694,s3://rldb/processed_v3/microagi/2026-05-02-16-38-51-566694.zarr,30.0,257.0,microagi,organize_drawer,human_bimanual
2026-05-02-17-14-53-619257,s3://rldb/processed_v3/scale/2026-05-02-17-14-53-619257.zarr/,30.0,406.0,scale,freeform_put_cup_on_saucer,human_bimanual
2026-05-02-17-29-06-134295,s3://rldb/processed_v3/microagi/2026-05-02-17-29-06-134295.zarr,30.0,356.0,microagi,clean_and_organize_bathroom_drawer,human_bimanual
2026-05-02-17-29-46-532589,s3://rldb/processed_v3/microagi/2026-05-02-17-29-46-532589.zarr,30.0,489.0,microagi,clean_and_organize_bathroom_drawer,human_bimanual
2026-05-02-17-31-26-967008,s3://rldb/processed_v3/microagi/2026-05-02-17-31-26-967008.zarr,30.0,195.0,microagi,clean_and_organize_bathroom_drawer,human_bimanual
2026-05-02-17-31-33-920724,s3://rldb/processed_v3/microagi/2026-05-02-17-31-33-920724.zarr,30.0,168.0,microagi,clean_and_organize_bathroom_drawer,human_bimanual
2026-05-02-17-31-41-353746,s3://rldb/processed_v3/microagi/2026-05-02-17-31-41-353746.zarr,30.0,382.0,microagi,clean_and_organize_bathroom_drawer,human_bimanual
2026-05-02-17-32-00-669013,s3://rldb/processed_v3/microagi/2026-05-02-17-32-00-669013.zarr,30.0,604.0,microagi,clean_and_organize_bathroom_drawer,human_bimanual
2026-05-02-17-32-32-144990,s3://rldb/processed_v3/microagi/2026-05-02-17-32-32-144990.zarr,30.0,408.0,microagi,clean_and_organize_bathroom_drawer,human_bimanual
2026-05-02-17-32-49-281746,s3://rldb/processed_v3/microagi/2026-05-02-17-32-49-281746.zarr,30.0,290.0,microagi,clean_and_organize_bathroom_drawer,human_bimanual
2026-05-02-19-28-48-439027,s3://rldb/processed_v3/microagi/2026-05-02-19-28-48-439027.zarr,30.0,579.0,microagi,organize_items_in_drawers,human_bimanual
2026-05-02-19-29-43-716908,s3://rldb/processed_v3/microagi/2026-05-02-19-29-43-716908.zarr,30.0,1296.0,microagi,organize_items_in_drawers,human_bimanual
2026-05-03-11-27-42-346560,s3://rldb/processed_v3/microagi/2026-05-03-11-27-42-346560.zarr,30.0,268.0,microagi,prepare_coffee_cups,human_bimanual
2026-05-03-14-43-05-284759,s3://rldb/processed_v3/microagi/2026-05-03-14-43-05-284759.zarr,30.0,224.0,microagi,wash_green_cup,human_bimanual
2026-05-03-14-43-31-859759,s3://rldb/processed_v3/microagi/2026-05-03-14-43-31-859759.zarr,30.0,1009.0,microagi,wash_green_cup,human_bimanual
2026-05-03-14-44-11-473092,s3://rldb/processed_v3/microagi/2026-05-03-14-44-11-473092.zarr,30.0,314.0,microagi,wash_green_cup,human_bimanual
2026-05-03-14-44-22-176426,s3://rldb/processed_v3/microagi/2026-05-03-14-44-22-176426.zarr,30.0,287.0,microagi,wash_green_cup,human_bimanual
2026-05-03-14-44-52-886405,s3://rldb/processed_v3/microagi/2026-05-03-14-44-52-886405.zarr,30.0,158.0,microagi,wash_green_cup,human_bimanual
2026-05-03-14-45-07-291405,s3://rldb/processed_v3/microagi/2026-05-03-14-45-07-291405.zarr,30.0,211.0,microagi,wash_green_cup,human_bimanual
2026-05-03-15-43-07-567345,s3://rldb/processed_v3/microagi/2026-05-03-15-43-07-567345.zarr,30.0,3494.0,microagi,organize_cutlery_drawer,human_bimanual
2026-05-03-16-30-50-005685,s3://rldb/processed_v3/microagi/2026-05-03-16-30-50-005685.zarr,30.0,152.0,microagi,organize_kitchen_drawer,human_bimanual
2026-05-03-20-25-08-342706,s3://rldb/processed_v3/microagi/2026-05-03-20-25-08-342706.zarr,30.0,191.0,microagi,wash_cup,human_bimanual
2026-05-03-22-41-51-942968,s3://rldb/processed_v3/microagi/2026-05-03-22-41-51-942968.zarr,30.0,199.0,microagi,Organize_laundry_and_wash_cup,human_bimanual
2026-05-03-22-42-10-519635,s3://rldb/processed_v3/microagi/2026-05-03-22-42-10-519635.zarr,30.0,213.0,microagi,Organize_laundry_and_wash_cup,human_bimanual
2026-05-03-22-42-34-766855,s3://rldb/processed_v3/microagi/2026-05-03-22-42-34-766855.zarr,30.0,602.0,microagi,Organize_laundry_and_wash_cup,human_bimanual
2026-05-03-22-43-09-320188,s3://rldb/processed_v3/microagi/2026-05-03-22-43-09-320188.zarr,30.0,165.0,microagi,Organize_laundry_and_wash_cup,human_bimanual
2026-05-03-22-43-30-866855,s3://rldb/processed_v3/microagi/2026-05-03-22-43-30-866855.zarr,30.0,154.0,microagi,Organize_laundry_and_wash_cup,human_bimanual
2026-05-03-22-43-44-106855,s3://rldb/processed_v3/microagi/2026-05-03-22-43-44-106855.zarr,30.0,217.0,microagi,Organize_laundry_and_wash_cup,human_bimanual
2026-05-03-22-43-52-745188,s3://rldb/processed_v3/microagi/2026-05-03-22-43-52-745188.zarr,30.0,211.0,microagi,Organize_laundry_and_wash_cup,human_bimanual
2026-05-03-22-44-07-820188,s3://rldb/processed_v3/microagi/2026-05-03-22-44-07-820188.zarr,30.0,279.0,microagi,Organize_laundry_and_wash_cup,human_bimanual
2026-05-04-16-14-02-297692,s3://rldb/processed_v3/microagi/2026-05-04-16-14-02-297692.zarr,30.0,295.0,microagi,clean_coffee_cups_and_tray,human_bimanual
2026-05-05-09-31-58-237548,s3://rldb/processed_v3/microagi/2026-05-05-09-31-58-237548.zarr,30.0,238.0,microagi,wash_coffee_cup,human_bimanual
2026-05-05-09-32-12-965873,s3://rldb/processed_v3/microagi/2026-05-05-09-32-12-965873.zarr,30.0,221.0,microagi,wash_coffee_cup,human_bimanual
2026-05-05-17-34-59-000000,s3://rldb/processed_v3/aria/2026-05-05-17-34-59-000000.zarr,30.0,6264.0,rl2,cup_on_saucer_static_cam,human_bimanual
2026-05-05-17-41-27-000000,s3://rldb/processed_v3/aria/2026-05-05-17-41-27-000000.zarr,30.0,6270.0,rl2,cup_on_saucer_static_cam,human_bimanual
2026-05-05-17-47-54-000000,s3://rldb/processed_v3/aria/2026-05-05-17-47-54-000000.zarr,30.0,6022.0,rl2,cup_on_saucer_static_cam,human_bimanual
2026-05-05-17-53-46-000000,s3://rldb/processed_v3/aria/2026-05-05-17-53-46-000000.zarr,30.0,5619.0,rl2,cup_on_saucer_static_cam,human_bimanual
2026-05-05-18-01-46-000000,s3://rldb/processed_v3/aria/2026-05-05-18-01-46-000000.zarr,30.0,5897.0,rl2,cup_on_saucer_static_cam,human_bimanual
2026-05-05-18-46-06-000000,s3://rldb/processed_v3/aria/2026-05-05-18-46-06-000000.zarr,30.0,4940.0,rl2,cup_on_saucer_static_cam,human_bimanual
2026-05-06-08-35-02-964440,s3://rldb/processed_v3/microagi/2026-05-06-08-35-02-964440.zarr,30.0,302.0,microagi,organize_kitchen_drawer,human_bimanual
2026-05-06-12-42-19-394000,s3://rldb/processed_v3/microagi/2026-05-06-12-42-19-394000.zarr,30.0,312.0,microagi,organize_kitchen_drawers,human_bimanual
2026-05-06-12-42-57-915666,s3://rldb/processed_v3/microagi/2026-05-06-12-42-57-915666.zarr,30.0,254.0,microagi,organize_kitchen_drawers,human_bimanual
2026-05-06-12-43-07-920666,s3://rldb/processed_v3/microagi/2026-05-06-12-43-07-920666.zarr,30.0,255.0,microagi,organize_kitchen_drawers,human_bimanual
2026-05-06-18-18-02-000000,s3://rldb/processed_v3/aria/2026-05-06-18-18-02-000000.zarr,30.0,5521.0,rl2,cup_on_saucer_static_cam,human_bimanual
2026-05-06-18-23-28-000000,s3://rldb/processed_v3/aria/2026-05-06-18-23-28-000000.zarr,30.0,5763.0,rl2,cup_on_saucer_static_cam,human_bimanual
2026-05-06-18-29-36-000000,s3://rldb/processed_v3/aria/2026-05-06-18-29-36-000000.zarr,30.0,5462.0,rl2,cup_on_saucer_static_cam,human_bimanual
2026-05-06-18-35-42-000000,s3://rldb/processed_v3/aria/2026-05-06-18-35-42-000000.zarr,30.0,5555.0,rl2,cup_on_saucer_static_cam,human_bimanual
2026-05-06-18-41-20-000000,s3://rldb/processed_v3/aria/2026-05-06-18-41-20-000000.zarr,30.0,4838.0,rl2,cup_on_saucer_static_cam,human_bimanual
2026-05-06-18-47-43-000000,s3://rldb/processed_v3/aria/2026-05-06-18-47-43-000000.zarr,30.0,5230.0,rl2,cup_on_saucer_static_cam,human_bimanual
2026-05-06-18-48-58-086141,s3://rldb/processed_v3/microagi/2026-05-06-18-48-58-086141.zarr,30.0,211.0,microagi,retrieve_items_from_drawer,human_bimanual
2026-05-06-18-52-31-204146,s3://rldb/processed_v3/microagi/2026-05-06-18-52-31-204146.zarr,30.0,340.0,microagi,organize_phone_parts_in_drawers,human_bimanual
2026-05-06-18-52-43-909146,s3://rldb/processed_v3/microagi/2026-05-06-18-52-43-909146.zarr,30.0,1632.0,microagi,organize_phone_parts_in_drawers,human_bimanual
2026-05-06-18-53-03-000000,s3://rldb/processed_v3/aria/2026-05-06-18-53-03-000000.zarr,30.0,4712.0,rl2,cup_on_saucer_static_cam,human_bimanual
2026-05-06-18-54-25-214835,s3://rldb/processed_v3/microagi/2026-05-06-18-54-25-214835.zarr,30.0,167.0,microagi,organize_phone_parts_in_drawers,human_bimanual
2026-05-06-18-57-32-000000,s3://rldb/processed_v3/aria/2026-05-06-18-57-32-000000.zarr,30.0,3827.0,rl2,cup_on_saucer_static_cam,human_bimanual
2026-05-06-19-23-19-000000,s3://rldb/processed_v3/aria/2026-05-06-19-23-19-000000.zarr,30.0,5755.0,rl2,cup_on_saucer_static_cam,human_bimanual
2026-05-06-19-28-42-000000,s3://rldb/processed_v3/aria/2026-05-06-19-28-42-000000.zarr,30.0,5826.0,rl2,cup_on_saucer_static_cam,human_bimanual
2026-05-06-19-34-25-000000,s3://rldb/processed_v3/aria/2026-05-06-19-34-25-000000.zarr,30.0,5479.0,rl2,cup_on_saucer_static_cam,human_bimanual
2026-05-06-19-39-57-000000,s3://rldb/processed_v3/aria/2026-05-06-19-39-57-000000.zarr,30.0,5446.0,rl2,cup_on_saucer_static_cam,human_bimanual
2026-05-06-19-46-10-000000,s3://rldb/processed_v3/aria/2026-05-06-19-46-10-000000.zarr,30.0,5717.0,rl2,cup_on_saucer_static_cam,human_bimanual
2026-05-06-19-52-20-000000,s3://rldb/processed_v3/aria/2026-05-06-19-52-20-000000.zarr,30.0,5777.0,rl2,cup_on_saucer_static_cam,human_bimanual
2026-05-06-19-57-41-000000,s3://rldb/processed_v3/aria/2026-05-06-19-57-41-000000.zarr,30.0,5196.0,rl2,cup_on_saucer_static_cam,human_bimanual
2026-05-06-20-17-11-668784,s3://rldb/processed_v3/microagi/2026-05-06-20-17-11-668784.zarr,30.0,740.0,microagi,wash_measuring_cups,human_bimanual
2026-05-06-22-12-17-000000,s3://rldb/processed_v3/aria/2026-05-06-22-12-17-000000.zarr,30.0,4497.0,rl2,cup_on_saucer_static_cam,human_bimanual
2026-05-06-22-18-40-000000,s3://rldb/processed_v3/aria/2026-05-06-22-18-40-000000.zarr,30.0,4325.0,rl2,cup_on_saucer_static_cam,human_bimanual
2026-05-06-22-24-34-000000,s3://rldb/processed_v3/aria/2026-05-06-22-24-34-000000.zarr,30.0,4361.0,rl2,cup_on_saucer_static_cam,human_bimanual
2026-05-07-05-38-45-775459,s3://rldb/processed_v3/microagi/2026-05-07-05-38-45-775459.zarr,30.0,199.0,microagi,prepare_a_cup_of_coffee,human_bimanual
2026-05-07-05-39-08-922126,s3://rldb/processed_v3/microagi/2026-05-07-05-39-08-922126.zarr,30.0,337.0,microagi,prepare_a_cup_of_coffee,human_bimanual
2026-05-07-05-40-09-622126,s3://rldb/processed_v3/microagi/2026-05-07-05-40-09-622126.zarr,30.0,377.0,microagi,prepare_a_cup_of_coffee,human_bimanual
2026-05-07-05-40-27-165459,s3://rldb/processed_v3/microagi/2026-05-07-05-40-27-165459.zarr,30.0,160.0,microagi,prepare_a_cup_of_coffee,human_bimanual
2026-05-07-05-40-39-571773,s3://rldb/processed_v3/microagi/2026-05-07-05-40-39-571773.zarr,30.0,386.0,microagi,prepare_a_cup_of_coffee,human_bimanual
2026-05-07-10-22-50-680276,s3://rldb/processed_v3/microagi/2026-05-07-10-22-50-680276.zarr,30.0,501.0,microagi,organize_cutlery_drawer,human_bimanual
2026-05-07-10-23-18-630276,s3://rldb/processed_v3/microagi/2026-05-07-10-23-18-630276.zarr,30.0,283.0,microagi,organize_cutlery_drawer,human_bimanual
2026-05-07-14-49-30-869431,s3://rldb/processed_v3/microagi/2026-05-07-14-49-30-869431.zarr,30.0,225.0,microagi,prepare_a_cup_of_tea,human_bimanual
2026-05-07-14-49-56-747764,s3://rldb/processed_v3/microagi/2026-05-07-14-49-56-747764.zarr,30.0,323.0,microagi,prepare_a_cup_of_tea,human_bimanual
2026-05-07-14-50-33-964495,s3://rldb/processed_v3/microagi/2026-05-07-14-50-33-964495.zarr,30.0,171.0,microagi,prepare_a_cup_of_tea,human_bimanual
2026-05-07-14-50-48-872828,s3://rldb/processed_v3/microagi/2026-05-07-14-50-48-872828.zarr,30.0,386.0,microagi,prepare_a_cup_of_tea,human_bimanual
2026-05-07-14-51-11-416162,s3://rldb/processed_v3/microagi/2026-05-07-14-51-11-416162.zarr,30.0,529.0,microagi,prepare_a_cup_of_tea,human_bimanual
2026-05-07-16-01-26-459137,s3://rldb/processed_v3/microagi/2026-05-07-16-01-26-459137.zarr,30.0,325.0,microagi,put_clothes_in_drawer,human_bimanual
2026-05-07-18-20-04-591164,s3://rldb/processed_v3/microagi/2026-05-07-18-20-04-591164.zarr,30.0,291.0,microagi,organize_makeup_drawer,human_bimanual
2026-05-07-18-20-37-304497,s3://rldb/processed_v3/microagi/2026-05-07-18-20-37-304497.zarr,30.0,294.0,microagi,organize_accessory_drawer,human_bimanual
2026-05-08-05-21-17-988012,s3://rldb/processed_v3/microagi/2026-05-08-05-21-17-988012.zarr,30.0,178.0,microagi,pack_snacks_into_small_cups,human_bimanual
2026-05-08-05-22-12-191259,s3://rldb/processed_v3/microagi/2026-05-08-05-22-12-191259.zarr,30.0,275.0,microagi,pack_snacks_into_small_cups,human_bimanual
2026-05-08-05-22-27-263603,s3://rldb/processed_v3/microagi/2026-05-08-05-22-27-263603.zarr,30.0,353.0,microagi,pack_snacks_into_small_cups,human_bimanual
2026-05-08-05-22-51-778278,s3://rldb/processed_v3/microagi/2026-05-08-05-22-51-778278.zarr,30.0,338.0,microagi,pack_snacks_into_small_cups,human_bimanual
2026-05-08-05-23-04-263673,s3://rldb/processed_v3/microagi/2026-05-08-05-23-04-263673.zarr,30.0,165.0,microagi,pack_snacks_into_small_cups,human_bimanual
2026-05-08-05-23-37-391573,s3://rldb/processed_v3/microagi/2026-05-08-05-23-37-391573.zarr,30.0,317.0,microagi,pack_snacks_into_small_cups,human_bimanual
2026-05-08-05-24-07-589578,s3://rldb/processed_v3/microagi/2026-05-08-05-24-07-589578.zarr,30.0,158.0,microagi,pack_snacks_into_small_cups,human_bimanual
2026-05-08-05-42-19-868355,s3://rldb/processed_v3/microagi/2026-05-08-05-42-19-868355.zarr,30.0,477.0,microagi,pack_snacks_into_cups,human_bimanual
2026-05-08-05-42-48-934337,s3://rldb/processed_v3/microagi/2026-05-08-05-42-48-934337.zarr,30.0,343.0,microagi,pack_snacks_into_cups,human_bimanual
2026-05-08-05-43-02-718212,s3://rldb/processed_v3/microagi/2026-05-08-05-43-02-718212.zarr,30.0,419.0,microagi,pack_snacks_into_cups,human_bimanual
2026-05-08-05-43-17-800568,s3://rldb/processed_v3/microagi/2026-05-08-05-43-17-800568.zarr,30.0,1287.0,microagi,pack_snacks_into_cups,human_bimanual
2026-05-08-05-44-31-214672,s3://rldb/processed_v3/microagi/2026-05-08-05-44-31-214672.zarr,30.0,247.0,microagi,pack_snacks_into_cups,human_bimanual
2026-05-08-05-44-42-368294,s3://rldb/processed_v3/microagi/2026-05-08-05-44-42-368294.zarr,30.0,165.0,microagi,pack_snacks_into_cups,human_bimanual
2026-05-08-05-44-47-895172,s3://rldb/processed_v3/microagi/2026-05-08-05-44-47-895172.zarr,30.0,389.0,microagi,pack_snacks_into_cups,human_bimanual
2026-05-08-05-45-50-954731,s3://rldb/processed_v3/microagi/2026-05-08-05-45-50-954731.zarr,30.0,314.0,microagi,pack_snacks_into_small_cups,human_bimanual
2026-05-08-05-46-14-726913,s3://rldb/processed_v3/microagi/2026-05-08-05-46-14-726913.zarr,30.0,334.0,microagi,pack_snacks_into_small_cups,human_bimanual
2026-05-08-05-46-43-027134,s3://rldb/processed_v3/microagi/2026-05-08-05-46-43-027134.zarr,30.0,164.0,microagi,pack_snacks_into_small_cups,human_bimanual
2026-05-08-05-46-54-513701,s3://rldb/processed_v3/microagi/2026-05-08-05-46-54-513701.zarr,30.0,201.0,microagi,pack_snacks_into_small_cups,human_bimanual
2026-05-08-05-47-06-766040,s3://rldb/processed_v3/microagi/2026-05-08-05-47-06-766040.zarr,30.0,237.0,microagi,pack_snacks_into_small_cups,human_bimanual
2026-05-08-05-47-45-087861,s3://rldb/processed_v3/microagi/2026-05-08-05-47-45-087861.zarr,30.0,178.0,microagi,pack_snacks_into_small_cups,human_bimanual
2026-05-08-05-48-29-136326,s3://rldb/processed_v3/microagi/2026-05-08-05-48-29-136326.zarr,30.0,918.0,microagi,pack_snacks_into_small_cups,human_bimanual
2026-05-08-05-49-46-479180,s3://rldb/processed_v3/microagi/2026-05-08-05-49-46-479180.zarr,30.0,1419.0,microagi,pack_snacks_into_small_cups,human_bimanual
2026-05-08-05-52-29-355282,s3://rldb/processed_v3/microagi/2026-05-08-05-52-29-355282.zarr,30.0,173.0,microagi,pack_snacks_into_cups,human_bimanual
2026-05-08-05-53-27-487279,s3://rldb/processed_v3/microagi/2026-05-08-05-53-27-487279.zarr,30.0,159.0,microagi,pack_snacks_into_cups,human_bimanual
2026-05-08-05-53-37-076068,s3://rldb/processed_v3/microagi/2026-05-08-05-53-37-076068.zarr,30.0,176.0,microagi,pack_snacks_into_cups,human_bimanual
2026-05-08-05-53-56-719741,s3://rldb/processed_v3/microagi/2026-05-08-05-53-56-719741.zarr,30.0,2700.0,microagi,pack_snacks_into_cups,human_bimanual
2026-05-08-05-55-29-910712,s3://rldb/processed_v3/microagi/2026-05-08-05-55-29-910712.zarr,30.0,2114.0,microagi,pack_snacks_into_cups,human_bimanual
2026-05-08-05-56-57-508230,s3://rldb/processed_v3/microagi/2026-05-08-05-56-57-508230.zarr,30.0,602.0,microagi,pack_snacks_into_cups,human_bimanual
2026-05-08-05-57-18-317216,s3://rldb/processed_v3/microagi/2026-05-08-05-57-18-317216.zarr,30.0,237.0,microagi,pack_snacks_into_cups,human_bimanual
2026-05-08-05-58-02-798525,s3://rldb/processed_v3/microagi/2026-05-08-05-58-02-798525.zarr,30.0,1803.0,microagi,pack_snacks_into_cups,human_bimanual
2026-05-08-05-59-09-187509,s3://rldb/processed_v3/microagi/2026-05-08-05-59-09-187509.zarr,30.0,176.0,microagi,pack_snacks_into_cups,human_bimanual
2026-05-08-05-59-44-978964,s3://rldb/processed_v3/microagi/2026-05-08-05-59-44-978964.zarr,30.0,682.0,microagi,pack_snacks_into_cups,human_bimanual
2026-05-08-06-00-16-042631,s3://rldb/processed_v3/microagi/2026-05-08-06-00-16-042631.zarr,30.0,1210.0,microagi,pack_snacks_into_cups,human_bimanual
2026-05-08-06-00-56-395420,s3://rldb/processed_v3/microagi/2026-05-08-06-00-56-395420.zarr,30.0,723.0,microagi,pack_snacks_into_cups,human_bimanual
2026-05-08-06-01-32-819478,s3://rldb/processed_v3/microagi/2026-05-08-06-01-32-819478.zarr,30.0,4053.0,microagi,pack_snacks_into_cups,human_bimanual
2026-05-08-06-03-48-860314,s3://rldb/processed_v3/microagi/2026-05-08-06-03-48-860314.zarr,30.0,386.0,microagi,pack_snacks_into_cups,human_bimanual
2026-05-08-06-04-11-833428,s3://rldb/processed_v3/microagi/2026-05-08-06-04-11-833428.zarr,30.0,265.0,microagi,pack_snacks_into_cups,human_bimanual
2026-05-08-06-04-25-550717,s3://rldb/processed_v3/microagi/2026-05-08-06-04-25-550717.zarr,30.0,1100.0,microagi,pack_snacks_into_cups,human_bimanual
2026-05-08-06-05-25-180960,s3://rldb/processed_v3/microagi/2026-05-08-06-05-25-180960.zarr,30.0,400.0,microagi,pack_snacks_into_cups,human_bimanual
2026-05-08-06-28-56-772815,s3://rldb/processed_v3/microagi/2026-05-08-06-28-56-772815.zarr,30.0,552.0,microagi,decorate_paper_cup,human_bimanual
2026-05-08-06-29-32-630876,s3://rldb/processed_v3/microagi/2026-05-08-06-29-32-630876.zarr,30.0,492.0,microagi,decorate_paper_cup,human_bimanual
2026-05-08-06-31-19-605700,s3://rldb/processed_v3/microagi/2026-05-08-06-31-19-605700.zarr,30.0,305.0,microagi,decorate_paper_cup,human_bimanual
2026-05-08-06-36-25-514477,s3://rldb/processed_v3/microagi/2026-05-08-06-36-25-514477.zarr,30.0,337.0,microagi,Decorate_small_cup,human_bimanual
2026-05-08-06-39-07-658115,s3://rldb/processed_v3/microagi/2026-05-08-06-39-07-658115.zarr,30.0,543.0,microagi,Decorate_and_prepare_gift_cups,human_bimanual
2026-05-08-06-39-56-448541,s3://rldb/processed_v3/microagi/2026-05-08-06-39-56-448541.zarr,30.0,234.0,microagi,prepare_snack_cups,human_bimanual
2026-05-08-06-40-05-371452,s3://rldb/processed_v3/microagi/2026-05-08-06-40-05-371452.zarr,30.0,270.0,microagi,prepare_snack_cups,human_bimanual
2026-05-08-06-40-19-355085,s3://rldb/processed_v3/microagi/2026-05-08-06-40-19-355085.zarr,30.0,541.0,microagi,prepare_snack_cups,human_bimanual
2026-05-08-06-40-38-565938,s3://rldb/processed_v3/microagi/2026-05-08-06-40-38-565938.zarr,30.0,302.0,microagi,prepare_snack_cups,human_bimanual
2026-05-08-06-41-06-133692,s3://rldb/processed_v3/microagi/2026-05-08-06-41-06-133692.zarr,30.0,201.0,microagi,prepare_snack_cups,human_bimanual
2026-05-08-06-41-12-859148,s3://rldb/processed_v3/microagi/2026-05-08-06-41-12-859148.zarr,30.0,284.0,microagi,prepare_snack_cups,human_bimanual
2026-05-08-06-41-28-973642,s3://rldb/processed_v3/microagi/2026-05-08-06-41-28-973642.zarr,30.0,468.0,microagi,prepare_snack_cups,human_bimanual
2026-05-08-06-41-53-811238,s3://rldb/processed_v3/microagi/2026-05-08-06-41-53-811238.zarr,30.0,196.0,microagi,prepare_snack_cups,human_bimanual
2026-05-08-06-42-31-733546,s3://rldb/processed_v3/microagi/2026-05-08-06-42-31-733546.zarr,30.0,438.0,microagi,pack_nuts_into_small_cups,human_bimanual
2026-05-08-06-42-57-536691,s3://rldb/processed_v3/microagi/2026-05-08-06-42-57-536691.zarr,30.0,861.0,microagi,pack_nuts_into_small_cups,human_bimanual
2026-05-08-06-43-26-735855,s3://rldb/processed_v3/microagi/2026-05-08-06-43-26-735855.zarr,30.0,173.0,microagi,pack_nuts_into_small_cups,human_bimanual
2026-05-08-06-43-43-383066,s3://rldb/processed_v3/microagi/2026-05-08-06-43-43-383066.zarr,30.0,186.0,microagi,pack_nuts_into_small_cups,human_bimanual
2026-05-08-06-43-52-838667,s3://rldb/processed_v3/microagi/2026-05-08-06-43-52-838667.zarr,30.0,350.0,microagi,pack_nuts_into_small_cups,human_bimanual
2026-05-08-06-44-40-715983,s3://rldb/processed_v3/microagi/2026-05-08-06-44-40-715983.zarr,30.0,462.0,microagi,pack_nuts_into_small_cups,human_bimanual
2026-05-08-06-45-04-588052,s3://rldb/processed_v3/microagi/2026-05-08-06-45-04-588052.zarr,30.0,302.0,microagi,pack_nuts_into_small_cups,human_bimanual
2026-05-08-06-45-18-505107,s3://rldb/processed_v3/microagi/2026-05-08-06-45-18-505107.zarr,30.0,216.0,microagi,pack_nuts_into_small_cups,human_bimanual
2026-05-08-06-45-35-784894,s3://rldb/processed_v3/microagi/2026-05-08-06-45-35-784894.zarr,30.0,1346.0,microagi,pack_nuts_into_small_cups,human_bimanual
2026-05-08-06-46-22-130669,s3://rldb/processed_v3/microagi/2026-05-08-06-46-22-130669.zarr,30.0,520.0,microagi,pack_nuts_into_small_cups,human_bimanual
2026-05-08-06-46-47-234636,s3://rldb/processed_v3/microagi/2026-05-08-06-46-47-234636.zarr,30.0,563.0,microagi,pack_nuts_into_small_cups,human_bimanual
2026-05-08-06-47-17-299448,s3://rldb/processed_v3/microagi/2026-05-08-06-47-17-299448.zarr,30.0,1259.0,microagi,pack_nuts_into_small_cups,human_bimanual
2026-05-08-06-48-07-540673,s3://rldb/processed_v3/microagi/2026-05-08-06-48-07-540673.zarr,30.0,215.0,microagi,pack_nuts_into_small_cups,human_bimanual
2026-05-08-06-48-25-086808,s3://rldb/processed_v3/microagi/2026-05-08-06-48-25-086808.zarr,30.0,384.0,microagi,pack_nuts_into_small_cups,human_bimanual
2026-05-08-06-49-24-883520,s3://rldb/processed_v3/microagi/2026-05-08-06-49-24-883520.zarr,30.0,495.0,microagi,pack_nuts_into_small_cups,human_bimanual
2026-05-08-06-49-45-792387,s3://rldb/processed_v3/microagi/2026-05-08-06-49-45-792387.zarr,30.0,1317.0,microagi,pack_nuts_into_small_cups,human_bimanual
2026-05-08-06-51-33-066887,s3://rldb/processed_v3/microagi/2026-05-08-06-51-33-066887.zarr,30.0,241.0,microagi,pack_nuts_into_small_cups,human_bimanual
2026-05-08-06-52-40-987436,s3://rldb/processed_v3/microagi/2026-05-08-06-52-40-987436.zarr,30.0,504.0,microagi,pack_nuts_into_small_cups,human_bimanual
2026-05-08-06-52-58-219755,s3://rldb/processed_v3/microagi/2026-05-08-06-52-58-219755.zarr,30.0,491.0,microagi,Decorate_small_cups,human_bimanual
2026-05-08-06-53-30-829118,s3://rldb/processed_v3/microagi/2026-05-08-06-53-30-829118.zarr,30.0,156.0,microagi,pack_nuts_into_small_cups,human_bimanual
2026-05-08-06-53-43-247918,s3://rldb/processed_v3/microagi/2026-05-08-06-53-43-247918.zarr,30.0,202.0,microagi,pack_nuts_into_small_cups,human_bimanual
2026-05-08-06-53-53-036477,s3://rldb/processed_v3/microagi/2026-05-08-06-53-53-036477.zarr,30.0,1637.0,microagi,pack_nuts_into_small_cups,human_bimanual
2026-05-08-06-54-15-762373,s3://rldb/processed_v3/microagi/2026-05-08-06-54-15-762373.zarr,30.0,340.0,microagi,Decorate_small_cups,human_bimanual
2026-05-08-06-54-57-427805,s3://rldb/processed_v3/microagi/2026-05-08-06-54-57-427805.zarr,30.0,786.0,microagi,pack_nuts_into_small_cups,human_bimanual
2026-05-08-06-55-51-797528,s3://rldb/processed_v3/microagi/2026-05-08-06-55-51-797528.zarr,30.0,534.0,microagi,pack_nuts_into_small_cups,human_bimanual
2026-05-08-06-56-09-809783,s3://rldb/processed_v3/microagi/2026-05-08-06-56-09-809783.zarr,30.0,289.0,microagi,pack_nuts_into_small_cups,human_bimanual
2026-05-08-06-56-24-359433,s3://rldb/processed_v3/microagi/2026-05-08-06-56-24-359433.zarr,30.0,237.0,microagi,pack_nuts_into_small_cups,human_bimanual
2026-05-08-06-56-32-816200,s3://rldb/processed_v3/microagi/2026-05-08-06-56-32-816200.zarr,30.0,361.0,microagi,pack_nuts_into_small_cups,human_bimanual
2026-05-08-06-57-13-202294,s3://rldb/processed_v3/microagi/2026-05-08-06-57-13-202294.zarr,30.0,1177.0,microagi,pack_nuts_into_small_cups,human_bimanual
2026-05-08-06-58-06-639768,s3://rldb/processed_v3/microagi/2026-05-08-06-58-06-639768.zarr,30.0,1055.0,microagi,pack_nuts_into_small_cups,human_bimanual
2026-05-08-06-59-36-567902,s3://rldb/processed_v3/microagi/2026-05-08-06-59-36-567902.zarr,30.0,322.0,microagi,pack_nuts_into_small_cups,human_bimanual
2026-05-08-07-00-54-643228,s3://rldb/processed_v3/microagi/2026-05-08-07-00-54-643228.zarr,30.0,445.0,microagi,pack_nuts_into_small_cups,human_bimanual
2026-05-08-07-01-15-851739,s3://rldb/processed_v3/microagi/2026-05-08-07-01-15-851739.zarr,30.0,425.0,microagi,pack_nuts_into_small_cups,human_bimanual
2026-05-08-07-03-44-344683,s3://rldb/processed_v3/microagi/2026-05-08-07-03-44-344683.zarr,30.0,334.0,microagi,pack_nuts_into_small_cups,human_bimanual
2026-05-08-07-04-26-728429,s3://rldb/processed_v3/microagi/2026-05-08-07-04-26-728429.zarr,30.0,160.0,microagi,pack_nuts_into_small_cups,human_bimanual
2026-05-08-07-04-33-220829,s3://rldb/processed_v3/microagi/2026-05-08-07-04-33-220829.zarr,30.0,247.0,microagi,pack_nuts_into_small_cups,human_bimanual
2026-05-08-07-04-43-075973,s3://rldb/processed_v3/microagi/2026-05-08-07-04-43-075973.zarr,30.0,172.0,microagi,pack_nuts_into_small_cups,human_bimanual
2026-05-08-07-05-44-703868,s3://rldb/processed_v3/microagi/2026-05-08-07-05-44-703868.zarr,30.0,333.0,microagi,pack_nuts_into_small_cups,human_bimanual
2026-05-08-07-06-46-198598,s3://rldb/processed_v3/microagi/2026-05-08-07-06-46-198598.zarr,30.0,194.0,microagi,pack_nuts_into_small_cups,human_bimanual
2026-05-08-07-07-46-261650,s3://rldb/processed_v3/microagi/2026-05-08-07-07-46-261650.zarr,30.0,179.0,microagi,pack_nuts_into_small_cups,human_bimanual
2026-05-08-07-09-34-068867,s3://rldb/processed_v3/microagi/2026-05-08-07-09-34-068867.zarr,30.0,206.0,microagi,pack_nuts_into_small_cups,human_bimanual
2026-05-08-09-54-45-912219,s3://rldb/processed_v3/microagi/2026-05-08-09-54-45-912219.zarr,30.0,236.0,microagi,pack_snacks_into_small_cups,human_bimanual
2026-05-08-12-39-28-448539,s3://rldb/processed_v3/microagi/2026-05-08-12-39-28-448539.zarr,30.0,727.0,microagi,Clean_kitchen_drawer,human_bimanual
2026-05-08-12-39-58-140206,s3://rldb/processed_v3/microagi/2026-05-08-12-39-58-140206.zarr,30.0,362.0,microagi,Clean_kitchen_drawer,human_bimanual
2026-05-08-12-40-13-351872,s3://rldb/processed_v3/microagi/2026-05-08-12-40-13-351872.zarr,30.0,177.0,microagi,Clean_kitchen_drawer,human_bimanual
2026-05-08-12-40-20-225206,s3://rldb/processed_v3/microagi/2026-05-08-12-40-20-225206.zarr,30.0,222.0,microagi,Clean_kitchen_drawer,human_bimanual
2026-05-08-12-40-35-436872,s3://rldb/processed_v3/microagi/2026-05-08-12-40-35-436872.zarr,30.0,165.0,microagi,Clean_kitchen_drawer,human_bimanual
2026-05-08-12-41-05-428539,s3://rldb/processed_v3/microagi/2026-05-08-12-41-05-428539.zarr,30.0,342.0,microagi,Clean_kitchen_drawer,human_bimanual
2026-05-08-12-41-27-980139,s3://rldb/processed_v3/microagi/2026-05-08-12-41-27-980139.zarr,30.0,248.0,microagi,Clean_kitchen_drawer,human_bimanual
2026-05-08-12-42-52-081805,s3://rldb/processed_v3/microagi/2026-05-08-12-42-52-081805.zarr,30.0,178.0,microagi,Clean_kitchen_drawer,human_bimanual
2026-05-08-12-43-04-726805,s3://rldb/processed_v3/microagi/2026-05-08-12-43-04-726805.zarr,30.0,317.0,microagi,Clean_kitchen_drawer,human_bimanual
2026-05-08-12-43-16-301577,s3://rldb/processed_v3/microagi/2026-05-08-12-43-16-301577.zarr,30.0,608.0,microagi,Clean_kitchen_drawer,human_bimanual
2026-05-08-12-43-39-654911,s3://rldb/processed_v3/microagi/2026-05-08-12-43-39-654911.zarr,30.0,268.0,microagi,Clean_kitchen_drawer,human_bimanual
2026-05-08-17-09-38-224478,s3://rldb/processed_v3/microagi/2026-05-08-17-09-38-224478.zarr,30.0,252.0,microagi,organize_drawer,human_bimanual
2026-05-09-06-32-33-841248,s3://rldb/processed_v3/microagi/2026-05-09-06-32-33-841248.zarr,30.0,1524.0,microagi,pack_sesame_seeds_into_small_plastic_cup,human_bimanual
2026-05-09-06-33-30-175325,s3://rldb/processed_v3/microagi/2026-05-09-06-33-30-175325.zarr,30.0,784.0,microagi,pack_sesame_seeds_into_small_plastic_cup,human_bimanual
2026-05-09-08-30-18-406142,s3://rldb/processed_v3/microagi/2026-05-09-08-30-18-406142.zarr,30.0,327.0,microagi,decorate_wooden_cups,human_bimanual
2026-05-09-08-32-18-265926,s3://rldb/processed_v3/microagi/2026-05-09-08-32-18-265926.zarr,30.0,348.0,microagi,decorate_wooden_cups,human_bimanual
2026-05-09-08-32-50-361702,s3://rldb/processed_v3/microagi/2026-05-09-08-32-50-361702.zarr,30.0,538.0,microagi,decorate_wooden_cups,human_bimanual
2026-05-09-08-33-24-887963,s3://rldb/processed_v3/microagi/2026-05-09-08-33-24-887963.zarr,30.0,214.0,microagi,decorate_wooden_cups,human_bimanual
2026-05-09-08-37-27-933610,s3://rldb/processed_v3/microagi/2026-05-09-08-37-27-933610.zarr,30.0,1157.0,microagi,decorate_small_cups,human_bimanual
2026-05-09-08-38-23-102400,s3://rldb/processed_v3/microagi/2026-05-09-08-38-23-102400.zarr,30.0,619.0,microagi,decorate_small_cups,human_bimanual
2026-05-09-08-39-01-857064,s3://rldb/processed_v3/microagi/2026-05-09-08-39-01-857064.zarr,30.0,350.0,microagi,decorate_small_cups,human_bimanual
2026-05-09-08-39-21-367569,s3://rldb/processed_v3/microagi/2026-05-09-08-39-21-367569.zarr,30.0,233.0,microagi,decorate_small_cups,human_bimanual
2026-05-09-08-41-19-299603,s3://rldb/processed_v3/microagi/2026-05-09-08-41-19-299603.zarr,30.0,243.0,microagi,decorate_small_cups,human_bimanual
2026-05-09-08-42-03-780900,s3://rldb/processed_v3/microagi/2026-05-09-08-42-03-780900.zarr,30.0,448.0,microagi,decorate_small_cups,human_bimanual
2026-05-09-09-02-39-467140,s3://rldb/processed_v3/microagi/2026-05-09-09-02-39-467140.zarr,30.0,594.0,microagi,decorate_wooden_cups,human_bimanual
2026-05-09-09-05-05-296549,s3://rldb/processed_v3/microagi/2026-05-09-09-05-05-296549.zarr,30.0,893.0,microagi,decorate_wooden_cups,human_bimanual
2026-05-09-09-07-35-520781,s3://rldb/processed_v3/microagi/2026-05-09-09-07-35-520781.zarr,30.0,521.0,microagi,decorate_wooden_cups,human_bimanual
2026-05-09-09-08-19-093135,s3://rldb/processed_v3/microagi/2026-05-09-09-08-19-093135.zarr,30.0,403.0,microagi,decorate_wooden_cups,human_bimanual
2026-05-09-09-10-17-031828,s3://rldb/processed_v3/microagi/2026-05-09-09-10-17-031828.zarr,30.0,268.0,microagi,decorate_wooden_cups,human_bimanual
2026-05-09-09-10-27-120038,s3://rldb/processed_v3/microagi/2026-05-09-09-10-27-120038.zarr,30.0,521.0,microagi,decorate_wooden_cups,human_bimanual
2026-05-09-09-11-09-403894,s3://rldb/processed_v3/microagi/2026-05-09-09-11-09-403894.zarr,30.0,453.0,microagi,Decorate_wooden_cups,human_bimanual
2026-05-09-09-13-21-339528,s3://rldb/processed_v3/microagi/2026-05-09-09-13-21-339528.zarr,30.0,370.0,microagi,Decorate_wooden_cups,human_bimanual
2026-05-09-09-14-09-293435,s3://rldb/processed_v3/microagi/2026-05-09-09-14-09-293435.zarr,30.0,405.0,microagi,Decorate_wooden_cups,human_bimanual
2026-05-09-09-14-55-928863,s3://rldb/processed_v3/microagi/2026-05-09-09-14-55-928863.zarr,30.0,692.0,microagi,Decorate_wooden_cups,human_bimanual
2026-05-09-09-15-39-920732,s3://rldb/processed_v3/microagi/2026-05-09-09-15-39-920732.zarr,30.0,437.0,microagi,Decorate_wooden_cups,human_bimanual
2026-05-09-09-16-44-801492,s3://rldb/processed_v3/microagi/2026-05-09-09-16-44-801492.zarr,30.0,297.0,microagi,Decorate_wooden_cups,human_bimanual
2026-05-09-09-17-48-037505,s3://rldb/processed_v3/microagi/2026-05-09-09-17-48-037505.zarr,30.0,624.0,microagi,Decorate_wooden_cups,human_bimanual
2026-05-09-09-31-37-231475,s3://rldb/processed_v3/microagi/2026-05-09-09-31-37-231475.zarr,30.0,360.0,microagi,organize_drawer_contents,human_bimanual
2026-05-09-09-33-16-831614,s3://rldb/processed_v3/microagi/2026-05-09-09-33-16-831614.zarr,30.0,183.0,microagi,organize_drawer_contents,human_bimanual
2026-05-09-09-33-29-580014,s3://rldb/processed_v3/microagi/2026-05-09-09-33-29-580014.zarr,30.0,728.0,microagi,organize_drawer_contents,human_bimanual
2026-05-09-09-47-31-301618,s3://rldb/processed_v3/microagi/2026-05-09-09-47-31-301618.zarr,30.0,346.0,microagi,decorate_wooden_cups,human_bimanual
2026-05-09-09-48-16-182441,s3://rldb/processed_v3/microagi/2026-05-09-09-48-16-182441.zarr,30.0,616.0,microagi,decorate_wooden_cups,human_bimanual
2026-05-09-09-48-51-750831,s3://rldb/processed_v3/microagi/2026-05-09-09-48-51-750831.zarr,30.0,197.0,microagi,decorate_wooden_cups,human_bimanual
2026-05-09-09-48-58-865820,s3://rldb/processed_v3/microagi/2026-05-09-09-48-58-865820.zarr,30.0,218.0,microagi,decorate_wooden_cups,human_bimanual
2026-05-09-09-50-25-298039,s3://rldb/processed_v3/microagi/2026-05-09-09-50-25-298039.zarr,30.0,383.0,microagi,decorate_wooden_cups,human_bimanual
2026-05-09-09-50-53-298609,s3://rldb/processed_v3/microagi/2026-05-09-09-50-53-298609.zarr,30.0,346.0,microagi,decorate_wooden_cups,human_bimanual
2026-05-09-09-51-56-724408,s3://rldb/processed_v3/microagi/2026-05-09-09-51-56-724408.zarr,30.0,329.0,microagi,decorate_wooden_cups,human_bimanual
2026-05-09-09-52-55-332514,s3://rldb/processed_v3/microagi/2026-05-09-09-52-55-332514.zarr,30.0,271.0,microagi,decorate_wooden_cups,human_bimanual
2026-05-09-09-53-36-317918,s3://rldb/processed_v3/microagi/2026-05-09-09-53-36-317918.zarr,30.0,486.0,microagi,decorate_wooden_cups,human_bimanual
2026-05-09-09-55-21-518163,s3://rldb/processed_v3/microagi/2026-05-09-09-55-21-518163.zarr,30.0,368.0,microagi,decorate_wooden_cups,human_bimanual
2026-05-09-09-55-48-087058,s3://rldb/processed_v3/microagi/2026-05-09-09-55-48-087058.zarr,30.0,388.0,microagi,decorate_wooden_cups,human_bimanual
2026-05-09-09-57-03-898366,s3://rldb/processed_v3/microagi/2026-05-09-09-57-03-898366.zarr,30.0,307.0,microagi,decorate_wooden_cups,human_bimanual
2026-05-09-09-59-08-719001,s3://rldb/processed_v3/microagi/2026-05-09-09-59-08-719001.zarr,30.0,317.0,microagi,decorate_wooden_cups,human_bimanual
2026-05-09-09-59-38-317713,s3://rldb/processed_v3/microagi/2026-05-09-09-59-38-317713.zarr,30.0,346.0,microagi,decorate_small_cup,human_bimanual
2026-05-09-10-00-43-308342,s3://rldb/processed_v3/microagi/2026-05-09-10-00-43-308342.zarr,30.0,366.0,microagi,decorate_small_cup,human_bimanual
2026-05-09-10-01-10-876090,s3://rldb/processed_v3/microagi/2026-05-09-10-01-10-876090.zarr,30.0,302.0,microagi,decorate_small_cup,human_bimanual
2026-05-09-10-01-30-419890,s3://rldb/processed_v3/microagi/2026-05-09-10-01-30-419890.zarr,30.0,851.0,microagi,decorate_small_cup,human_bimanual
2026-05-09-10-02-15-300715,s3://rldb/processed_v3/microagi/2026-05-09-10-02-15-300715.zarr,30.0,424.0,microagi,decorate_small_cup,human_bimanual
2026-05-09-10-03-14-364944,s3://rldb/processed_v3/microagi/2026-05-09-10-03-14-364944.zarr,30.0,595.0,microagi,decorate_small_cup,human_bimanual
2026-05-09-10-05-25-677991,s3://rldb/processed_v3/microagi/2026-05-09-10-05-25-677991.zarr,30.0,614.0,microagi,decorate_small_cup,human_bimanual
2026-05-09-10-06-01-402877,s3://rldb/processed_v3/microagi/2026-05-09-10-06-01-402877.zarr,30.0,485.0,microagi,decorate_small_cup,human_bimanual
2026-05-09-10-06-55-273176,s3://rldb/processed_v3/microagi/2026-05-09-10-06-55-273176.zarr,30.0,538.0,microagi,decorate_small_cup,human_bimanual
2026-05-09-10-07-29-599684,s3://rldb/processed_v3/microagi/2026-05-09-10-07-29-599684.zarr,30.0,382.0,microagi,decorate_small_cup,human_bimanual
2026-05-09-10-08-16-677937,s3://rldb/processed_v3/microagi/2026-05-09-10-08-16-677937.zarr,30.0,527.0,microagi,decorate_small_cup,human_bimanual
2026-05-09-10-08-38-718806,s3://rldb/processed_v3/microagi/2026-05-09-10-08-38-718806.zarr,30.0,309.0,microagi,decorate_small_cup,human_bimanual
2026-05-09-10-10-41-969615,s3://rldb/processed_v3/microagi/2026-05-09-10-10-41-969615.zarr,30.0,1305.0,microagi,organize_items_on_shelf_and_in_drawer,human_bimanual
2026-05-09-10-11-34-334615,s3://rldb/processed_v3/microagi/2026-05-09-10-11-34-334615.zarr,30.0,273.0,microagi,organize_items_on_shelf_and_in_drawer,human_bimanual
2026-05-09-10-11-55-415258,s3://rldb/processed_v3/microagi/2026-05-09-10-11-55-415258.zarr,30.0,350.0,microagi,organize_items_on_shelf_and_in_drawer,human_bimanual
2026-05-09-10-12-22-998592,s3://rldb/processed_v3/microagi/2026-05-09-10-12-22-998592.zarr,30.0,713.0,microagi,organize_items_on_shelf_and_in_drawer,human_bimanual
2026-05-09-10-13-33-343592,s3://rldb/processed_v3/microagi/2026-05-09-10-13-33-343592.zarr,30.0,503.0,microagi,organize_items_on_shelf_and_in_drawer,human_bimanual
2026-05-09-10-13-55-057341,s3://rldb/processed_v3/microagi/2026-05-09-10-13-55-057341.zarr,30.0,1549.0,microagi,organize_items_on_shelf_and_in_drawer,human_bimanual
2026-05-09-10-17-33-194313,s3://rldb/processed_v3/microagi/2026-05-09-10-17-33-194313.zarr,30.0,818.0,microagi,organize_items_on_shelf_and_in_drawer,human_bimanual
2026-05-09-10-18-11-751137,s3://rldb/processed_v3/microagi/2026-05-09-10-18-11-751137.zarr,30.0,607.0,microagi,organize_items_on_shelf_and_in_drawer,human_bimanual
2026-05-09-10-18-38-667804,s3://rldb/processed_v3/microagi/2026-05-09-10-18-38-667804.zarr,30.0,354.0,microagi,organize_items_on_shelf_and_in_drawer,human_bimanual
2026-05-09-10-19-28-332804,s3://rldb/processed_v3/microagi/2026-05-09-10-19-28-332804.zarr,30.0,415.0,microagi,organize_items_on_shelf_and_in_drawer,human_bimanual
2026-05-09-10-19-35-522136,s3://rldb/processed_v3/microagi/2026-05-09-10-19-35-522136.zarr,30.0,1376.0,microagi,decorate_wooden_cups,human_bimanual
2026-05-09-10-20-36-007982,s3://rldb/processed_v3/microagi/2026-05-09-10-20-36-007982.zarr,30.0,1600.0,microagi,organize_items_on_shelf_and_in_drawer,human_bimanual
2026-05-09-10-22-32-448035,s3://rldb/processed_v3/microagi/2026-05-09-10-22-32-448035.zarr,30.0,1113.0,microagi,organize_items_on_shelf_and_in_drawer,human_bimanual
2026-05-09-10-25-21-186348,s3://rldb/processed_v3/microagi/2026-05-09-10-25-21-186348.zarr,30.0,910.0,microagi,organize_boxes_and_drawers,human_bimanual
2026-05-09-10-25-54-374510,s3://rldb/processed_v3/microagi/2026-05-09-10-25-54-374510.zarr,30.0,223.0,microagi,organize_boxes_and_drawers,human_bimanual
2026-05-09-10-26-47-039510,s3://rldb/processed_v3/microagi/2026-05-09-10-26-47-039510.zarr,30.0,872.0,microagi,organize_boxes_and_drawers,human_bimanual
2026-05-09-10-27-37-737844,s3://rldb/processed_v3/microagi/2026-05-09-10-27-37-737844.zarr,30.0,195.0,microagi,organize_boxes_and_drawers,human_bimanual
2026-05-09-10-27-45-276070,s3://rldb/processed_v3/microagi/2026-05-09-10-27-45-276070.zarr,30.0,182.0,microagi,organize_boxes_and_drawers,human_bimanual
2026-05-09-10-53-32-736241,s3://rldb/processed_v3/microagi/2026-05-09-10-53-32-736241.zarr,30.0,869.0,microagi,get_utensils_from_drawer,human_bimanual
2026-05-09-10-58-59-441812,s3://rldb/processed_v3/microagi/2026-05-09-10-58-59-441812.zarr,30.0,483.0,microagi,organize_cans_in_drawer,human_bimanual
2026-05-09-10-59-15-785145,s3://rldb/processed_v3/microagi/2026-05-09-10-59-15-785145.zarr,30.0,203.0,microagi,organize_cans_in_drawer,human_bimanual
2026-05-09-10-59-23-421812,s3://rldb/processed_v3/microagi/2026-05-09-10-59-23-421812.zarr,30.0,809.0,microagi,organize_cans_in_drawer,human_bimanual
2026-05-09-10-59-54-571812,s3://rldb/processed_v3/microagi/2026-05-09-10-59-54-571812.zarr,30.0,150.0,microagi,organize_cans_in_drawer,human_bimanual
2026-05-09-11-00-20-520145,s3://rldb/processed_v3/microagi/2026-05-09-11-00-20-520145.zarr,30.0,230.0,microagi,organize_cans_in_drawer,human_bimanual
2026-05-09-11-00-35-028479,s3://rldb/processed_v3/microagi/2026-05-09-11-00-35-028479.zarr,30.0,323.0,microagi,organize_cans_in_drawer,human_bimanual
2026-05-09-11-01-46-634091,s3://rldb/processed_v3/microagi/2026-05-09-11-01-46-634091.zarr,30.0,188.0,microagi,organize_cans_in_drawer,human_bimanual
2026-05-09-11-01-53-537424,s3://rldb/processed_v3/microagi/2026-05-09-11-01-53-537424.zarr,30.0,743.0,microagi,organize_cans_in_drawer,human_bimanual
2026-05-09-12-08-06-702140,s3://rldb/processed_v3/microagi/2026-05-09-12-08-06-702140.zarr,30.0,175.0,microagi,Prepare_a_cup_of_tea,human_bimanual
2026-05-09-12-08-35-018806,s3://rldb/processed_v3/microagi/2026-05-09-12-08-35-018806.zarr,30.0,844.0,microagi,Prepare_a_cup_of_tea,human_bimanual
2026-05-09-12-09-07-005473,s3://rldb/processed_v3/microagi/2026-05-09-12-09-07-005473.zarr,30.0,258.0,microagi,Prepare_a_cup_of_tea,human_bimanual
2026-05-09-12-09-31-220820,s3://rldb/processed_v3/microagi/2026-05-09-12-09-31-220820.zarr,30.0,321.0,microagi,Prepare_a_cup_of_tea,human_bimanual
2026-05-09-12-09-43-027487,s3://rldb/processed_v3/microagi/2026-05-09-12-09-43-027487.zarr,30.0,708.0,microagi,Prepare_a_cup_of_tea,human_bimanual
2026-05-09-12-10-07-242487,s3://rldb/processed_v3/microagi/2026-05-09-12-10-07-242487.zarr,30.0,630.0,microagi,Prepare_a_cup_of_tea,human_bimanual
2026-05-09-12-45-43-327825,s3://rldb/processed_v3/microagi/2026-05-09-12-45-43-327825.zarr,30.0,152.0,microagi,wash_the_cups,human_bimanual
2026-05-09-12-45-48-694492,s3://rldb/processed_v3/microagi/2026-05-09-12-45-48-694492.zarr,30.0,619.0,microagi,wash_the_cups,human_bimanual
2026-05-10-15-04-59-855307,s3://rldb/processed_v3/microagi/2026-05-10-15-04-59-855307.zarr,30.0,214.0,microagi,put_organizer_in_drawer,human_bimanual
2026-05-10-17-35-59-508170,s3://rldb/processed_v3/microagi/2026-05-10-17-35-59-508170.zarr,30.0,755.0,microagi,organize_cutlery_drawer,human_bimanual
2026-05-10-17-36-29-259836,s3://rldb/processed_v3/microagi/2026-05-10-17-36-29-259836.zarr,30.0,171.0,microagi,organize_cutlery_drawer,human_bimanual
2026-05-10-22-59-12-203357,s3://rldb/processed_v3/microagi/2026-05-10-22-59-12-203357.zarr,30.0,235.0,microagi,organize_cutlery_drawer,human_bimanual
2026-05-11-13-39-49-389378,s3://rldb/processed_v3/microagi/2026-05-11-13-39-49-389378.zarr,30.0,203.0,microagi,organize_drawer,human_bimanual
2026-05-11-13-40-50-314378,s3://rldb/processed_v3/microagi/2026-05-11-13-40-50-314378.zarr,30.0,253.0,microagi,tidy_drawer,human_bimanual
2026-05-11-15-20-34-091860,s3://rldb/processed_v3/microagi/2026-05-11-15-20-34-091860.zarr,30.0,225.0,microagi,wash_coffee_cups,human_bimanual
2026-05-11-18-34-32-208796,s3://rldb/processed_v3/microagi/2026-05-11-18-34-32-208796.zarr,30.0,310.0,microagi,clean_cup,human_bimanual
2026-05-11-19-13-30-184855,s3://rldb/processed_v3/microagi/2026-05-11-19-13-30-184855.zarr,30.0,424.0,microagi,clean_refrigerator_drawers,human_bimanual
2026-05-11-19-13-58-935245,s3://rldb/processed_v3/microagi/2026-05-11-19-13-58-935245.zarr,30.0,254.0,microagi,clean_refrigerator_drawers,human_bimanual
2026-05-11-20-27-06-238558,s3://rldb/processed_v3/microagi/2026-05-11-20-27-06-238558.zarr,30.0,366.0,microagi,organize_vanity_drawer,human_bimanual
2026-05-11-20-27-33-151891,s3://rldb/processed_v3/microagi/2026-05-11-20-27-33-151891.zarr,30.0,186.0,microagi,organize_vanity_drawer,human_bimanual
2026-05-12-03-12-11-968982,s3://rldb/processed_v3/microagi/2026-05-12-03-12-11-968982.zarr,30.0,553.0,microagi,organize_bathroom_drawer,human_bimanual
2026-05-12-07-30-17-205421,s3://rldb/processed_v3/microagi/2026-05-12-07-30-17-205421.zarr,30.0,407.0,microagi,wash_white_cup,human_bimanual
2026-05-12-07-30-32-447331,s3://rldb/processed_v3/microagi/2026-05-12-07-30-32-447331.zarr,30.0,203.0,microagi,wash_white_cup,human_bimanual
2026-05-12-10-03-25-051665,s3://rldb/processed_v3/microagi/2026-05-12-10-03-25-051665.zarr,30.0,704.0,microagi,organize_bedside_table_drawer,human_bimanual
2026-05-12-10-03-50-129998,s3://rldb/processed_v3/microagi/2026-05-12-10-03-50-129998.zarr,30.0,2537.0,microagi,organize_bedside_table_drawer,human_bimanual
2026-05-12-10-05-15-806665,s3://rldb/processed_v3/microagi/2026-05-12-10-05-15-806665.zarr,30.0,588.0,microagi,organize_bedside_table_drawer,human_bimanual
2026-05-12-10-05-36-417808,s3://rldb/processed_v3/microagi/2026-05-12-10-05-36-417808.zarr,30.0,416.0,microagi,organize_bedside_table_drawer,human_bimanual
2026-05-12-10-05-50-724475,s3://rldb/processed_v3/microagi/2026-05-12-10-05-50-724475.zarr,30.0,297.0,microagi,organize_bedside_table_drawer,human_bimanual
2026-05-12-10-17-47-785920,s3://rldb/processed_v3/microagi/2026-05-12-10-17-47-785920.zarr,30.0,1373.0,microagi,Organize_makeup_drawer,human_bimanual
2026-05-12-10-18-34-475920,s3://rldb/processed_v3/microagi/2026-05-12-10-18-34-475920.zarr,30.0,351.0,microagi,Organize_makeup_drawer,human_bimanual
2026-05-12-10-19-43-778845,s3://rldb/processed_v3/microagi/2026-05-12-10-19-43-778845.zarr,30.0,580.0,microagi,Organize_makeup_drawer,human_bimanual
2026-05-12-10-20-05-823845,s3://rldb/processed_v3/microagi/2026-05-12-10-20-05-823845.zarr,30.0,332.0,microagi,Organize_makeup_drawer,human_bimanual
2026-05-12-11-29-58-825271,s3://rldb/processed_v3/microagi/2026-05-12-11-29-58-825271.zarr,30.0,251.0,microagi,Prepare_drawer_slides,human_bimanual
2026-05-12-11-35-00-697375,s3://rldb/processed_v3/microagi/2026-05-12-11-35-00-697375.zarr,30.0,180.0,microagi,install_drawer_slides,human_bimanual
2026-05-12-11-35-58-690709,s3://rldb/processed_v3/microagi/2026-05-12-11-35-58-690709.zarr,30.0,736.0,microagi,install_drawer_slides,human_bimanual
2026-05-12-11-56-17-884159,s3://rldb/processed_v3/microagi/2026-05-12-11-56-17-884159.zarr,30.0,775.0,microagi,assemble_drawer,human_bimanual
2026-05-12-11-57-55-529159,s3://rldb/processed_v3/microagi/2026-05-12-11-57-55-529159.zarr,30.0,273.0,microagi,assemble_drawer,human_bimanual
2026-05-12-11-58-05-434159,s3://rldb/processed_v3/microagi/2026-05-12-11-58-05-434159.zarr,30.0,242.0,microagi,assemble_drawer,human_bimanual
2026-05-12-11-58-16-439087,s3://rldb/processed_v3/microagi/2026-05-12-11-58-16-439087.zarr,30.0,265.0,microagi,assemble_drawer,human_bimanual
2026-05-12-12-03-44-291261,s3://rldb/processed_v3/microagi/2026-05-12-12-03-44-291261.zarr,30.0,872.0,microagi,assemble_wooden_drawer,human_bimanual
2026-05-12-12-07-03-417032,s3://rldb/processed_v3/microagi/2026-05-12-12-07-03-417032.zarr,30.0,1254.0,microagi,assemble_wooden_drawer,human_bimanual
2026-05-12-12-07-46-970365,s3://rldb/processed_v3/microagi/2026-05-12-12-07-46-970365.zarr,30.0,258.0,microagi,assemble_wooden_drawer,human_bimanual
2026-05-12-12-10-23-040515,s3://rldb/processed_v3/microagi/2026-05-12-12-10-23-040515.zarr,30.0,446.0,microagi,assemble_drawer,human_bimanual
2026-05-12-12-10-43-617182,s3://rldb/processed_v3/microagi/2026-05-12-12-10-43-617182.zarr,30.0,200.0,microagi,assemble_drawer,human_bimanual
2026-05-12-12-10-50-887182,s3://rldb/processed_v3/microagi/2026-05-12-12-10-50-887182.zarr,30.0,181.0,microagi,assemble_drawer,human_bimanual
2026-05-12-12-31-37-327599,s3://rldb/processed_v3/microagi/2026-05-12-12-31-37-327599.zarr,30.0,152.0,microagi,assemble_cabinet_drawers,human_bimanual
2026-05-12-12-32-05-272599,s3://rldb/processed_v3/microagi/2026-05-12-12-32-05-272599.zarr,30.0,185.0,microagi,assemble_cabinet_drawers,human_bimanual
2026-05-12-12-32-28-817584,s3://rldb/processed_v3/microagi/2026-05-12-12-32-28-817584.zarr,30.0,388.0,microagi,assemble_cabinet_drawers,human_bimanual
2026-05-12-12-33-12-904250,s3://rldb/processed_v3/microagi/2026-05-12-12-33-12-904250.zarr,30.0,482.0,microagi,assemble_cabinet_drawers,human_bimanual
2026-05-12-12-34-06-095917,s3://rldb/processed_v3/microagi/2026-05-12-12-34-06-095917.zarr,30.0,186.0,microagi,assemble_cabinet_drawers,human_bimanual
2026-05-12-12-35-27-065867,s3://rldb/processed_v3/microagi/2026-05-12-12-35-27-065867.zarr,30.0,162.0,microagi,assemble_cabinet_drawers,human_bimanual
2026-05-12-12-35-45-174200,s3://rldb/processed_v3/microagi/2026-05-12-12-35-45-174200.zarr,30.0,171.0,microagi,assemble_cabinet_drawers,human_bimanual
2026-05-12-12-36-36-630823,s3://rldb/processed_v3/microagi/2026-05-12-12-36-36-630823.zarr,30.0,664.0,microagi,assemble_cabinet_drawers,human_bimanual
2026-05-12-12-37-50-932490,s3://rldb/processed_v3/microagi/2026-05-12-12-37-50-932490.zarr,30.0,426.0,microagi,assemble_cabinet_drawers,human_bimanual
2026-05-12-12-39-54-389586,s3://rldb/processed_v3/microagi/2026-05-12-12-39-54-389586.zarr,30.0,175.0,microagi,assemble_cabinet_drawer,human_bimanual
2026-05-12-12-40-23-337329,s3://rldb/processed_v3/microagi/2026-05-12-12-40-23-337329.zarr,30.0,241.0,microagi,assemble_cabinet_drawer,human_bimanual
2026-05-12-14-55-26-075081,s3://rldb/processed_v3/microagi/2026-05-12-14-55-26-075081.zarr,30.0,158.0,microagi,organize_clothes_from_drawer,human_bimanual
2026-05-12-14-55-39-216670,s3://rldb/processed_v3/microagi/2026-05-12-14-55-39-216670.zarr,30.0,158.0,microagi,organize_clothes_from_drawer,human_bimanual
2026-05-12-15-01-07-956485,s3://rldb/processed_v3/microagi/2026-05-12-15-01-07-956485.zarr,30.0,360.0,microagi,organize_clothes_from_drawer,human_bimanual
2026-05-12-19-57-44-530020,s3://rldb/processed_v3/microagi/2026-05-12-19-57-44-530020.zarr,30.0,3963.0,microagi,clean_small_cups_and_saucers,human_bimanual
2026-05-12-19-59-58-781023,s3://rldb/processed_v3/microagi/2026-05-12-19-59-58-781023.zarr,30.0,423.0,microagi,clean_small_cups_and_saucers,human_bimanual
2026-05-13-05-34-36-524804,s3://rldb/processed_v3/microagi/2026-05-13-05-34-36-524804.zarr,30.0,1191.0,microagi,clean_and_organize_kitchen_drawer,human_bimanual
2026-05-13-05-35-17-082504,s3://rldb/processed_v3/microagi/2026-05-13-05-35-17-082504.zarr,30.0,452.0,microagi,clean_and_organize_kitchen_drawer,human_bimanual
2026-05-13-05-35-35-125837,s3://rldb/processed_v3/microagi/2026-05-13-05-35-35-125837.zarr,30.0,549.0,microagi,clean_and_organize_kitchen_drawer,human_bimanual
2026-05-13-05-49-49-143844,s3://rldb/processed_v3/microagi/2026-05-13-05-49-49-143844.zarr,30.0,1311.0,microagi,organize_medicine_drawer,human_bimanual
2026-05-13-05-50-33-903844,s3://rldb/processed_v3/microagi/2026-05-13-05-50-33-903844.zarr,30.0,7026.0,microagi,organize_medicine_drawer,human_bimanual
2026-05-13-19-42-12-546410,s3://rldb/processed_v3/microagi/2026-05-13-19-42-12-546410.zarr,30.0,3075.0,microagi,clean_the_soap_dispenser_and_cup,human_bimanual
2026-05-13-19-46-15-156488,s3://rldb/processed_v3/microagi/2026-05-13-19-46-15-156488.zarr,30.0,228.0,microagi,organize_kitchen_drawers,human_bimanual
2026-05-13-19-46-23-461488,s3://rldb/processed_v3/microagi/2026-05-13-19-46-23-461488.zarr,30.0,404.0,microagi,organize_kitchen_drawers,human_bimanual
2026-05-13-20-22-09-259339,s3://rldb/processed_v3/microagi/2026-05-13-20-22-09-259339.zarr,30.0,2157.0,microagi,clean_red_plastic_cups,human_bimanual
2026-05-14-09-49-46-551256,s3://rldb/processed_v3/microagi/2026-05-14-09-49-46-551256.zarr,30.0,368.0,microagi,wash_the_cup,human_bimanual
2026-05-14-09-50-18-231256,s3://rldb/processed_v3/microagi/2026-05-14-09-50-18-231256.zarr,30.0,210.0,microagi,wash_the_cup,human_bimanual
2026-05-14-12-03-49-254978,s3://rldb/processed_v3/microagi/2026-05-14-12-03-49-254978.zarr,30.0,159.0,microagi,organize_drawer,human_bimanual
2026-05-14-12-04-11-507357,s3://rldb/processed_v3/microagi/2026-05-14-12-04-11-507357.zarr,30.0,425.0,microagi,organize_drawer,human_bimanual
2026-05-14-12-24-41-375630,s3://rldb/processed_v3/microagi/2026-05-14-12-24-41-375630.zarr,30.0,550.0,microagi,wash_cups_and_glasses,human_bimanual
2026-05-14-13-04-48-558223,s3://rldb/processed_v3/microagi/2026-05-14-13-04-48-558223.zarr,30.0,319.0,microagi,organize_desk_drawer,human_bimanual
2026-05-14-13-05-40-856556,s3://rldb/processed_v3/microagi/2026-05-14-13-05-40-856556.zarr,30.0,453.0,microagi,organize_desk_drawer,human_bimanual
2026-05-14-13-06-20-047469,s3://rldb/processed_v3/microagi/2026-05-14-13-06-20-047469.zarr,30.0,190.0,microagi,organize_desk_drawer,human_bimanual
2026-05-14-13-07-30-189135,s3://rldb/processed_v3/microagi/2026-05-14-13-07-30-189135.zarr,30.0,342.0,microagi,organize_desk_drawer,human_bimanual
2026-05-14-13-07-44-064135,s3://rldb/processed_v3/microagi/2026-05-14-13-07-44-064135.zarr,30.0,1989.0,microagi,organize_desk_drawer,human_bimanual
2026-05-15-14-45-32-616016,s3://rldb/processed_v3/microagi/2026-05-15-14-45-32-616016.zarr,30.0,303.0,microagi,organize_baby_clothes_in_drawer,human_bimanual
2026-05-16-05-46-10-815524,s3://rldb/processed_v3/microagi/2026-05-16-05-46-10-815524.zarr,30.0,358.0,microagi,decorate_wooden_cups,human_bimanual
2026-05-16-06-11-32-680900,s3://rldb/processed_v3/microagi/2026-05-16-06-11-32-680900.zarr,30.0,536.0,microagi,decorate_wooden_cups,human_bimanual
2026-05-16-06-15-30-003245,s3://rldb/processed_v3/microagi/2026-05-16-06-15-30-003245.zarr,30.0,348.0,microagi,decorate_wooden_cups,human_bimanual
2026-05-16-06-18-16-475145,s3://rldb/processed_v3/microagi/2026-05-16-06-18-16-475145.zarr,30.0,408.0,microagi,decorate_wooden_cups,human_bimanual
2026-05-16-06-20-01-652094,s3://rldb/processed_v3/microagi/2026-05-16-06-20-01-652094.zarr,30.0,346.0,microagi,decorate_wooden_cups,human_bimanual
2026-05-16-06-22-42-264197,s3://rldb/processed_v3/microagi/2026-05-16-06-22-42-264197.zarr,30.0,784.0,microagi,decorate_wooden_cups,human_bimanual
2026-05-16-06-26-15-980825,s3://rldb/processed_v3/microagi/2026-05-16-06-26-15-980825.zarr,30.0,338.0,microagi,decorate_wooden_cups,human_bimanual
2026-05-16-06-49-12-068326,s3://rldb/processed_v3/microagi/2026-05-16-06-49-12-068326.zarr,30.0,316.0,microagi,Decorate_decorative_cups,human_bimanual
2026-05-16-06-49-32-973859,s3://rldb/processed_v3/microagi/2026-05-16-06-49-32-973859.zarr,30.0,371.0,microagi,Decorate_decorative_cups,human_bimanual
2026-05-16-07-20-49-185159,s3://rldb/processed_v3/microagi/2026-05-16-07-20-49-185159.zarr,30.0,215.0,microagi,fill_paper_cups_with_seeds,human_bimanual
2026-05-16-07-21-06-564813,s3://rldb/processed_v3/microagi/2026-05-16-07-21-06-564813.zarr,30.0,237.0,microagi,fill_paper_cups_with_seeds,human_bimanual
2026-05-16-07-24-29-916394,s3://rldb/processed_v3/microagi/2026-05-16-07-24-29-916394.zarr,30.0,166.0,microagi,decorate_wooden_cups,human_bimanual
2026-05-16-07-25-58-745798,s3://rldb/processed_v3/microagi/2026-05-16-07-25-58-745798.zarr,30.0,204.0,microagi,decorate_wooden_cups,human_bimanual
2026-05-16-07-26-21-685633,s3://rldb/processed_v3/microagi/2026-05-16-07-26-21-685633.zarr,30.0,364.0,microagi,decorate_wooden_cups,human_bimanual
2026-05-16-07-27-02-005126,s3://rldb/processed_v3/microagi/2026-05-16-07-27-02-005126.zarr,30.0,161.0,microagi,decorate_wooden_cups,human_bimanual
2026-05-16-10-04-54-404891,s3://rldb/processed_v3/microagi/2026-05-16-10-04-54-404891.zarr,30.0,280.0,microagi,get_glass_bowl_from_cupboard,human_bimanual
2026-05-16-10-27-31-748073,s3://rldb/processed_v3/microagi/2026-05-16-10-27-31-748073.zarr,30.0,262.0,microagi,clean_cutlery_drawer,human_bimanual
2026-05-16-14-47-59-370720,s3://rldb/processed_v3/microagi/2026-05-16-14-47-59-370720.zarr,30.0,446.0,microagi,prepare_candy_cups,human_bimanual
2026-05-16-14-48-34-902234,s3://rldb/processed_v3/microagi/2026-05-16-14-48-34-902234.zarr,30.0,305.0,microagi,prepare_candy_cups,human_bimanual
2026-05-16-14-51-03-985979,s3://rldb/processed_v3/microagi/2026-05-16-14-51-03-985979.zarr,30.0,173.0,microagi,assemble_cup_sticks,human_bimanual
2026-05-16-14-51-19-826557,s3://rldb/processed_v3/microagi/2026-05-16-14-51-19-826557.zarr,30.0,306.0,microagi,assemble_cup_sticks,human_bimanual
2026-05-16-14-51-59-140895,s3://rldb/processed_v3/microagi/2026-05-16-14-51-59-140895.zarr,30.0,160.0,microagi,assemble_cup_sticks,human_bimanual
2026-05-16-14-53-46-782469,s3://rldb/processed_v3/microagi/2026-05-16-14-53-46-782469.zarr,30.0,303.0,microagi,assemble_cup_sticks,human_bimanual
2026-05-16-14-54-22-617962,s3://rldb/processed_v3/microagi/2026-05-16-14-54-22-617962.zarr,30.0,593.0,microagi,assemble_cup_sticks,human_bimanual
2026-05-16-14-56-29-410073,s3://rldb/processed_v3/microagi/2026-05-16-14-56-29-410073.zarr,30.0,898.0,microagi,prepare_candy_cups,human_bimanual
2026-05-16-14-57-36-284977,s3://rldb/processed_v3/microagi/2026-05-16-14-57-36-284977.zarr,30.0,275.0,microagi,prepare_candy_cups,human_bimanual
2026-05-16-14-59-49-832130,s3://rldb/processed_v3/microagi/2026-05-16-14-59-49-832130.zarr,30.0,233.0,microagi,prepare_candy_cups,human_bimanual
2026-05-16-16-11-44-422917,s3://rldb/processed_v3/microagi/2026-05-16-16-11-44-422917.zarr,30.0,207.0,microagi,wrap_candy_cups_in_tulle,human_bimanual
2026-05-16-16-12-51-871998,s3://rldb/processed_v3/microagi/2026-05-16-16-12-51-871998.zarr,30.0,407.0,microagi,wrap_candy_cups_in_tulle,human_bimanual
2026-05-16-16-14-36-203606,s3://rldb/processed_v3/microagi/2026-05-16-16-14-36-203606.zarr,30.0,431.0,microagi,wrap_candy_cups_in_tulle,human_bimanual
2026-05-16-16-14-52-517021,s3://rldb/processed_v3/microagi/2026-05-16-16-14-52-517021.zarr,30.0,1230.0,microagi,wrap_candy_cups_in_tulle,human_bimanual
2026-05-16-16-17-27-882966,s3://rldb/processed_v3/microagi/2026-05-16-16-17-27-882966.zarr,30.0,163.0,microagi,wrap_candy_cups_in_tulle,human_bimanual
2026-05-16-16-18-11-554304,s3://rldb/processed_v3/microagi/2026-05-16-16-18-11-554304.zarr,30.0,245.0,microagi,wrap_candy_cups_in_tulle,human_bimanual
2026-05-16-16-18-40-600981,s3://rldb/processed_v3/microagi/2026-05-16-16-18-40-600981.zarr,30.0,940.0,microagi,wrap_candy_cups_in_tulle,human_bimanual
2026-05-16-16-24-27-404776,s3://rldb/processed_v3/microagi/2026-05-16-16-24-27-404776.zarr,30.0,193.0,microagi,wrap_candy_cups_in_tulle,human_bimanual
2026-05-16-16-24-41-759235,s3://rldb/processed_v3/microagi/2026-05-16-16-24-41-759235.zarr,30.0,156.0,microagi,wrap_candy_cups_in_tulle,human_bimanual
2026-05-16-20-55-49-907009,s3://rldb/processed_v3/microagi/2026-05-16-20-55-49-907009.zarr,30.0,420.0,microagi,wash_metal_cups_and_lids,human_bimanual
2026-05-17-05-10-58-264976,s3://rldb/processed_v3/microagi/2026-05-17-05-10-58-264976.zarr,30.0,530.0,microagi,clean_and_prepare_glass_cups,human_bimanual
2026-05-17-05-11-46-275461,s3://rldb/processed_v3/microagi/2026-05-17-05-11-46-275461.zarr,30.0,1060.0,microagi,clean_and_prepare_glass_cups,human_bimanual
2026-05-17-05-12-21-634099,s3://rldb/processed_v3/microagi/2026-05-17-05-12-21-634099.zarr,30.0,165.0,microagi,clean_and_prepare_glass_cups,human_bimanual
2026-05-17-05-23-37-123742,s3://rldb/processed_v3/microagi/2026-05-17-05-23-37-123742.zarr,30.0,714.0,microagi,clean_and_decorate_glass_cups,human_bimanual
2026-05-17-05-24-41-015662,s3://rldb/processed_v3/microagi/2026-05-17-05-24-41-015662.zarr,30.0,323.0,microagi,clean_and_decorate_glass_cups,human_bimanual
2026-05-17-05-24-52-801874,s3://rldb/processed_v3/microagi/2026-05-17-05-24-52-801874.zarr,30.0,286.0,microagi,clean_and_decorate_glass_cups,human_bimanual
2026-05-17-05-25-33-917086,s3://rldb/processed_v3/microagi/2026-05-17-05-25-33-917086.zarr,30.0,369.0,microagi,clean_and_decorate_glass_cups,human_bimanual
2026-05-17-05-32-01-630163,s3://rldb/processed_v3/microagi/2026-05-17-05-32-01-630163.zarr,30.0,424.0,microagi,clean_and_fill_glass_cups,human_bimanual
2026-05-17-05-34-26-064520,s3://rldb/processed_v3/microagi/2026-05-17-05-34-26-064520.zarr,30.0,536.0,microagi,clean_and_fill_glass_cups,human_bimanual
2026-05-17-05-37-08-141580,s3://rldb/processed_v3/microagi/2026-05-17-05-37-08-141580.zarr,30.0,616.0,microagi,clean_and_fill_glass_cups,human_bimanual
2026-05-17-05-41-59-966824,s3://rldb/processed_v3/microagi/2026-05-17-05-41-59-966824.zarr,30.0,1389.0,microagi,clean_and_fill_glass_cups,human_bimanual
2026-05-17-05-45-09-977866,s3://rldb/processed_v3/microagi/2026-05-17-05-45-09-977866.zarr,30.0,606.0,microagi,clean_and_fill_glass_cups,human_bimanual
2026-05-17-06-49-10-889930,s3://rldb/processed_v3/microagi/2026-05-17-06-49-10-889930.zarr,30.0,1304.0,microagi,clean_and_decorate_glass_cups,human_bimanual
2026-05-17-06-50-26-401592,s3://rldb/processed_v3/microagi/2026-05-17-06-50-26-401592.zarr,30.0,1828.0,microagi,clean_and_decorate_glass_cups,human_bimanual
2026-05-17-06-53-19-365901,s3://rldb/processed_v3/microagi/2026-05-17-06-53-19-365901.zarr,30.0,1025.0,microagi,clean_and_decorate_glass_cups,human_bimanual
2026-05-17-06-54-21-859457,s3://rldb/processed_v3/microagi/2026-05-17-06-54-21-859457.zarr,30.0,1106.0,microagi,clean_and_decorate_glass_cups,human_bimanual
2026-05-17-06-56-19-458550,s3://rldb/processed_v3/microagi/2026-05-17-06-56-19-458550.zarr,30.0,1121.0,microagi,clean_and_decorate_glass_cups,human_bimanual
2026-05-17-09-48-09-916561,s3://rldb/processed_v3/microagi/2026-05-17-09-48-09-916561.zarr,30.0,1173.0,microagi,clean_and_decorate_glass_cups,human_bimanual
2026-05-17-09-50-33-848172,s3://rldb/processed_v3/microagi/2026-05-17-09-50-33-848172.zarr,30.0,909.0,microagi,clean_and_pack_glass_cups,human_bimanual
2026-05-17-09-54-56-840495,s3://rldb/processed_v3/microagi/2026-05-17-09-54-56-840495.zarr,30.0,1615.0,microagi,clean_and_pack_glass_cups,human_bimanual
2026-05-17-09-56-57-965449,s3://rldb/processed_v3/microagi/2026-05-17-09-56-57-965449.zarr,30.0,433.0,microagi,clean_and_pack_glass_cups,human_bimanual
2026-05-17-20-14-15-374473,s3://rldb/processed_v3/microagi/2026-05-17-20-14-15-374473.zarr,30.0,492.0,microagi,unpack_and_organize_plastic_cups,human_bimanual
2026-05-17-20-21-24-237021,s3://rldb/processed_v3/microagi/2026-05-17-20-21-24-237021.zarr,30.0,354.0,microagi,pack_plastic_cups_into_bag,human_bimanual
2026-05-18-12-19-48-974584,s3://rldb/processed_v3/microagi/2026-05-18-12-19-48-974584.zarr,30.0,301.0,microagi,organize_kitchen_drawers,human_bimanual
2026-05-18-13-51-52-761134,s3://rldb/processed_v3/microagi/2026-05-18-13-51-52-761134.zarr,30.0,150.0,microagi,organize_clothes_in_drawers,human_bimanual
2026-05-18-13-53-14-109468,s3://rldb/processed_v3/microagi/2026-05-18-13-53-14-109468.zarr,30.0,281.0,microagi,organize_clothes_in_drawers,human_bimanual
2026-05-18-13-54-28-418727,s3://rldb/processed_v3/microagi/2026-05-18-13-54-28-418727.zarr,30.0,210.0,microagi,organize_clothes_in_drawers,human_bimanual
2026-05-18-17-27-05-041128,s3://rldb/processed_v3/microagi/2026-05-18-17-27-05-041128.zarr,30.0,458.0,microagi,organize_drawer_and_move_plants,human_bimanual
2026-05-19-08-13-51-569152,s3://rldb/processed_v3/microagi/2026-05-19-08-13-51-569152.zarr,30.0,179.0,microagi,wash_glass_cups,human_bimanual
2026-05-19-08-14-19-752485,s3://rldb/processed_v3/microagi/2026-05-19-08-14-19-752485.zarr,30.0,165.0,microagi,wash_glass_cups,human_bimanual
2026-05-19-08-14-35-861548,s3://rldb/processed_v3/microagi/2026-05-19-08-14-35-861548.zarr,30.0,181.0,microagi,wash_glass_cups,human_bimanual
2026-05-19-08-16-32-127571,s3://rldb/processed_v3/microagi/2026-05-19-08-16-32-127571.zarr,30.0,173.0,microagi,wash_glass_cups,human_bimanual
2026-05-19-08-17-23-224238,s3://rldb/processed_v3/microagi/2026-05-19-08-17-23-224238.zarr,30.0,172.0,microagi,wash_glass_cups,human_bimanual
2026-05-19-08-17-37-732571,s3://rldb/processed_v3/microagi/2026-05-19-08-17-37-732571.zarr,30.0,164.0,microagi,wash_glass_cups,human_bimanual
2026-05-19-10-59-40-607172,s3://rldb/processed_v3/microagi/2026-05-19-10-59-40-607172.zarr,30.0,411.0,microagi,vacuum_dresser_drawers,human_bimanual
2026-05-19-10-59-58-049516,s3://rldb/processed_v3/microagi/2026-05-19-10-59-58-049516.zarr,30.0,157.0,microagi,vacuum_dresser_drawers,human_bimanual
2026-05-19-11-00-08-087849,s3://rldb/processed_v3/microagi/2026-05-19-11-00-08-087849.zarr,30.0,151.0,microagi,vacuum_dresser_drawers,human_bimanual
2026-05-19-11-00-23-729516,s3://rldb/processed_v3/microagi/2026-05-19-11-00-23-729516.zarr,30.0,291.0,microagi,vacuum_dresser_drawers,human_bimanual
2026-05-19-11-00-52-511182,s3://rldb/processed_v3/microagi/2026-05-19-11-00-52-511182.zarr,30.0,612.0,microagi,vacuum_dresser_drawers,human_bimanual
2026-05-19-14-12-26-968441,s3://rldb/processed_v3/microagi/2026-05-19-14-12-26-968441.zarr,30.0,161.0,microagi,shaping_the_clay_cup,human_bimanual
2026-05-19-14-17-14-560018,s3://rldb/processed_v3/microagi/2026-05-19-14-17-14-560018.zarr,30.0,393.0,microagi,shaping_clay_cup,human_bimanual
2026-05-19-14-17-18-715865,s3://rldb/processed_v3/microagi/2026-05-19-14-17-18-715865.zarr,30.0,2810.0,microagi,organize_small_boxes_into_drawer,human_bimanual
2026-05-19-14-17-27-663255,s3://rldb/processed_v3/microagi/2026-05-19-14-17-27-663255.zarr,30.0,382.0,microagi,shape_clay_cup,human_bimanual
2026-05-19-14-18-01-241588,s3://rldb/processed_v3/microagi/2026-05-19-14-18-01-241588.zarr,30.0,151.0,microagi,shape_clay_cup,human_bimanual
2026-05-19-14-18-54-715865,s3://rldb/processed_v3/microagi/2026-05-19-14-18-54-715865.zarr,30.0,1910.0,microagi,organize_small_boxes_into_drawer,human_bimanual
2026-05-19-14-20-00-104003,s3://rldb/processed_v3/microagi/2026-05-19-14-20-00-104003.zarr,30.0,684.0,microagi,organize_small_boxes_into_drawer,human_bimanual
2026-05-19-14-20-23-912337,s3://rldb/processed_v3/microagi/2026-05-19-14-20-23-912337.zarr,30.0,161.0,microagi,organize_small_boxes_into_drawer,human_bimanual
2026-05-19-14-20-30-315670,s3://rldb/processed_v3/microagi/2026-05-19-14-20-30-315670.zarr,30.0,926.0,microagi,organize_small_boxes_into_drawer,human_bimanual
2026-05-19-14-21-03-092337,s3://rldb/processed_v3/microagi/2026-05-19-14-21-03-092337.zarr,30.0,235.0,microagi,organize_small_boxes_into_drawer,human_bimanual
2026-05-19-14-21-17-265179,s3://rldb/processed_v3/microagi/2026-05-19-14-21-17-265179.zarr,30.0,236.0,microagi,organize_small_boxes_into_drawer,human_bimanual
2026-05-19-14-28-31-273897,s3://rldb/processed_v3/microagi/2026-05-19-14-28-31-273897.zarr,30.0,396.0,microagi,shape_clay_cup,human_bimanual
2026-05-19-14-29-13-620563,s3://rldb/processed_v3/microagi/2026-05-19-14-29-13-620563.zarr,30.0,1767.0,microagi,shape_clay_cup,human_bimanual
2026-05-19-14-30-24-143648,s3://rldb/processed_v3/microagi/2026-05-19-14-30-24-143648.zarr,30.0,197.0,microagi,shape_clay_cup,human_bimanual
2026-05-19-14-30-36-246981,s3://rldb/processed_v3/microagi/2026-05-19-14-30-36-246981.zarr,30.0,502.0,microagi,shape_clay_cup,human_bimanual
2026-05-19-14-35-16-157466,s3://rldb/processed_v3/microagi/2026-05-19-14-35-16-157466.zarr,30.0,164.0,microagi,shape_and_smooth_clay_cup,human_bimanual
2026-05-19-14-36-23-345564,s3://rldb/processed_v3/microagi/2026-05-19-14-36-23-345564.zarr,30.0,206.0,microagi,shape_and_smooth_clay_cup,human_bimanual
2026-05-19-14-36-59-323898,s3://rldb/processed_v3/microagi/2026-05-19-14-36-59-323898.zarr,30.0,174.0,microagi,shape_and_smooth_clay_cup,human_bimanual
2026-05-19-14-38-29-151926,s3://rldb/processed_v3/microagi/2026-05-19-14-38-29-151926.zarr,30.0,1279.0,microagi,shape_and_smooth_clay_cup,human_bimanual
2026-05-19-14-40-27-187982,s3://rldb/processed_v3/microagi/2026-05-19-14-40-27-187982.zarr,30.0,751.0,microagi,shape_and_smooth_clay_cup,human_bimanual
2026-05-19-14-41-34-542489,s3://rldb/processed_v3/microagi/2026-05-19-14-41-34-542489.zarr,30.0,166.0,microagi,shape_and_smooth_clay_cup,human_bimanual
2026-05-19-14-42-02-752489,s3://rldb/processed_v3/microagi/2026-05-19-14-42-02-752489.zarr,30.0,648.0,microagi,shape_and_smooth_clay_cup,human_bimanual
2026-05-19-14-43-07-405822,s3://rldb/processed_v3/microagi/2026-05-19-14-43-07-405822.zarr,30.0,766.0,microagi,shape_and_smooth_clay_cup,human_bimanual
2026-05-19-14-43-55-020245,s3://rldb/processed_v3/microagi/2026-05-19-14-43-55-020245.zarr,30.0,187.0,microagi,shape_and_smooth_clay_cup,human_bimanual
2026-05-19-14-47-33-789163,s3://rldb/processed_v3/microagi/2026-05-19-14-47-33-789163.zarr,30.0,182.0,microagi,refine_clay_cup,human_bimanual
2026-05-19-14-47-47-327496,s3://rldb/processed_v3/microagi/2026-05-19-14-47-47-327496.zarr,30.0,161.0,microagi,refine_clay_cup,human_bimanual
2026-05-19-14-47-54-295829,s3://rldb/processed_v3/microagi/2026-05-19-14-47-54-295829.zarr,30.0,269.0,microagi,refine_clay_cup,human_bimanual
2026-05-19-14-48-23-372496,s3://rldb/processed_v3/microagi/2026-05-19-14-48-23-372496.zarr,30.0,196.0,microagi,refine_clay_cup,human_bimanual
2026-05-19-14-48-37-809163,s3://rldb/processed_v3/microagi/2026-05-19-14-48-37-809163.zarr,30.0,292.0,microagi,refine_clay_cup,human_bimanual
2026-05-19-14-48-50-514163,s3://rldb/processed_v3/microagi/2026-05-19-14-48-50-514163.zarr,30.0,430.0,microagi,refine_clay_cup,human_bimanual
2026-05-19-14-49-15-287496,s3://rldb/processed_v3/microagi/2026-05-19-14-49-15-287496.zarr,30.0,1470.0,microagi,refine_clay_cup,human_bimanual
2026-05-19-14-51-05-723672,s3://rldb/processed_v3/microagi/2026-05-19-14-51-05-723672.zarr,30.0,608.0,microagi,finish_clay_cup,human_bimanual
2026-05-19-15-28-15-420457,s3://rldb/processed_v3/microagi/2026-05-19-15-28-15-420457.zarr,30.0,551.0,microagi,shape_and_smooth_clay_cup,human_bimanual
2026-05-19-15-29-07-703791,s3://rldb/processed_v3/microagi/2026-05-19-15-29-07-703791.zarr,30.0,676.0,microagi,shape_and_smooth_clay_cup,human_bimanual
2026-05-19-15-30-02-555353,s3://rldb/processed_v3/microagi/2026-05-19-15-30-02-555353.zarr,30.0,418.0,microagi,shape_and_smooth_clay_cup,human_bimanual
2026-05-19-15-30-19-027020,s3://rldb/processed_v3/microagi/2026-05-19-15-30-19-027020.zarr,30.0,1973.0,microagi,shape_and_smooth_clay_cup,human_bimanual
2026-05-19-15-31-27-982020,s3://rldb/processed_v3/microagi/2026-05-19-15-31-27-982020.zarr,30.0,430.0,microagi,shape_and_smooth_clay_cup,human_bimanual
2026-05-19-15-33-16-683514,s3://rldb/processed_v3/microagi/2026-05-19-15-33-16-683514.zarr,30.0,494.0,microagi,shape_and_smooth_clay_cup,human_bimanual
2026-05-19-15-33-47-471625,s3://rldb/processed_v3/microagi/2026-05-19-15-33-47-471625.zarr,30.0,3796.0,microagi,shape_and_trim_clay_cup,human_bimanual
2026-05-19-15-36-14-618025,s3://rldb/processed_v3/microagi/2026-05-19-15-36-14-618025.zarr,30.0,231.0,microagi,shape_and_trim_clay_cup,human_bimanual
2026-05-20-04-56-48-894184,s3://rldb/processed_v3/microagi/2026-05-20-04-56-48-894184.zarr,30.0,360.0,microagi,clean_glass_cups,human_bimanual
2026-05-20-04-57-01-978887,s3://rldb/processed_v3/microagi/2026-05-20-04-57-01-978887.zarr,30.0,1241.0,microagi,clean_glass_cups,human_bimanual
2026-05-20-05-01-21-541876,s3://rldb/processed_v3/microagi/2026-05-20-05-01-21-541876.zarr,30.0,1516.0,microagi,clean_glass_cups,human_bimanual
2026-05-20-08-07-55-069047,s3://rldb/processed_v3/microagi/2026-05-20-08-07-55-069047.zarr,30.0,337.0,microagi,clean_cutlery_drawer,human_bimanual
2026-05-20-08-36-07-191695,s3://rldb/processed_v3/microagi/2026-05-20-08-36-07-191695.zarr,30.0,173.0,microagi,wash_paper_cup,human_bimanual
2026-05-20-10-24-55-062905,s3://rldb/processed_v3/microagi/2026-05-20-10-24-55-062905.zarr,30.0,315.0,microagi,organize_electronics_in_drawer,human_bimanual
2026-05-20-17-18-06-657873,s3://rldb/processed_v3/microagi/2026-05-20-17-18-06-657873.zarr,30.0,705.0,microagi,prepare_a_cup_of_tea,human_bimanual
2026-05-20-17-18-30-156443,s3://rldb/processed_v3/microagi/2026-05-20-17-18-30-156443.zarr,30.0,520.0,microagi,prepare_a_cup_of_tea,human_bimanual
2026-05-20-17-19-28-652899,s3://rldb/processed_v3/microagi/2026-05-20-17-19-28-652899.zarr,30.0,265.0,microagi,prepare_a_cup_of_tea,human_bimanual
2026-05-20-22-56-07-392093,s3://rldb/processed_v3/microagi/2026-05-20-22-56-07-392093.zarr,30.0,291.0,microagi,wash_cups,human_bimanual
2026-05-20-22-56-28-524738,s3://rldb/processed_v3/microagi/2026-05-20-22-56-28-524738.zarr,30.0,271.0,microagi,wash_cups,human_bimanual
2026-05-21-05-44-26-513421,s3://rldb/processed_v3/microagi/2026-05-21-05-44-26-513421.zarr,30.0,946.0,microagi,wash_bottles_and_cups,human_bimanual
2026-05-21-05-44-58-228959,s3://rldb/processed_v3/microagi/2026-05-21-05-44-58-228959.zarr,30.0,1022.0,microagi,wash_bottles_and_cups,human_bimanual
2026-05-21-07-17-28-494011,s3://rldb/processed_v3/microagi/2026-05-21-07-17-28-494011.zarr,30.0,2062.0,microagi,pack_cups_into_box,human_bimanual
2026-05-21-07-18-37-268978,s3://rldb/processed_v3/microagi/2026-05-21-07-18-37-268978.zarr,30.0,490.0,microagi,pack_cups_into_box,human_bimanual
2026-05-21-07-18-53-643978,s3://rldb/processed_v3/microagi/2026-05-21-07-18-53-643978.zarr,30.0,339.0,microagi,pack_cups_into_box,human_bimanual
2026-05-21-07-19-21-393978,s3://rldb/processed_v3/microagi/2026-05-21-07-19-21-393978.zarr,30.0,18895.0,microagi,pack_cups_into_box,human_bimanual
2026-05-21-07-37-56-502598,s3://rldb/processed_v3/microagi/2026-05-21-07-37-56-502598.zarr,30.0,10733.0,microagi,pack_cups_into_box,human_bimanual
2026-05-21-08-44-44-625628,s3://rldb/processed_v3/microagi/2026-05-21-08-44-44-625628.zarr,30.0,7167.0,microagi,pack_cups_into_box,human_bimanual
2026-05-21-08-48-43-635459,s3://rldb/processed_v3/microagi/2026-05-21-08-48-43-635459.zarr,30.0,498.0,microagi,pack_saucers_into_box,human_bimanual
2026-05-21-08-49-06-815459,s3://rldb/processed_v3/microagi/2026-05-21-08-49-06-815459.zarr,30.0,553.0,microagi,pack_saucers_into_box,human_bimanual
2026-05-21-08-49-32-130459,s3://rldb/processed_v3/microagi/2026-05-21-08-49-32-130459.zarr,30.0,167.0,microagi,pack_saucers_into_box,human_bimanual
2026-05-21-08-49-43-937125,s3://rldb/processed_v3/microagi/2026-05-21-08-49-43-937125.zarr,30.0,5945.0,microagi,pack_saucers_into_box,human_bimanual
2026-05-21-08-53-09-960051,s3://rldb/processed_v3/microagi/2026-05-21-08-53-09-960051.zarr,30.0,1587.0,microagi,pack_saucers_into_box,human_bimanual
2026-05-21-08-54-02-891415,s3://rldb/processed_v3/microagi/2026-05-21-08-54-02-891415.zarr,30.0,746.0,microagi,pack_saucers_into_box,human_bimanual
2026-05-21-08-54-51-686415,s3://rldb/processed_v3/microagi/2026-05-21-08-54-51-686415.zarr,30.0,787.0,microagi,pack_saucers_into_box,human_bimanual
2026-05-21-08-55-19-003082,s3://rldb/processed_v3/microagi/2026-05-21-08-55-19-003082.zarr,30.0,409.0,microagi,pack_saucers_into_box,human_bimanual
2026-05-21-09-09-58-222255,s3://rldb/processed_v3/microagi/2026-05-21-09-09-58-222255.zarr,30.0,8124.0,microagi,pack_cups_into_box,human_bimanual
2026-05-21-09-14-31-716766,s3://rldb/processed_v3/microagi/2026-05-21-09-14-31-716766.zarr,30.0,285.0,microagi,pack_cups_into_box,human_bimanual
2026-05-21-10-52-42-259681,s3://rldb/processed_v3/microagi/2026-05-21-10-52-42-259681.zarr,30.0,321.0,microagi,paint_ceramic_cup,human_bimanual
2026-05-21-10-53-02-526943,s3://rldb/processed_v3/microagi/2026-05-21-10-53-02-526943.zarr,30.0,160.0,microagi,paint_ceramic_cup,human_bimanual
2026-05-21-10-53-27-151565,s3://rldb/processed_v3/microagi/2026-05-21-10-53-27-151565.zarr,30.0,1680.0,microagi,paint_ceramic_cup,human_bimanual
2026-05-21-10-54-31-161688,s3://rldb/processed_v3/microagi/2026-05-21-10-54-31-161688.zarr,30.0,156.0,microagi,paint_ceramic_cup,human_bimanual
2026-05-21-10-54-48-803710,s3://rldb/processed_v3/microagi/2026-05-21-10-54-48-803710.zarr,30.0,846.0,microagi,paint_ceramic_cup,human_bimanual
2026-05-21-10-54-51-820509,s3://rldb/processed_v3/microagi/2026-05-21-10-54-51-820509.zarr,30.0,206.0,microagi,organize_drawer,human_bimanual
2026-05-21-10-55-20-849971,s3://rldb/processed_v3/microagi/2026-05-21-10-55-20-849971.zarr,30.0,476.0,microagi,paint_ceramic_cup,human_bimanual
2026-05-21-10-55-37-097316,s3://rldb/processed_v3/microagi/2026-05-21-10-55-37-097316.zarr,30.0,519.0,microagi,paint_ceramic_cup,human_bimanual
2026-05-21-10-56-19-455645,s3://rldb/processed_v3/microagi/2026-05-21-10-56-19-455645.zarr,30.0,480.0,microagi,paint_ceramic_cup,human_bimanual
2026-05-21-10-56-53-166505,s3://rldb/processed_v3/microagi/2026-05-21-10-56-53-166505.zarr,30.0,587.0,microagi,paint_ceramic_cup,human_bimanual
2026-05-21-10-58-20-561447,s3://rldb/processed_v3/microagi/2026-05-21-10-58-20-561447.zarr,30.0,186.0,microagi,paint_ceramic_cup,human_bimanual
2026-05-21-10-58-52-211889,s3://rldb/processed_v3/microagi/2026-05-21-10-58-52-211889.zarr,30.0,178.0,microagi,paint_ceramic_cup,human_bimanual
2026-05-21-11-00-11-783747,s3://rldb/processed_v3/microagi/2026-05-21-11-00-11-783747.zarr,30.0,168.0,microagi,paint_ceramic_cup,human_bimanual
2026-05-21-11-00-28-132649,s3://rldb/processed_v3/microagi/2026-05-21-11-00-28-132649.zarr,30.0,176.0,microagi,paint_ceramic_cup,human_bimanual
2026-05-21-11-00-35-438694,s3://rldb/processed_v3/microagi/2026-05-21-11-00-35-438694.zarr,30.0,190.0,microagi,paint_ceramic_cup,human_bimanual
2026-05-21-11-08-01-068292,s3://rldb/processed_v3/microagi/2026-05-21-11-08-01-068292.zarr,30.0,259.0,microagi,paint_ceramic_cup_and_lid,human_bimanual
2026-05-21-11-09-08-118449,s3://rldb/processed_v3/microagi/2026-05-21-11-09-08-118449.zarr,30.0,417.0,microagi,paint_ceramic_cup_and_lid,human_bimanual
2026-05-21-11-09-24-433750,s3://rldb/processed_v3/microagi/2026-05-21-11-09-24-433750.zarr,30.0,278.0,microagi,paint_ceramic_cup_and_lid,human_bimanual
2026-05-21-11-17-00-443267,s3://rldb/processed_v3/microagi/2026-05-21-11-17-00-443267.zarr,30.0,159.0,microagi,paint_ceramic_cup,human_bimanual
2026-05-21-11-17-06-590822,s3://rldb/processed_v3/microagi/2026-05-21-11-17-06-590822.zarr,30.0,230.0,microagi,paint_ceramic_cup,human_bimanual
2026-05-21-11-17-16-116156,s3://rldb/processed_v3/microagi/2026-05-21-11-17-16-116156.zarr,30.0,300.0,microagi,paint_ceramic_cup,human_bimanual
2026-05-21-11-17-30-877680,s3://rldb/processed_v3/microagi/2026-05-21-11-17-30-877680.zarr,30.0,157.0,microagi,paint_ceramic_cup,human_bimanual
2026-05-21-11-17-37-363024,s3://rldb/processed_v3/microagi/2026-05-21-11-17-37-363024.zarr,30.0,300.0,microagi,paint_ceramic_cup,human_bimanual
2026-05-21-12-50-03-034048,s3://rldb/processed_v3/microagi/2026-05-21-12-50-03-034048.zarr,30.0,205.0,microagi,organize_shelf_and_drawer,human_bimanual
2026-05-21-13-32-13-409913,s3://rldb/processed_v3/microagi/2026-05-21-13-32-13-409913.zarr,30.0,419.0,microagi,clean_sink_and_cups,human_bimanual
2026-05-21-13-32-34-770559,s3://rldb/processed_v3/microagi/2026-05-21-13-32-34-770559.zarr,30.0,166.0,microagi,clean_sink_and_cups,human_bimanual
2026-05-21-18-53-50-061848,s3://rldb/processed_v3/microagi/2026-05-21-18-53-50-061848.zarr,30.0,267.0,microagi,retrieve_items_from_drawer,human_bimanual
2026-05-21-19-40-40-255997,s3://rldb/processed_v3/microagi/2026-05-21-19-40-40-255997.zarr,30.0,7826.0,microagi,decorate_white_cup,human_bimanual
2026-05-21-19-45-23-338629,s3://rldb/processed_v3/microagi/2026-05-21-19-45-23-338629.zarr,30.0,1154.0,microagi,decorate_white_cup,human_bimanual
2026-05-21-19-49-51-849450,s3://rldb/processed_v3/microagi/2026-05-21-19-49-51-849450.zarr,30.0,405.0,microagi,decorate_white_cup,human_bimanual
2026-05-21-19-50-09-724450,s3://rldb/processed_v3/microagi/2026-05-21-19-50-09-724450.zarr,30.0,377.0,microagi,decorate_white_cup,human_bimanual
2026-05-21-19-55-25-754646,s3://rldb/processed_v3/microagi/2026-05-21-19-55-25-754646.zarr,30.0,1217.0,microagi,decorate_white_cup,human_bimanual
2026-05-21-19-57-33-040790,s3://rldb/processed_v3/microagi/2026-05-21-19-57-33-040790.zarr,30.0,396.0,microagi,decorate_white_cup,human_bimanual
2026-05-21-22-31-11-863011,s3://rldb/processed_v3/microagi/2026-05-21-22-31-11-863011.zarr,30.0,340.0,microagi,organize_spice_drawer,human_bimanual
2026-05-22-13-52-44-181432,s3://rldb/processed_v3/microagi/2026-05-22-13-52-44-181432.zarr,30.0,735.0,microagi,pack_saucers_into_box,human_bimanual
2026-05-22-13-53-10-063099,s3://rldb/processed_v3/microagi/2026-05-22-13-53-10-063099.zarr,30.0,4082.0,microagi,pack_saucers_into_box,human_bimanual
2026-05-22-13-55-26-177966,s3://rldb/processed_v3/microagi/2026-05-22-13-55-26-177966.zarr,30.0,6476.0,microagi,pack_cups_into_box,human_bimanual
2026-05-22-18-30-28-158467,s3://rldb/processed_v3/microagi/2026-05-22-18-30-28-158467.zarr,30.0,553.0,microagi,clean_and_organize_drawer,human_bimanual
2026-05-22-18-31-43-756800,s3://rldb/processed_v3/microagi/2026-05-22-18-31-43-756800.zarr,30.0,155.0,microagi,clean_and_organize_drawer,human_bimanual
2026-05-22-18-32-32-575232,s3://rldb/processed_v3/microagi/2026-05-22-18-32-32-575232.zarr,30.0,5475.0,microagi,clean_and_organize_drawer,human_bimanual
2026-05-22-18-36-23-817723,s3://rldb/processed_v3/microagi/2026-05-22-18-36-23-817723.zarr,30.0,242.0,microagi,clean_and_organize_drawer,human_bimanual
2026-05-22-18-36-32-121056,s3://rldb/processed_v3/microagi/2026-05-22-18-36-32-121056.zarr,30.0,489.0,microagi,clean_and_organize_drawer,human_bimanual
2026-05-22-18-37-01-436056,s3://rldb/processed_v3/microagi/2026-05-22-18-37-01-436056.zarr,30.0,408.0,microagi,clean_and_organize_drawer,human_bimanual
2026-05-22-18-40-06-913857,s3://rldb/processed_v3/microagi/2026-05-22-18-40-06-913857.zarr,30.0,202.0,microagi,organize_desk_drawer,human_bimanual
2026-05-22-18-40-13-883857,s3://rldb/processed_v3/microagi/2026-05-22-18-40-13-883857.zarr,30.0,183.0,microagi,organize_desk_drawer,human_bimanual
2026-05-22-18-40-35-992191,s3://rldb/processed_v3/microagi/2026-05-22-18-40-35-992191.zarr,30.0,1549.0,microagi,organize_desk_drawer,human_bimanual
2026-05-22-18-41-29-512191,s3://rldb/processed_v3/microagi/2026-05-22-18-41-29-512191.zarr,30.0,255.0,microagi,organize_desk_drawer,human_bimanual
2026-05-22-18-41-43-817191,s3://rldb/processed_v3/microagi/2026-05-22-18-41-43-817191.zarr,30.0,639.0,microagi,organize_desk_drawer,human_bimanual
2026-05-22-18-42-06-426463,s3://rldb/processed_v3/microagi/2026-05-22-18-42-06-426463.zarr,30.0,1026.0,microagi,organize_desk_drawer,human_bimanual
2026-05-22-18-43-02-581463,s3://rldb/processed_v3/microagi/2026-05-22-18-43-02-581463.zarr,30.0,724.0,microagi,clean_and_organize_desk_drawers,human_bimanual
2026-05-22-18-43-27-226463,s3://rldb/processed_v3/microagi/2026-05-22-18-43-27-226463.zarr,30.0,2021.0,microagi,clean_and_organize_desk_drawers,human_bimanual
2026-05-22-18-44-41-756374,s3://rldb/processed_v3/microagi/2026-05-22-18-44-41-756374.zarr,30.0,2967.0,microagi,clean_and_organize_desk_drawers,human_bimanual
2026-05-22-19-20-02-061884,s3://rldb/processed_v3/microagi/2026-05-22-19-20-02-061884.zarr,30.0,529.0,microagi,organize_makeup_drawer,human_bimanual
2026-05-22-19-20-38-533524,s3://rldb/processed_v3/microagi/2026-05-22-19-20-38-533524.zarr,30.0,367.0,microagi,organize_makeup_drawer,human_bimanual
2026-05-22-19-21-01-370311,s3://rldb/processed_v3/microagi/2026-05-22-19-21-01-370311.zarr,30.0,897.0,microagi,organize_makeup_drawer,human_bimanual
2026-05-22-19-21-48-509756,s3://rldb/processed_v3/microagi/2026-05-22-19-21-48-509756.zarr,30.0,161.0,microagi,organize_makeup_drawer,human_bimanual
2026-05-22-19-21-56-411535,s3://rldb/processed_v3/microagi/2026-05-22-19-21-56-411535.zarr,30.0,542.0,microagi,organize_makeup_drawer,human_bimanual
2026-05-22-19-22-24-915572,s3://rldb/processed_v3/microagi/2026-05-22-19-22-24-915572.zarr,30.0,177.0,microagi,organize_makeup_drawer,human_bimanual
2026-05-22-19-22-33-816572,s3://rldb/processed_v3/microagi/2026-05-22-19-22-33-816572.zarr,30.0,200.0,microagi,organize_makeup_drawer,human_bimanual
2026-05-22-19-22-48-051572,s3://rldb/processed_v3/microagi/2026-05-22-19-22-48-051572.zarr,30.0,239.0,microagi,organize_makeup_drawer,human_bimanual
2026-05-22-19-22-57-486766,s3://rldb/processed_v3/microagi/2026-05-22-19-22-57-486766.zarr,30.0,378.0,microagi,organize_makeup_drawer,human_bimanual
2026-05-22-19-23-26-757582,s3://rldb/processed_v3/microagi/2026-05-22-19-23-26-757582.zarr,30.0,190.0,microagi,organize_makeup_drawer,human_bimanual
2026-05-22-19-23-39-525805,s3://rldb/processed_v3/microagi/2026-05-22-19-23-39-525805.zarr,30.0,606.0,microagi,organize_makeup_drawer,human_bimanual
2026-05-22-19-24-19-497779,s3://rldb/processed_v3/microagi/2026-05-22-19-24-19-497779.zarr,30.0,624.0,microagi,organize_makeup_drawer,human_bimanual
2026-05-22-19-24-40-801020,s3://rldb/processed_v3/microagi/2026-05-22-19-24-40-801020.zarr,30.0,487.0,microagi,organize_makeup_drawer,human_bimanual
2026-05-22-19-25-02-404357,s3://rldb/processed_v3/microagi/2026-05-22-19-25-02-404357.zarr,30.0,250.0,microagi,organize_makeup_drawer,human_bimanual
2026-05-22-19-25-10-905357,s3://rldb/processed_v3/microagi/2026-05-22-19-25-10-905357.zarr,30.0,264.0,microagi,organize_makeup_drawer,human_bimanual
2026-05-22-19-25-29-641479,s3://rldb/processed_v3/microagi/2026-05-22-19-25-29-641479.zarr,30.0,612.0,microagi,organize_makeup_drawer,human_bimanual
2026-05-22-19-25-58-978935,s3://rldb/processed_v3/microagi/2026-05-22-19-25-58-978935.zarr,30.0,232.0,microagi,organize_makeup_drawer,human_bimanual
2026-05-22-19-26-15-714379,s3://rldb/processed_v3/microagi/2026-05-22-19-26-15-714379.zarr,30.0,162.0,microagi,organize_makeup_drawer,human_bimanual
2026-05-22-19-26-27-049614,s3://rldb/processed_v3/microagi/2026-05-22-19-26-27-049614.zarr,30.0,367.0,microagi,organize_makeup_drawer,human_bimanual
2026-05-22-21-12-55-000000,s3://rldb/processed_v3/aria/2026-05-22-21-12-55-000000.zarr,30.0,3177.0,rl2,bag_groceries_success_2,human_bimanual
2026-05-22-21-18-38-000000,s3://rldb/processed_v3/aria/2026-05-22-21-18-38-000000.zarr,30.0,3474.0,rl2,bag_groceries_success_2,human_bimanual
2026-05-22-21-24-35-000000,s3://rldb/processed_v3/aria/2026-05-22-21-24-35-000000.zarr,30.0,3234.0,rl2,bag_groceries_success_2,human_bimanual
2026-05-22-21-39-51-000000,s3://rldb/processed_v3/aria/2026-05-22-21-39-51-000000.zarr,30.0,3102.0,rl2,bag_groceries_success_2,human_bimanual
2026-05-22-21-47-35-000000,s3://rldb/processed_v3/aria/2026-05-22-21-47-35-000000.zarr,30.0,3084.0,rl2,bag_groceries_success_2,human_bimanual
2026-05-22-22-00-55-645786,s3://rldb/processed_v3/microagi/2026-05-22-22-00-55-645786.zarr,30.0,243.0,microagi,organize_vanity_drawer,human_bimanual
2026-05-22-22-03-04-894208,s3://rldb/processed_v3/microagi/2026-05-22-22-03-04-894208.zarr,30.0,292.0,microagi,organize_cabinet_and_drawer,human_bimanual
2026-05-22-23-41-20-408046,s3://rldb/processed_v3/microagi/2026-05-22-23-41-20-408046.zarr,30.0,215.0,microagi,sort_laundry_into_drawers,human_bimanual
2026-05-22-23-42-28-278046,s3://rldb/processed_v3/microagi/2026-05-22-23-42-28-278046.zarr,30.0,156.0,microagi,sort_laundry_into_drawers,human_bimanual
2026-05-22-23-47-28-438083,s3://rldb/processed_v3/microagi/2026-05-22-23-47-28-438083.zarr,30.0,202.0,microagi,sort_laundry_into_drawers,human_bimanual
2026-05-22-23-48-33-373083,s3://rldb/processed_v3/microagi/2026-05-22-23-48-33-373083.zarr,30.0,185.0,microagi,sort_laundry_into_drawers,human_bimanual
2026-05-22-23-49-16-196416,s3://rldb/processed_v3/microagi/2026-05-22-23-49-16-196416.zarr,30.0,189.0,microagi,sort_laundry_into_drawers,human_bimanual
2026-05-22-23-55-26-929241,s3://rldb/processed_v3/microagi/2026-05-22-23-55-26-929241.zarr,30.0,153.0,microagi,organize_bras_in_drawer,human_bimanual
2026-05-23-00-33-57-000000,s3://rldb/processed_v3/aria/2026-05-23-00-33-57-000000.zarr,30.0,3236.0,rl2,bag_groceries_success_2,human_bimanual
2026-05-23-00-42-47-000000,s3://rldb/processed_v3/aria/2026-05-23-00-42-47-000000.zarr,30.0,3395.0,rl2,bag_groceries_success_2,human_bimanual
2026-05-23-00-49-12-000000,s3://rldb/processed_v3/aria/2026-05-23-00-49-12-000000.zarr,30.0,3364.0,rl2,bag_groceries_success_2,human_bimanual
2026-05-23-00-55-15-000000,s3://rldb/processed_v3/aria/2026-05-23-00-55-15-000000.zarr,30.0,3467.0,rl2,bag_groceries_success_2,human_bimanual
2026-05-23-01-01-11-000000,s3://rldb/processed_v3/aria/2026-05-23-01-01-11-000000.zarr,30.0,3492.0,rl2,bag_groceries_success_2,human_bimanual
2026-05-23-01-07-13-000000,s3://rldb/processed_v3/aria/2026-05-23-01-07-13-000000.zarr,30.0,3970.0,rl2,bag_groceries_success_2,human_bimanual
2026-05-23-01-33-18-000000,s3://rldb/processed_v3/aria/2026-05-23-01-33-18-000000.zarr,30.0,3756.0,rl2,bag_groceries_success_3,human_bimanual
2026-05-23-01-39-12-000000,s3://rldb/processed_v3/aria/2026-05-23-01-39-12-000000.zarr,30.0,3680.0,rl2,bag_groceries_success_3,human_bimanual
2026-05-23-01-46-48-000000,s3://rldb/processed_v3/aria/2026-05-23-01-46-48-000000.zarr,30.0,3813.0,rl2,bag_groceries_success_3,human_bimanual
2026-05-23-01-53-25-000000,s3://rldb/processed_v3/aria/2026-05-23-01-53-25-000000.zarr,30.0,4019.0,rl2,bag_groceries_success_3,human_bimanual
2026-05-23-01-59-56-000000,s3://rldb/processed_v3/aria/2026-05-23-01-59-56-000000.zarr,30.0,3733.0,rl2,bag_groceries_success_3,human_bimanual
2026-05-23-02-06-10-000000,s3://rldb/processed_v3/aria/2026-05-23-02-06-10-000000.zarr,30.0,3746.0,rl2,bag_groceries_success_3,human_bimanual
2026-05-23-02-19-28-000000,s3://rldb/processed_v3/aria/2026-05-23-02-19-28-000000.zarr,30.0,3648.0,rl2,bag_groceries_success_3,human_bimanual
2026-05-23-02-25-26-000000,s3://rldb/processed_v3/aria/2026-05-23-02-25-26-000000.zarr,30.0,3903.0,rl2,bag_groceries_success_3,human_bimanual
2026-05-23-02-55-22-000000,s3://rldb/processed_v3/aria/2026-05-23-02-55-22-000000.zarr,30.0,3776.0,rl2,bag_groceries_success_3,human_bimanual
2026-05-23-03-04-22-000000,s3://rldb/processed_v3/aria/2026-05-23-03-04-22-000000.zarr,30.0,4021.0,rl2,bag_groceries_success_3,human_bimanual
2026-05-23-03-10-16-000000,s3://rldb/processed_v3/aria/2026-05-23-03-10-16-000000.zarr,30.0,3698.0,rl2,bag_groceries_success_3,human_bimanual
2026-05-23-03-16-34-000000,s3://rldb/processed_v3/aria/2026-05-23-03-16-34-000000.zarr,30.0,3655.0,rl2,bag_groceries_success_3,human_bimanual
2026-05-23-03-19-59-892060,s3://rldb/processed_v3/microagi/2026-05-23-03-19-59-892060.zarr,30.0,1074.0,microagi,organize_drawer,human_bimanual
2026-05-23-07-50-51-309249,s3://rldb/processed_v3/microagi/2026-05-23-07-50-51-309249.zarr,30.0,152.0,microagi,Prepare_a_cup_of_coffee,human_bimanual
2026-05-23-07-51-48-666224,s3://rldb/processed_v3/microagi/2026-05-23-07-51-48-666224.zarr,30.0,826.0,microagi,Prepare_a_cup_of_coffee,human_bimanual
2026-05-23-07-52-24-246224,s3://rldb/processed_v3/microagi/2026-05-23-07-52-24-246224.zarr,30.0,1126.0,microagi,Prepare_a_cup_of_coffee,human_bimanual
2026-05-23-10-55-48-122269,s3://rldb/processed_v3/microagi/2026-05-23-10-55-48-122269.zarr,30.0,164.0,microagi,clean_kitchen_drawer,human_bimanual
2026-05-23-10-56-05-632269,s3://rldb/processed_v3/microagi/2026-05-23-10-56-05-632269.zarr,30.0,165.0,microagi,clean_kitchen_drawer,human_bimanual
2026-05-23-11-29-26-517304,s3://rldb/processed_v3/microagi/2026-05-23-11-29-26-517304.zarr,30.0,186.0,microagi,organize_items_in_drawer,human_bimanual
2026-05-23-11-29-41-590637,s3://rldb/processed_v3/microagi/2026-05-23-11-29-41-590637.zarr,30.0,390.0,microagi,organize_items_in_drawer,human_bimanual
2026-05-23-11-31-10-965485,s3://rldb/processed_v3/microagi/2026-05-23-11-31-10-965485.zarr,30.0,616.0,microagi,organize_items_in_drawer,human_bimanual
2026-05-23-12-44-55-935213,s3://rldb/processed_v3/microagi/2026-05-23-12-44-55-935213.zarr,30.0,337.0,microagi,organize_drawers,human_bimanual
2026-05-23-12-45-12-304658,s3://rldb/processed_v3/microagi/2026-05-23-12-45-12-304658.zarr,30.0,223.0,microagi,organize_drawers,human_bimanual
2026-05-23-16-19-03-190291,s3://rldb/processed_v3/microagi/2026-05-23-16-19-03-190291.zarr,30.0,237.0,microagi,get_ingredients_from_drawer,human_bimanual
2026-05-23-16-19-12-053949,s3://rldb/processed_v3/microagi/2026-05-23-16-19-12-053949.zarr,30.0,154.0,microagi,get_ingredients_from_drawer,human_bimanual
2026-05-23-20-12-52-753320,s3://rldb/processed_v3/microagi/2026-05-23-20-12-52-753320.zarr,30.0,2507.0,microagi,prepare_custard_cups,human_bimanual
2026-05-23-20-14-17-768320,s3://rldb/processed_v3/microagi/2026-05-23-20-14-17-768320.zarr,30.0,828.0,microagi,prepare_custard_cups,human_bimanual
2026-05-23-20-14-47-953864,s3://rldb/processed_v3/microagi/2026-05-23-20-14-47-953864.zarr,30.0,654.0,microagi,prepare_custard_cups,human_bimanual
2026-05-23-20-15-26-575531,s3://rldb/processed_v3/microagi/2026-05-23-20-15-26-575531.zarr,30.0,249.0,microagi,prepare_dessert_cups,human_bimanual
2026-05-23-20-15-42-350531,s3://rldb/processed_v3/microagi/2026-05-23-20-15-42-350531.zarr,30.0,1091.0,microagi,prepare_dessert_cups,human_bimanual
2026-05-23-20-16-20-838864,s3://rldb/processed_v3/microagi/2026-05-23-20-16-20-838864.zarr,30.0,2674.0,microagi,prepare_dessert_cups,human_bimanual
2026-05-23-21-11-03-743173,s3://rldb/processed_v3/microagi/2026-05-23-21-11-03-743173.zarr,30.0,231.0,microagi,prepare_a_cup_of_tea,human_bimanual
2026-05-23-21-11-29-558173,s3://rldb/processed_v3/microagi/2026-05-23-21-11-29-558173.zarr,30.0,332.0,microagi,prepare_a_cup_of_tea,human_bimanual
2026-05-23-21-11-49-638173,s3://rldb/processed_v3/microagi/2026-05-23-21-11-49-638173.zarr,30.0,2372.0,microagi,prepare_a_cup_of_tea,human_bimanual
2026-05-23-21-13-12-488546,s3://rldb/processed_v3/microagi/2026-05-23-21-13-12-488546.zarr,30.0,566.0,microagi,prepare_a_cup_of_tea,human_bimanual
2026-05-24-15-11-27-197105,s3://rldb/processed_v3/microagi/2026-05-24-15-11-27-197105.zarr,30.0,501.0,microagi,organize_drawer_items,human_bimanual
2026-05-24-15-12-19-563772,s3://rldb/processed_v3/microagi/2026-05-24-15-12-19-563772.zarr,30.0,206.0,microagi,organize_drawer_items,human_bimanual
2026-05-24-15-12-32-070438,s3://rldb/processed_v3/microagi/2026-05-24-15-12-32-070438.zarr,30.0,238.0,microagi,organize_drawer_items,human_bimanual
2026-05-24-15-12-44-245438,s3://rldb/processed_v3/microagi/2026-05-24-15-12-44-245438.zarr,30.0,231.0,microagi,organize_drawer_items,human_bimanual
2026-05-24-15-23-51-766616,s3://rldb/processed_v3/microagi/2026-05-24-15-23-51-766616.zarr,30.0,389.0,microagi,organize_shoes_in_drawer,human_bimanual
2026-05-24-15-24-17-476616,s3://rldb/processed_v3/microagi/2026-05-24-15-24-17-476616.zarr,30.0,191.0,microagi,organize_shoes_in_drawer,human_bimanual
2026-05-24-15-24-25-113283,s3://rldb/processed_v3/microagi/2026-05-24-15-24-25-113283.zarr,30.0,375.0,microagi,organize_shoes_in_drawer,human_bimanual
2026-05-24-15-24-38-484950,s3://rldb/processed_v3/microagi/2026-05-24-15-24-38-484950.zarr,30.0,348.0,microagi,organize_shoes_in_drawer,human_bimanual
2026-05-24-16-44-01-740986,s3://rldb/processed_v3/microagi/2026-05-24-16-44-01-740986.zarr,30.0,718.0,microagi,clean_kitchen_drawer,human_bimanual
2026-05-24-16-45-09-744829,s3://rldb/processed_v3/microagi/2026-05-24-16-45-09-744829.zarr,30.0,272.0,microagi,clean_kitchen_drawer,human_bimanual
2026-05-24-16-45-26-686496,s3://rldb/processed_v3/microagi/2026-05-24-16-45-26-686496.zarr,30.0,582.0,microagi,clean_kitchen_drawer,human_bimanual
2026-05-24-16-45-54-668162,s3://rldb/processed_v3/microagi/2026-05-24-16-45-54-668162.zarr,30.0,168.0,microagi,clean_kitchen_drawer,human_bimanual
2026-05-24-16-46-05-141496,s3://rldb/processed_v3/microagi/2026-05-24-16-46-05-141496.zarr,30.0,157.0,microagi,clean_kitchen_drawer,human_bimanual
2026-05-24-19-12-41-517344,s3://rldb/processed_v3/microagi/2026-05-24-19-12-41-517344.zarr,30.0,165.0,microagi,wash_and_dry_cup,human_bimanual
2026-05-24-19-13-38-372344,s3://rldb/processed_v3/microagi/2026-05-24-19-13-38-372344.zarr,30.0,442.0,microagi,wash_and_dry_cup,human_bimanual
2026-05-25-08-33-23-867440,s3://rldb/processed_v3/microagi/2026-05-25-08-33-23-867440.zarr,30.0,966.0,microagi,wrap_glass_cups_in_paper,human_bimanual
2026-05-25-08-34-08-748272,s3://rldb/processed_v3/microagi/2026-05-25-08-34-08-748272.zarr,30.0,357.0,microagi,wrap_glass_cups_in_paper,human_bimanual
2026-05-25-08-34-21-699773,s3://rldb/processed_v3/microagi/2026-05-25-08-34-21-699773.zarr,30.0,1130.0,microagi,wrap_glass_cups_in_paper,human_bimanual
2026-05-25-08-34-59-555500,s3://rldb/processed_v3/microagi/2026-05-25-08-34-59-555500.zarr,30.0,192.0,microagi,wrap_glass_cups_in_paper,human_bimanual
2026-05-25-08-35-07-745912,s3://rldb/processed_v3/microagi/2026-05-25-08-35-07-745912.zarr,30.0,1797.0,microagi,wrap_glass_cups_in_paper,human_bimanual
2026-05-25-08-36-08-674632,s3://rldb/processed_v3/microagi/2026-05-25-08-36-08-674632.zarr,30.0,662.0,microagi,wrap_glass_cups_in_paper,human_bimanual
2026-05-25-08-36-33-645418,s3://rldb/processed_v3/microagi/2026-05-25-08-36-33-645418.zarr,30.0,3869.0,microagi,wrap_glass_cups_in_paper,human_bimanual
2026-05-25-08-38-47-855069,s3://rldb/processed_v3/microagi/2026-05-25-08-38-47-855069.zarr,30.0,1565.0,microagi,clean_and_wrap_glass_cups,human_bimanual
2026-05-25-08-39-41-092778,s3://rldb/processed_v3/microagi/2026-05-25-08-39-41-092778.zarr,30.0,315.0,microagi,clean_and_wrap_glass_cups,human_bimanual
2026-05-25-08-39-54-410538,s3://rldb/processed_v3/microagi/2026-05-25-08-39-54-410538.zarr,30.0,2867.0,microagi,clean_and_wrap_glass_cups,human_bimanual
2026-05-25-08-41-29-865525,s3://rldb/processed_v3/microagi/2026-05-25-08-41-29-865525.zarr,30.0,2523.0,microagi,pack_small_glass_cups,human_bimanual
2026-05-25-08-43-59-790123,s3://rldb/processed_v3/microagi/2026-05-25-08-43-59-790123.zarr,30.0,415.0,microagi,pack_small_glass_cups,human_bimanual
2026-05-25-08-44-20-532519,s3://rldb/processed_v3/microagi/2026-05-25-08-44-20-532519.zarr,30.0,872.0,microagi,pack_small_glass_cups,human_bimanual
2026-05-25-08-44-50-730528,s3://rldb/processed_v3/microagi/2026-05-25-08-44-50-730528.zarr,30.0,1204.0,microagi,pack_small_glass_cups,human_bimanual
2026-05-25-08-45-31-882392,s3://rldb/processed_v3/microagi/2026-05-25-08-45-31-882392.zarr,30.0,2973.0,microagi,pack_small_glass_cups,human_bimanual
2026-05-25-13-50-42-198058,s3://rldb/processed_v3/microagi/2026-05-25-13-50-42-198058.zarr,30.0,2357.0,microagi,organize_wooden_drawer,human_bimanual
2026-05-25-13-53-18-212901,s3://rldb/processed_v3/microagi/2026-05-25-13-53-18-212901.zarr,30.0,228.0,microagi,organize_wooden_drawer,human_bimanual
2026-05-26-12-32-02-890392,s3://rldb/processed_v3/microagi/2026-05-26-12-32-02-890392.zarr,30.0,297.0,microagi,clean_and_organize_drawer,human_bimanual
2026-05-26-12-32-26-938725,s3://rldb/processed_v3/microagi/2026-05-26-12-32-26-938725.zarr,30.0,1183.0,microagi,clean_and_organize_drawer,human_bimanual
2026-05-26-12-33-19-103725,s3://rldb/processed_v3/microagi/2026-05-26-12-33-19-103725.zarr,30.0,420.0,microagi,clean_and_organize_drawer,human_bimanual
2026-05-26-12-33-34-247058,s3://rldb/processed_v3/microagi/2026-05-26-12-33-34-247058.zarr,30.0,178.0,microagi,clean_and_organize_drawer,human_bimanual
2026-05-26-12-33-40-352058,s3://rldb/processed_v3/microagi/2026-05-26-12-33-40-352058.zarr,30.0,164.0,microagi,clean_and_organize_drawer,human_bimanual
2026-05-26-12-33-49-857420,s3://rldb/processed_v3/microagi/2026-05-26-12-33-49-857420.zarr,30.0,284.0,microagi,clean_and_organize_drawer,human_bimanual
2026-05-26-12-33-59-429087,s3://rldb/processed_v3/microagi/2026-05-26-12-33-59-429087.zarr,30.0,207.0,microagi,clean_and_organize_drawer,human_bimanual
2026-05-26-12-34-06-734087,s3://rldb/processed_v3/microagi/2026-05-26-12-34-06-734087.zarr,30.0,250.0,microagi,clean_and_organize_drawer,human_bimanual
2026-05-26-12-34-18-609087,s3://rldb/processed_v3/microagi/2026-05-26-12-34-18-609087.zarr,30.0,256.0,microagi,clean_and_organize_drawer,human_bimanual
2026-05-26-12-34-33-550754,s3://rldb/processed_v3/microagi/2026-05-26-12-34-33-550754.zarr,30.0,475.0,microagi,clean_and_organize_drawer,human_bimanual
2026-05-26-12-34-51-529087,s3://rldb/processed_v3/microagi/2026-05-26-12-34-51-529087.zarr,30.0,219.0,microagi,clean_and_organize_drawer,human_bimanual
2026-05-26-12-35-02-735754,s3://rldb/processed_v3/microagi/2026-05-26-12-35-02-735754.zarr,30.0,228.0,microagi,clean_and_organize_drawer,human_bimanual
2026-05-26-12-35-25-617420,s3://rldb/processed_v3/microagi/2026-05-26-12-35-25-617420.zarr,30.0,151.0,microagi,clean_and_organize_drawer,human_bimanual
2026-05-26-12-35-37-124087,s3://rldb/processed_v3/microagi/2026-05-26-12-35-37-124087.zarr,30.0,218.0,microagi,clean_and_organize_drawer,human_bimanual
2026-05-26-12-36-30-791108,s3://rldb/processed_v3/microagi/2026-05-26-12-36-30-791108.zarr,30.0,154.0,microagi,clean_and_organize_drawer,human_bimanual
2026-05-26-12-36-36-762775,s3://rldb/processed_v3/microagi/2026-05-26-12-36-36-762775.zarr,30.0,278.0,microagi,clean_and_organize_drawer,human_bimanual
2026-05-26-12-36-59-976108,s3://rldb/processed_v3/microagi/2026-05-26-12-36-59-976108.zarr,30.0,289.0,microagi,clean_and_organize_drawer,human_bimanual
2026-05-26-12-37-19-856108,s3://rldb/processed_v3/microagi/2026-05-26-12-37-19-856108.zarr,30.0,228.0,microagi,clean_and_organize_drawer,human_bimanual
2026-05-26-12-37-30-329442,s3://rldb/processed_v3/microagi/2026-05-26-12-37-30-329442.zarr,30.0,179.0,microagi,clean_and_organize_drawer,human_bimanual
2026-05-26-12-37-48-639754,s3://rldb/processed_v3/microagi/2026-05-26-12-37-48-639754.zarr,30.0,155.0,microagi,clean_and_organize_drawer,human_bimanual
2026-05-26-12-38-02-649754,s3://rldb/processed_v3/microagi/2026-05-26-12-38-02-649754.zarr,30.0,156.0,microagi,clean_and_organize_drawer,human_bimanual
2026-05-26-12-38-57-183087,s3://rldb/processed_v3/microagi/2026-05-26-12-38-57-183087.zarr,30.0,242.0,microagi,clean_and_organize_drawer,human_bimanual
2026-05-26-12-49-10-201936,s3://rldb/processed_v3/microagi/2026-05-26-12-49-10-201936.zarr,30.0,437.0,microagi,clean_floor_and_drawer,human_bimanual
2026-05-26-12-49-43-023603,s3://rldb/processed_v3/microagi/2026-05-26-12-49-43-023603.zarr,30.0,210.0,microagi,clean_floor_and_drawer,human_bimanual
2026-05-26-12-57-44-693900,s3://rldb/processed_v3/microagi/2026-05-26-12-57-44-693900.zarr,30.0,168.0,microagi,assemble_drawer,human_bimanual
2026-05-27-15-56-18-932534,s3://rldb/processed_v3/microagi/2026-05-27-15-56-18-932534.zarr,30.0,473.0,microagi,clean_and_wrap_saucers,human_bimanual
2026-05-27-15-56-49-282534,s3://rldb/processed_v3/microagi/2026-05-27-15-56-49-282534.zarr,30.0,1651.0,microagi,clean_and_wrap_saucers,human_bimanual
2026-05-27-15-57-47-378793,s3://rldb/processed_v3/microagi/2026-05-27-15-57-47-378793.zarr,30.0,237.0,microagi,clean_and_wrap_saucers,human_bimanual
2026-05-27-15-58-00-552126,s3://rldb/processed_v3/microagi/2026-05-27-15-58-00-552126.zarr,30.0,1174.0,microagi,clean_and_wrap_saucers,human_bimanual
2026-05-27-15-58-57-282126,s3://rldb/processed_v3/microagi/2026-05-27-15-58-57-282126.zarr,30.0,468.0,microagi,clean_and_wrap_saucers,human_bimanual
2026-05-27-15-59-17-126135,s3://rldb/processed_v3/microagi/2026-05-27-15-59-17-126135.zarr,30.0,1145.0,microagi,clean_and_wrap_saucers,human_bimanual
2026-05-27-15-59-57-781135,s3://rldb/processed_v3/microagi/2026-05-27-15-59-57-781135.zarr,30.0,360.0,microagi,clean_and_wrap_saucers,human_bimanual
2026-05-27-16-00-13-989469,s3://rldb/processed_v3/microagi/2026-05-27-16-00-13-989469.zarr,30.0,998.0,microagi,clean_and_wrap_saucers,human_bimanual
2026-05-27-16-01-16-288113,s3://rldb/processed_v3/microagi/2026-05-27-16-01-16-288113.zarr,30.0,254.0,microagi,clean_and_wrap_cups,human_bimanual
2026-05-27-16-01-25-659780,s3://rldb/processed_v3/microagi/2026-05-27-16-01-25-659780.zarr,30.0,221.0,microagi,clean_and_wrap_cups,human_bimanual
2026-05-27-16-01-34-763113,s3://rldb/processed_v3/microagi/2026-05-27-16-01-34-763113.zarr,30.0,830.0,microagi,clean_and_wrap_cups,human_bimanual
2026-05-27-16-02-16-884780,s3://rldb/processed_v3/microagi/2026-05-27-16-02-16-884780.zarr,30.0,621.0,microagi,clean_and_wrap_cups,human_bimanual
2026-05-27-16-02-43-566446,s3://rldb/processed_v3/microagi/2026-05-27-16-02-43-566446.zarr,30.0,345.0,microagi,clean_and_wrap_cups,human_bimanual
2026-05-27-16-02-58-473113,s3://rldb/processed_v3/microagi/2026-05-27-16-02-58-473113.zarr,30.0,332.0,microagi,clean_and_wrap_cups,human_bimanual
2026-05-27-16-03-30-889944,s3://rldb/processed_v3/microagi/2026-05-27-16-03-30-889944.zarr,30.0,471.0,microagi,clean_and_wrap_cups,human_bimanual
2026-05-27-16-03-47-831610,s3://rldb/processed_v3/microagi/2026-05-27-16-03-47-831610.zarr,30.0,329.0,microagi,clean_and_wrap_cups,human_bimanual
2026-05-27-16-04-11-944944,s3://rldb/processed_v3/microagi/2026-05-27-16-04-11-944944.zarr,30.0,800.0,microagi,clean_and_wrap_cups,human_bimanual
2026-05-27-16-07-02-998271,s3://rldb/processed_v3/microagi/2026-05-27-16-07-02-998271.zarr,30.0,484.0,microagi,clean_and_organize_saucers,human_bimanual
2026-05-27-16-07-22-141415,s3://rldb/processed_v3/microagi/2026-05-27-16-07-22-141415.zarr,30.0,891.0,microagi,clean_and_organize_saucers,human_bimanual
2026-05-27-16-07-54-424749,s3://rldb/processed_v3/microagi/2026-05-27-16-07-54-424749.zarr,30.0,403.0,microagi,clean_and_organize_saucers,human_bimanual
2026-05-27-16-08-22-573082,s3://rldb/processed_v3/microagi/2026-05-27-16-08-22-573082.zarr,30.0,489.0,microagi,clean_and_organize_saucers,human_bimanual
2026-05-27-16-08-44-016415,s3://rldb/processed_v3/microagi/2026-05-27-16-08-44-016415.zarr,30.0,246.0,microagi,clean_and_organize_saucers,human_bimanual
2026-05-27-16-08-53-454749,s3://rldb/processed_v3/microagi/2026-05-27-16-08-53-454749.zarr,30.0,1542.0,microagi,clean_and_organize_saucers,human_bimanual
2026-05-27-16-09-47-749366,s3://rldb/processed_v3/microagi/2026-05-27-16-09-47-749366.zarr,30.0,2030.0,microagi,clean_and_organize_saucers,human_bimanual
2026-05-27-16-10-59-186032,s3://rldb/processed_v3/microagi/2026-05-27-16-10-59-186032.zarr,30.0,556.0,microagi,clean_and_organize_saucers,human_bimanual
2026-05-27-16-11-17-762071,s3://rldb/processed_v3/microagi/2026-05-27-16-11-17-762071.zarr,30.0,931.0,microagi,inspect_white_cup,human_bimanual
2026-05-27-16-12-01-983738,s3://rldb/processed_v3/microagi/2026-05-27-16-12-01-983738.zarr,30.0,369.0,microagi,inspect_white_cup,human_bimanual
2026-05-27-23-41-02-535280,s3://rldb/processed_v3/microagi/2026-05-27-23-41-02-535280.zarr,30.0,687.0,microagi,decorate_cup_with_mosaic_tiles,human_bimanual
2026-05-28-07-12-02-436987,s3://rldb/processed_v3/microagi/2026-05-28-07-12-02-436987.zarr,30.0,219.0,microagi,pour_beverage_into_cup,human_bimanual
2026-05-29-18-18-51-827904,s3://rldb/processed_v3/microagi/2026-05-29-18-18-51-827904.zarr,30.0,157.0,microagi,wash_yellow_cup,human_bimanual
2026-05-29-18-18-58-064571,s3://rldb/processed_v3/microagi/2026-05-29-18-18-58-064571.zarr,30.0,201.0,microagi,wash_yellow_cup,human_bimanual
2026-05-29-18-19-16-407904,s3://rldb/processed_v3/microagi/2026-05-29-18-19-16-407904.zarr,30.0,205.0,microagi,wash_yellow_cup,human_bimanual
2026-05-30-12-50-08-043047,s3://rldb/processed_v3/microagi/2026-05-30-12-50-08-043047.zarr,30.0,1065.0,microagi,wash_coffee_cups,human_bimanual
2026-05-30-12-51-03-108047,s3://rldb/processed_v3/microagi/2026-05-30-12-51-03-108047.zarr,30.0,229.0,microagi,wash_coffee_cups,human_bimanual
2026-05-31-00-00-52-044010,s3://rldb/processed_v3/microagi/2026-05-31-00-00-52-044010.zarr,30.0,183.0,microagi,organize_drawer,human_bimanual
2026-05-31-00-01-06-085676,s3://rldb/processed_v3/microagi/2026-05-31-00-01-06-085676.zarr,30.0,149.0,microagi,organize_drawer,human_bimanual
2026-05-31-07-50-28-194125,s3://rldb/processed_v3/microagi/2026-05-31-07-50-28-194125.zarr,30.0,416.0,microagi,clean_refrigerator_drawer,human_bimanual
2026-05-31-07-51-02-980508,s3://rldb/processed_v3/microagi/2026-05-31-07-51-02-980508.zarr,30.0,235.0,microagi,clean_refrigerator_drawer,human_bimanual
2026-05-31-07-52-08-183841,s3://rldb/processed_v3/microagi/2026-05-31-07-52-08-183841.zarr,30.0,161.0,microagi,clean_refrigerator_drawer,human_bimanual
2026-05-31-07-52-21-157174,s3://rldb/processed_v3/microagi/2026-05-31-07-52-21-157174.zarr,30.0,1030.0,microagi,clean_refrigerator_drawer,human_bimanual
2026-05-31-07-53-18-990230,s3://rldb/processed_v3/microagi/2026-05-31-07-53-18-990230.zarr,30.0,565.0,microagi,clean_refrigerator_drawers,human_bimanual
2026-05-31-07-53-45-838563,s3://rldb/processed_v3/microagi/2026-05-31-07-53-45-838563.zarr,30.0,409.0,microagi,clean_refrigerator_drawers,human_bimanual
2026-05-31-07-54-25-995230,s3://rldb/processed_v3/microagi/2026-05-31-07-54-25-995230.zarr,30.0,162.0,microagi,clean_refrigerator_drawers,human_bimanual
2026-05-31-07-56-18-258432,s3://rldb/processed_v3/microagi/2026-05-31-07-56-18-258432.zarr,30.0,1194.0,microagi,clean_refrigerator_drawers,human_bimanual
2026-06-01-08-27-50-965479,s3://rldb/processed_v3/microagi/2026-06-01-08-27-50-965479.zarr,30.0,404.0,microagi,seal_gift_cups,human_bimanual
2026-06-01-08-28-10-380479,s3://rldb/processed_v3/microagi/2026-06-01-08-28-10-380479.zarr,30.0,176.0,microagi,seal_gift_cups,human_bimanual
2026-06-01-08-28-24-158813,s3://rldb/processed_v3/microagi/2026-06-01-08-28-24-158813.zarr,30.0,156.0,microagi,seal_gift_cups,human_bimanual
2026-06-01-08-28-37-368728,s3://rldb/processed_v3/microagi/2026-06-01-08-28-37-368728.zarr,30.0,158.0,microagi,seal_gift_cups,human_bimanual
2026-06-01-08-29-16-933728,s3://rldb/processed_v3/microagi/2026-06-01-08-29-16-933728.zarr,30.0,167.0,microagi,seal_gift_cups,human_bimanual
2026-06-01-08-30-10-143728,s3://rldb/processed_v3/microagi/2026-06-01-08-30-10-143728.zarr,30.0,174.0,microagi,seal_gift_cups,human_bimanual
2026-06-01-08-30-24-988728,s3://rldb/processed_v3/microagi/2026-06-01-08-30-24-988728.zarr,30.0,185.0,microagi,seal_gift_cups,human_bimanual
2026-06-01-08-30-52-911958,s3://rldb/processed_v3/microagi/2026-06-01-08-30-52-911958.zarr,30.0,150.0,microagi,seal_gift_cups,human_bimanual
2026-06-01-08-31-08-590291,s3://rldb/processed_v3/microagi/2026-06-01-08-31-08-590291.zarr,30.0,255.0,microagi,seal_gift_cups,human_bimanual
2026-06-01-08-31-29-106958,s3://rldb/processed_v3/microagi/2026-06-01-08-31-29-106958.zarr,30.0,153.0,microagi,seal_gift_cups,human_bimanual
2026-06-01-08-31-41-916958,s3://rldb/processed_v3/microagi/2026-06-01-08-31-41-916958.zarr,30.0,158.0,microagi,seal_gift_cups,human_bimanual
2026-06-01-08-32-14-410291,s3://rldb/processed_v3/microagi/2026-06-01-08-32-14-410291.zarr,30.0,167.0,microagi,seal_gift_cups,human_bimanual
2026-06-01-08-32-28-821958,s3://rldb/processed_v3/microagi/2026-06-01-08-32-28-821958.zarr,30.0,175.0,microagi,seal_gift_cups,human_bimanual
2026-06-01-08-32-46-235136,s3://rldb/processed_v3/microagi/2026-06-01-08-32-46-235136.zarr,30.0,176.0,microagi,seal_gift_cups,human_bimanual
2026-06-01-08-33-04-083470,s3://rldb/processed_v3/microagi/2026-06-01-08-33-04-083470.zarr,30.0,167.0,microagi,seal_gift_cups,human_bimanual
2026-06-01-08-35-16-023296,s3://rldb/processed_v3/microagi/2026-06-01-08-35-16-023296.zarr,30.0,151.0,microagi,seal_gift_cups,human_bimanual
2026-06-01-08-35-57-889962,s3://rldb/processed_v3/microagi/2026-06-01-08-35-57-889962.zarr,30.0,268.0,microagi,seal_gift_cups,human_bimanual
2026-06-01-08-36-29-714962,s3://rldb/processed_v3/microagi/2026-06-01-08-36-29-714962.zarr,30.0,157.0,microagi,seal_gift_cups,human_bimanual
2026-06-01-08-36-45-528122,s3://rldb/processed_v3/microagi/2026-06-01-08-36-45-528122.zarr,30.0,169.0,microagi,seal_gift_cups,human_bimanual
2026-06-01-08-36-59-639788,s3://rldb/processed_v3/microagi/2026-06-01-08-36-59-639788.zarr,30.0,168.0,microagi,seal_gift_cups,human_bimanual
2026-06-01-08-37-30-931455,s3://rldb/processed_v3/microagi/2026-06-01-08-37-30-931455.zarr,30.0,159.0,microagi,seal_gift_cups,human_bimanual
2026-06-01-08-39-08-309597,s3://rldb/processed_v3/microagi/2026-06-01-08-39-08-309597.zarr,30.0,192.0,microagi,seal_gift_cups,human_bimanual
2026-06-01-08-39-24-322931,s3://rldb/processed_v3/microagi/2026-06-01-08-39-24-322931.zarr,30.0,194.0,microagi,seal_gift_cups,human_bimanual
2026-06-01-08-39-41-669597,s3://rldb/processed_v3/microagi/2026-06-01-08-39-41-669597.zarr,30.0,183.0,microagi,seal_gift_cups,human_bimanual
2026-06-01-08-39-56-847931,s3://rldb/processed_v3/microagi/2026-06-01-08-39-56-847931.zarr,30.0,183.0,microagi,seal_gift_cups,human_bimanual
2026-06-01-08-40-39-582725,s3://rldb/processed_v3/microagi/2026-06-01-08-40-39-582725.zarr,30.0,229.0,microagi,seal_gift_cups,human_bimanual
2026-06-01-08-41-22-717725,s3://rldb/processed_v3/microagi/2026-06-01-08-41-22-717725.zarr,30.0,156.0,microagi,seal_gift_cups,human_bimanual
2026-06-01-13-07-14-363827,s3://rldb/processed_v3/microagi/2026-06-01-13-07-14-363827.zarr,30.0,230.0,microagi,sand_and_assemble_wooden_drawer,human_bimanual
2026-06-01-13-07-44-048827,s3://rldb/processed_v3/microagi/2026-06-01-13-07-44-048827.zarr,30.0,1477.0,microagi,sand_and_assemble_wooden_drawer,human_bimanual
2026-06-01-13-08-47-051704,s3://rldb/processed_v3/microagi/2026-06-01-13-08-47-051704.zarr,30.0,265.0,microagi,sand_and_assemble_wooden_drawer,human_bimanual
2026-06-01-13-12-13-489604,s3://rldb/processed_v3/microagi/2026-06-01-13-12-13-489604.zarr,30.0,2331.0,microagi,Assemble_and_finish_wooden_drawer,human_bimanual
2026-06-01-13-22-23-751907,s3://rldb/processed_v3/microagi/2026-06-01-13-22-23-751907.zarr,30.0,778.0,microagi,sand_cabinet_drawer,human_bimanual
2026-06-01-13-24-31-593059,s3://rldb/processed_v3/microagi/2026-06-01-13-24-31-593059.zarr,30.0,301.0,microagi,assemble_cabinet_drawers,human_bimanual
2026-06-01-13-25-27-494210,s3://rldb/processed_v3/microagi/2026-06-01-13-25-27-494210.zarr,30.0,219.0,microagi,assemble_cabinet_drawers,human_bimanual
2026-06-01-16-01-57-224086,s3://rldb/processed_v3/microagi/2026-06-01-16-01-57-224086.zarr,30.0,907.0,microagi,prepare_cupcakes,human_bimanual
2026-06-01-16-02-34-537419,s3://rldb/processed_v3/microagi/2026-06-01-16-02-34-537419.zarr,30.0,159.0,microagi,prepare_cupcakes,human_bimanual
2026-06-01-16-02-44-405753,s3://rldb/processed_v3/microagi/2026-06-01-16-02-44-405753.zarr,30.0,1910.0,microagi,prepare_cupcakes,human_bimanual
2026-06-01-17-30-53-033596,s3://rldb/processed_v3/microagi/2026-06-01-17-30-53-033596.zarr,30.0,202.0,microagi,organize_drawer_and_shelf,human_bimanual
2026-06-01-17-31-12-041930,s3://rldb/processed_v3/microagi/2026-06-01-17-31-12-041930.zarr,30.0,383.0,microagi,organize_drawer_and_shelf,human_bimanual
2026-06-01-17-32-44-875539,s3://rldb/processed_v3/microagi/2026-06-01-17-32-44-875539.zarr,30.0,198.0,microagi,organize_items_in_drawer,human_bimanual
2026-06-01-17-32-58-433843,s3://rldb/processed_v3/microagi/2026-06-01-17-32-58-433843.zarr,30.0,167.0,microagi,organize_items_in_drawer,human_bimanual
2026-06-01-17-33-04-426594,s3://rldb/processed_v3/microagi/2026-06-01-17-33-04-426594.zarr,30.0,290.0,microagi,organize_drawer_and_shelf,human_bimanual
2026-06-02-05-42-45-214972,s3://rldb/processed_v3/microagi/2026-06-02-05-42-45-214972.zarr,30.0,319.0,microagi,assemble_and_finish_cabinet_drawer,human_bimanual
2026-06-02-05-43-43-749972,s3://rldb/processed_v3/microagi/2026-06-02-05-43-43-749972.zarr,30.0,189.0,microagi,assemble_and_finish_cabinet_drawer,human_bimanual
2026-06-02-09-06-07-039329,s3://rldb/processed_v3/microagi/2026-06-02-09-06-07-039329.zarr,30.0,235.0,microagi,assemble_furniture_drawer,human_bimanual
2026-06-02-09-06-24-001411,s3://rldb/processed_v3/microagi/2026-06-02-09-06-24-001411.zarr,30.0,957.0,microagi,assemble_furniture_drawer,human_bimanual
2026-06-02-09-08-35-059155,s3://rldb/processed_v3/microagi/2026-06-02-09-08-35-059155.zarr,30.0,792.0,microagi,assemble_furniture_drawer,human_bimanual
2026-06-02-09-09-46-045825,s3://rldb/processed_v3/microagi/2026-06-02-09-09-46-045825.zarr,30.0,872.0,microagi,assemble_furniture_drawer,human_bimanual
2026-06-02-09-10-16-391249,s3://rldb/processed_v3/microagi/2026-06-02-09-10-16-391249.zarr,30.0,1142.0,microagi,assemble_furniture_drawer,human_bimanual
2026-06-02-09-10-54-455284,s3://rldb/processed_v3/microagi/2026-06-02-09-10-54-455284.zarr,30.0,1018.0,microagi,assemble_furniture_drawer,human_bimanual
2026-06-02-09-11-28-486148,s3://rldb/processed_v3/microagi/2026-06-02-09-11-28-486148.zarr,30.0,390.0,microagi,assemble_furniture_drawer,human_bimanual
2026-06-02-09-11-45-124259,s3://rldb/processed_v3/microagi/2026-06-02-09-11-45-124259.zarr,30.0,3136.0,microagi,assemble_furniture_drawer,human_bimanual
2026-06-02-09-13-54-233971,s3://rldb/processed_v3/microagi/2026-06-02-09-13-54-233971.zarr,30.0,2630.0,microagi,assemble_furniture_drawer,human_bimanual
2026-06-02-09-15-40-922902,s3://rldb/processed_v3/microagi/2026-06-02-09-15-40-922902.zarr,30.0,299.0,microagi,assemble_furniture_drawer,human_bimanual
2026-06-02-09-16-39-862445,s3://rldb/processed_v3/microagi/2026-06-02-09-16-39-862445.zarr,30.0,409.0,microagi,assemble_furniture_drawer,human_bimanual
2026-06-02-09-17-00-094013,s3://rldb/processed_v3/microagi/2026-06-02-09-17-00-094013.zarr,30.0,1087.0,microagi,assemble_furniture_drawer,human_bimanual
2026-06-02-09-17-58-265235,s3://rldb/processed_v3/microagi/2026-06-02-09-17-58-265235.zarr,30.0,341.0,microagi,assemble_furniture_drawer,human_bimanual
2026-06-02-09-18-13-061990,s3://rldb/processed_v3/microagi/2026-06-02-09-18-13-061990.zarr,30.0,2304.0,microagi,assemble_furniture_drawer,human_bimanual
2026-06-02-10-46-26-351662,s3://rldb/processed_v3/microagi/2026-06-02-10-46-26-351662.zarr,30.0,384.0,microagi,install_drawer_slides_to_cabinet,human_bimanual
2026-06-02-10-49-53-064175,s3://rldb/processed_v3/microagi/2026-06-02-10-49-53-064175.zarr,30.0,877.0,microagi,install_drawer_slides,human_bimanual
2026-06-02-15-47-35-488687,s3://rldb/processed_v3/microagi/2026-06-02-15-47-35-488687.zarr,30.0,1046.0,microagi,pack_glass_cups,human_bimanual
2026-06-02-15-48-33-340337,s3://rldb/processed_v3/microagi/2026-06-02-15-48-33-340337.zarr,30.0,884.0,microagi,pack_glass_cups,human_bimanual
2026-06-02-15-49-07-984253,s3://rldb/processed_v3/microagi/2026-06-02-15-49-07-984253.zarr,30.0,335.0,microagi,pack_glass_cups,human_bimanual
2026-06-02-15-49-24-484553,s3://rldb/processed_v3/microagi/2026-06-02-15-49-24-484553.zarr,30.0,997.0,microagi,pack_glass_cups,human_bimanual
2026-06-02-15-50-22-705104,s3://rldb/processed_v3/microagi/2026-06-02-15-50-22-705104.zarr,30.0,1108.0,microagi,pack_glass_cups,human_bimanual
2026-06-02-15-51-00-937498,s3://rldb/processed_v3/microagi/2026-06-02-15-51-00-937498.zarr,30.0,2078.0,microagi,pack_glass_cups,human_bimanual
2026-06-02-15-52-13-478443,s3://rldb/processed_v3/microagi/2026-06-02-15-52-13-478443.zarr,30.0,232.0,microagi,pack_glass_cups,human_bimanual
2026-06-02-15-52-33-567210,s3://rldb/processed_v3/microagi/2026-06-02-15-52-33-567210.zarr,30.0,839.0,microagi,pack_glass_cups,human_bimanual
2026-06-02-15-53-15-119793,s3://rldb/processed_v3/microagi/2026-06-02-15-53-15-119793.zarr,30.0,514.0,microagi,pack_glass_cups,human_bimanual
2026-06-02-15-53-34-571354,s3://rldb/processed_v3/microagi/2026-06-02-15-53-34-571354.zarr,30.0,306.0,microagi,pack_glass_cups,human_bimanual
2026-06-02-15-54-24-709455,s3://rldb/processed_v3/microagi/2026-06-02-15-54-24-709455.zarr,30.0,385.0,microagi,pack_glass_cups,human_bimanual
2026-06-02-15-54-59-219215,s3://rldb/processed_v3/microagi/2026-06-02-15-54-59-219215.zarr,30.0,520.0,microagi,pack_glass_cups,human_bimanual
2026-06-02-15-55-17-731743,s3://rldb/processed_v3/microagi/2026-06-02-15-55-17-731743.zarr,30.0,334.0,microagi,pack_glass_cups,human_bimanual
2026-06-02-15-55-47-848137,s3://rldb/processed_v3/microagi/2026-06-02-15-55-47-848137.zarr,30.0,447.0,microagi,pack_glass_cups,human_bimanual
2026-06-02-15-56-04-482583,s3://rldb/processed_v3/microagi/2026-06-02-15-56-04-482583.zarr,30.0,464.0,microagi,pack_glass_cups,human_bimanual
2026-06-02-15-56-22-525594,s3://rldb/processed_v3/microagi/2026-06-02-15-56-22-525594.zarr,30.0,226.0,microagi,pack_glass_cups,human_bimanual
2026-06-02-15-57-20-444314,s3://rldb/processed_v3/microagi/2026-06-02-15-57-20-444314.zarr,30.0,267.0,microagi,pack_glass_cups,human_bimanual
2026-06-02-15-58-38-753648,s3://rldb/processed_v3/microagi/2026-06-02-15-58-38-753648.zarr,30.0,418.0,microagi,pack_glass_cup,human_bimanual
2026-06-02-16-00-18-560315,s3://rldb/processed_v3/microagi/2026-06-02-16-00-18-560315.zarr,30.0,307.0,microagi,pack_glass_cup,human_bimanual
2026-06-02-16-03-22-142889,s3://rldb/processed_v3/microagi/2026-06-02-16-03-22-142889.zarr,30.0,267.0,microagi,pack_glass_cup,human_bimanual
2026-06-02-16-04-02-186283,s3://rldb/processed_v3/microagi/2026-06-02-16-04-02-186283.zarr,30.0,487.0,microagi,pack_glass_cup,human_bimanual
2026-06-02-16-04-34-952115,s3://rldb/processed_v3/microagi/2026-06-02-16-04-34-952115.zarr,30.0,355.0,microagi,pack_glass_cup,human_bimanual
2026-06-02-16-04-48-165770,s3://rldb/processed_v3/microagi/2026-06-02-16-04-48-165770.zarr,30.0,275.0,microagi,pack_glass_cup,human_bimanual
2026-06-02-16-05-26-096328,s3://rldb/processed_v3/microagi/2026-06-02-16-05-26-096328.zarr,30.0,220.0,microagi,pack_glass_cup,human_bimanual
2026-06-02-16-05-35-520277,s3://rldb/processed_v3/microagi/2026-06-02-16-05-35-520277.zarr,30.0,315.0,microagi,pack_glass_cup,human_bimanual
2026-06-02-16-06-03-758594,s3://rldb/processed_v3/microagi/2026-06-02-16-06-03-758594.zarr,30.0,443.0,microagi,pack_glass_cup,human_bimanual
2026-06-02-16-07-51-446505,s3://rldb/processed_v3/microagi/2026-06-02-16-07-51-446505.zarr,30.0,297.0,microagi,pack_glass_cup,human_bimanual
2026-06-02-16-09-07-609449,s3://rldb/processed_v3/microagi/2026-06-02-16-09-07-609449.zarr,30.0,339.0,microagi,pack_glass_cup,human_bimanual
2026-06-02-16-09-19-984671,s3://rldb/processed_v3/microagi/2026-06-02-16-09-19-984671.zarr,30.0,501.0,microagi,pack_glass_cup,human_bimanual
2026-06-02-16-09-55-634710,s3://rldb/processed_v3/microagi/2026-06-02-16-09-55-634710.zarr,30.0,417.0,microagi,pack_glass_cup,human_bimanual
2026-06-02-16-10-13-644178,s3://rldb/processed_v3/microagi/2026-06-02-16-10-13-644178.zarr,30.0,521.0,microagi,pack_glass_cup,human_bimanual
2026-06-02-16-11-02-340171,s3://rldb/processed_v3/microagi/2026-06-02-16-11-02-340171.zarr,30.0,754.0,microagi,pack_glass_cup,human_bimanual
2026-06-02-16-11-29-505298,s3://rldb/processed_v3/microagi/2026-06-02-16-11-29-505298.zarr,30.0,597.0,microagi,pack_glass_cup,human_bimanual
2026-06-02-16-12-01-332081,s3://rldb/processed_v3/microagi/2026-06-02-16-12-01-332081.zarr,30.0,181.0,microagi,pack_glass_cup,human_bimanual
2026-06-02-16-13-43-486361,s3://rldb/processed_v3/microagi/2026-06-02-16-13-43-486361.zarr,30.0,393.0,microagi,pack_glass_cup,human_bimanual
2026-06-02-16-13-58-678705,s3://rldb/processed_v3/microagi/2026-06-02-16-13-58-678705.zarr,30.0,203.0,microagi,pack_glass_cup,human_bimanual
2026-06-02-16-14-06-090421,s3://rldb/processed_v3/microagi/2026-06-02-16-14-06-090421.zarr,30.0,359.0,microagi,pack_glass_cup,human_bimanual
2026-06-02-16-14-21-282766,s3://rldb/processed_v3/microagi/2026-06-02-16-14-21-282766.zarr,30.0,207.0,microagi,pack_glass_cup,human_bimanual
2026-06-02-16-15-14-975809,s3://rldb/processed_v3/microagi/2026-06-02-16-15-14-975809.zarr,30.0,429.0,microagi,pack_glass_cups,human_bimanual
2026-06-02-16-15-31-777931,s3://rldb/processed_v3/microagi/2026-06-02-16-15-31-777931.zarr,30.0,597.0,microagi,pack_glass_cups,human_bimanual
2026-06-02-16-15-53-577110,s3://rldb/processed_v3/microagi/2026-06-02-16-15-53-577110.zarr,30.0,161.0,microagi,pack_glass_cups,human_bimanual
2026-06-02-16-15-59-311966,s3://rldb/processed_v3/microagi/2026-06-02-16-15-59-311966.zarr,30.0,234.0,microagi,pack_glass_cups,human_bimanual
2026-06-02-16-16-34-123572,s3://rldb/processed_v3/microagi/2026-06-02-16-16-34-123572.zarr,30.0,196.0,microagi,pack_glass_cups,human_bimanual
2026-06-02-16-16-55-587372,s3://rldb/processed_v3/microagi/2026-06-02-16-16-55-587372.zarr,30.0,358.0,microagi,pack_glass_cups,human_bimanual
2026-06-02-16-46-09-661950,s3://rldb/processed_v3/microagi/2026-06-02-16-46-09-661950.zarr,30.0,178.0,microagi,pack_paper_cups_into_plastic_bags,human_bimanual
2026-06-02-16-46-16-798617,s3://rldb/processed_v3/microagi/2026-06-02-16-46-16-798617.zarr,30.0,165.0,microagi,pack_paper_cups_into_plastic_bags,human_bimanual
2026-06-02-16-46-23-868617,s3://rldb/processed_v3/microagi/2026-06-02-16-46-23-868617.zarr,30.0,350.0,microagi,pack_paper_cups_into_plastic_bags,human_bimanual
2026-06-02-16-46-36-606950,s3://rldb/processed_v3/microagi/2026-06-02-16-46-36-606950.zarr,30.0,239.0,microagi,pack_paper_cups_into_plastic_bags,human_bimanual
2026-06-02-16-46-54-813617,s3://rldb/processed_v3/microagi/2026-06-02-16-46-54-813617.zarr,30.0,217.0,microagi,pack_paper_cups_into_plastic_bags,human_bimanual
2026-06-02-16-47-33-004250,s3://rldb/processed_v3/microagi/2026-06-02-16-47-33-004250.zarr,30.0,521.0,microagi,organize_electronics_drawer,human_bimanual
2026-06-02-16-47-54-356054,s3://rldb/processed_v3/microagi/2026-06-02-16-47-54-356054.zarr,30.0,489.0,microagi,organize_electronics_drawer,human_bimanual
2026-06-02-16-47-57-673177,s3://rldb/processed_v3/microagi/2026-06-02-16-47-57-673177.zarr,30.0,317.0,microagi,organize_paper_cups_on_table,human_bimanual
2026-06-02-16-48-12-202721,s3://rldb/processed_v3/microagi/2026-06-02-16-48-12-202721.zarr,30.0,265.0,microagi,organize_electronics_drawer,human_bimanual
2026-06-02-16-48-19-881510,s3://rldb/processed_v3/microagi/2026-06-02-16-48-19-881510.zarr,30.0,363.0,microagi,organize_paper_cups_on_table,human_bimanual
2026-06-02-16-48-32-452721,s3://rldb/processed_v3/microagi/2026-06-02-16-48-32-452721.zarr,30.0,264.0,microagi,organize_electronics_drawer,human_bimanual
2026-06-02-16-48-32-553177,s3://rldb/processed_v3/microagi/2026-06-02-16-48-32-553177.zarr,30.0,531.0,microagi,organize_paper_cups_on_table,human_bimanual
2026-06-02-16-48-42-827721,s3://rldb/processed_v3/microagi/2026-06-02-16-48-42-827721.zarr,30.0,3152.0,microagi,organize_electronics_drawer,human_bimanual
2026-06-02-16-49-01-964843,s3://rldb/processed_v3/microagi/2026-06-02-16-49-01-964843.zarr,30.0,637.0,microagi,organize_paper_cups_on_table,human_bimanual
2026-06-02-16-49-36-611510,s3://rldb/processed_v3/microagi/2026-06-02-16-49-36-611510.zarr,30.0,2238.0,microagi,package_paper_cups,human_bimanual
2026-06-02-16-51-14-017637,s3://rldb/processed_v3/microagi/2026-06-02-16-51-14-017637.zarr,30.0,1001.0,microagi,package_paper_cups,human_bimanual
2026-06-02-16-51-47-996981,s3://rldb/processed_v3/microagi/2026-06-02-16-51-47-996981.zarr,30.0,230.0,microagi,package_paper_cups,human_bimanual
2026-06-02-16-53-59-616247,s3://rldb/processed_v3/microagi/2026-06-02-16-53-59-616247.zarr,30.0,191.0,microagi,pack_paper_cups_into_box,human_bimanual
2026-06-02-16-54-40-499580,s3://rldb/processed_v3/microagi/2026-06-02-16-54-40-499580.zarr,30.0,182.0,microagi,pack_paper_cups_into_box,human_bimanual
2026-06-02-16-57-00-653762,s3://rldb/processed_v3/microagi/2026-06-02-16-57-00-653762.zarr,30.0,867.0,microagi,pack_paper_cups_into_box,human_bimanual
2026-06-02-16-59-11-606225,s3://rldb/processed_v3/microagi/2026-06-02-16-59-11-606225.zarr,30.0,269.0,microagi,stack_paper_cups,human_bimanual
2026-06-02-16-59-20-909558,s3://rldb/processed_v3/microagi/2026-06-02-16-59-20-909558.zarr,30.0,281.0,microagi,stack_paper_cups,human_bimanual
2026-06-02-17-00-08-828626,s3://rldb/processed_v3/microagi/2026-06-02-17-00-08-828626.zarr,30.0,475.0,microagi,package_paper_cups,human_bimanual
2026-06-02-17-00-25-568626,s3://rldb/processed_v3/microagi/2026-06-02-17-00-25-568626.zarr,30.0,258.0,microagi,package_paper_cups,human_bimanual
2026-06-02-17-01-12-420292,s3://rldb/processed_v3/microagi/2026-06-02-17-01-12-420292.zarr,30.0,345.0,microagi,package_paper_cups,human_bimanual
2026-06-02-17-01-39-930954,s3://rldb/processed_v3/microagi/2026-06-02-17-01-39-930954.zarr,30.0,222.0,microagi,package_paper_cups,human_bimanual
2026-06-02-17-02-01-705954,s3://rldb/processed_v3/microagi/2026-06-02-17-02-01-705954.zarr,30.0,164.0,microagi,package_paper_cups,human_bimanual
2026-06-02-17-02-18-579288,s3://rldb/processed_v3/microagi/2026-06-02-17-02-18-579288.zarr,30.0,341.0,microagi,package_paper_cups,human_bimanual
2026-06-02-17-56-42-896998,s3://rldb/processed_v3/microagi/2026-06-02-17-56-42-896998.zarr,30.0,445.0,microagi,pack_paper_cups,human_bimanual
2026-06-02-17-56-57-835332,s3://rldb/processed_v3/microagi/2026-06-02-17-56-57-835332.zarr,30.0,346.0,microagi,pack_paper_cups,human_bimanual
2026-06-02-17-57-09-740332,s3://rldb/processed_v3/microagi/2026-06-02-17-57-09-740332.zarr,30.0,172.0,microagi,pack_paper_cups,human_bimanual
2026-06-02-17-57-15-543665,s3://rldb/processed_v3/microagi/2026-06-02-17-57-15-543665.zarr,30.0,201.0,microagi,pack_paper_cups,human_bimanual
2026-06-02-17-57-22-411998,s3://rldb/processed_v3/microagi/2026-06-02-17-57-22-411998.zarr,30.0,320.0,microagi,pack_paper_cups,human_bimanual
2026-06-02-17-57-36-818665,s3://rldb/processed_v3/microagi/2026-06-02-17-57-36-818665.zarr,30.0,601.0,microagi,pack_paper_cups,human_bimanual
2026-06-02-17-57-57-158665,s3://rldb/processed_v3/microagi/2026-06-02-17-57-57-158665.zarr,30.0,229.0,microagi,pack_paper_cups,human_bimanual
2026-06-02-17-58-11-298665,s3://rldb/processed_v3/microagi/2026-06-02-17-58-11-298665.zarr,30.0,366.0,microagi,pack_paper_cups,human_bimanual
2026-06-02-17-58-25-803665,s3://rldb/processed_v3/microagi/2026-06-02-17-58-25-803665.zarr,30.0,287.0,microagi,pack_paper_cups,human_bimanual
2026-06-02-17-58-35-908665,s3://rldb/processed_v3/microagi/2026-06-02-17-58-35-908665.zarr,30.0,761.0,microagi,pack_paper_cups,human_bimanual
2026-06-02-17-59-39-332770,s3://rldb/processed_v3/microagi/2026-06-02-17-59-39-332770.zarr,30.0,393.0,microagi,package_paper_cups,human_bimanual
2026-06-02-18-02-18-896714,s3://rldb/processed_v3/microagi/2026-06-02-18-02-18-896714.zarr,30.0,317.0,microagi,pack_paper_cups_into_box,human_bimanual
2026-06-02-18-03-29-323920,s3://rldb/processed_v3/microagi/2026-06-02-18-03-29-323920.zarr,30.0,192.0,microagi,bag_paper_cups,human_bimanual
2026-06-02-18-03-42-595587,s3://rldb/processed_v3/microagi/2026-06-02-18-03-42-595587.zarr,30.0,521.0,microagi,bag_paper_cups,human_bimanual
2026-06-02-18-04-35-915587,s3://rldb/processed_v3/microagi/2026-06-02-18-04-35-915587.zarr,30.0,181.0,microagi,quality_check_cups,human_bimanual
2026-06-02-18-04-49-554414,s3://rldb/processed_v3/microagi/2026-06-02-18-04-49-554414.zarr,30.0,247.0,microagi,quality_check_cups,human_bimanual
2026-06-02-18-07-02-539846,s3://rldb/processed_v3/microagi/2026-06-02-18-07-02-539846.zarr,30.0,234.0,microagi,quality_check_cups,human_bimanual
2026-06-02-18-07-27-316512,s3://rldb/processed_v3/microagi/2026-06-02-18-07-27-316512.zarr,30.0,166.0,microagi,organize_and_pack_paper_cups,human_bimanual
2026-06-02-18-07-35-319846,s3://rldb/processed_v3/microagi/2026-06-02-18-07-35-319846.zarr,30.0,983.0,microagi,organize_and_pack_paper_cups,human_bimanual
2026-06-02-18-08-17-303179,s3://rldb/processed_v3/microagi/2026-06-02-18-08-17-303179.zarr,30.0,522.0,microagi,organize_and_pack_paper_cups,human_bimanual
2026-06-02-18-08-39-445207,s3://rldb/processed_v3/microagi/2026-06-02-18-08-39-445207.zarr,30.0,491.0,microagi,organize_and_pack_paper_cups,human_bimanual
2026-06-02-18-09-04-588540,s3://rldb/processed_v3/microagi/2026-06-02-18-09-04-588540.zarr,30.0,333.0,microagi,organize_and_pack_paper_cups,human_bimanual
2026-06-02-18-09-41-603540,s3://rldb/processed_v3/microagi/2026-06-02-18-09-41-603540.zarr,30.0,183.0,microagi,refill_paper_cup_machine,human_bimanual
2026-06-02-18-10-01-343540,s3://rldb/processed_v3/microagi/2026-06-02-18-10-01-343540.zarr,30.0,182.0,microagi,bag_paper_cups,human_bimanual
2026-06-02-18-10-07-880207,s3://rldb/processed_v3/microagi/2026-06-02-18-10-07-880207.zarr,30.0,172.0,microagi,bag_paper_cups,human_bimanual
2026-06-02-18-10-13-981873,s3://rldb/processed_v3/microagi/2026-06-02-18-10-13-981873.zarr,30.0,541.0,microagi,bag_paper_cups,human_bimanual
2026-06-02-18-13-16-320764,s3://rldb/processed_v3/microagi/2026-06-02-18-13-16-320764.zarr,30.0,192.0,microagi,organize_paper_cups,human_bimanual
2026-06-02-18-13-32-459097,s3://rldb/processed_v3/microagi/2026-06-02-18-13-32-459097.zarr,30.0,327.0,microagi,organize_paper_cups,human_bimanual
2026-06-02-18-13-56-269097,s3://rldb/processed_v3/microagi/2026-06-02-18-13-56-269097.zarr,30.0,150.0,microagi,organize_paper_cups,human_bimanual
2026-06-02-18-14-07-174097,s3://rldb/processed_v3/microagi/2026-06-02-18-14-07-174097.zarr,30.0,203.0,microagi,organize_paper_cups,human_bimanual
2026-06-02-18-39-35-537786,s3://rldb/processed_v3/microagi/2026-06-02-18-39-35-537786.zarr,30.0,346.0,microagi,pack_paper_cups_into_plastic_bags,human_bimanual
2026-06-02-18-39-47-476119,s3://rldb/processed_v3/microagi/2026-06-02-18-39-47-476119.zarr,30.0,1029.0,microagi,pack_paper_cups_into_plastic_bags,human_bimanual
2026-06-02-18-40-27-724452,s3://rldb/processed_v3/microagi/2026-06-02-18-40-27-724452.zarr,30.0,348.0,microagi,pack_paper_cups_into_plastic_bags,human_bimanual
2026-06-02-18-40-39-896119,s3://rldb/processed_v3/microagi/2026-06-02-18-40-39-896119.zarr,30.0,774.0,microagi,pack_paper_cups_into_plastic_bags,human_bimanual
2026-06-02-18-41-10-674452,s3://rldb/processed_v3/microagi/2026-06-02-18-41-10-674452.zarr,30.0,995.0,microagi,pack_paper_cups_into_plastic_bags,human_bimanual
2026-06-02-18-41-52-491903,s3://rldb/processed_v3/microagi/2026-06-02-18-41-52-491903.zarr,30.0,253.0,microagi,pack_paper_cups_into_plastic_bags,human_bimanual
2026-06-02-18-42-01-461903,s3://rldb/processed_v3/microagi/2026-06-02-18-42-01-461903.zarr,30.0,1606.0,microagi,pack_paper_cups_into_plastic_bags,human_bimanual
2026-06-02-18-42-55-416903,s3://rldb/processed_v3/microagi/2026-06-02-18-42-55-416903.zarr,30.0,532.0,microagi,pack_paper_cups_into_plastic_bags,human_bimanual
2026-06-02-18-43-13-790236,s3://rldb/processed_v3/microagi/2026-06-02-18-43-13-790236.zarr,30.0,895.0,microagi,pack_paper_cups_into_plastic_bags,human_bimanual
2026-06-02-18-43-44-235860,s3://rldb/processed_v3/microagi/2026-06-02-18-43-44-235860.zarr,30.0,214.0,microagi,pack_paper_cups_into_plastic_bags,human_bimanual
2026-06-02-18-43-52-639193,s3://rldb/processed_v3/microagi/2026-06-02-18-43-52-639193.zarr,30.0,187.0,microagi,pack_paper_cups_into_plastic_bags,human_bimanual
2026-06-02-18-44-56-630860,s3://rldb/processed_v3/microagi/2026-06-02-18-44-56-630860.zarr,30.0,614.0,microagi,organize_paper_cups_on_table,human_bimanual
2026-06-02-18-46-20-696370,s3://rldb/processed_v3/microagi/2026-06-02-18-46-20-696370.zarr,30.0,219.0,microagi,organize_paper_cups_on_table,human_bimanual
2026-06-02-18-46-57-211370,s3://rldb/processed_v3/microagi/2026-06-02-18-46-57-211370.zarr,30.0,176.0,microagi,organize_paper_cups_on_table,human_bimanual
2026-06-02-18-47-41-295171,s3://rldb/processed_v3/microagi/2026-06-02-18-47-41-295171.zarr,30.0,718.0,microagi,organize_paper_cups_on_table,human_bimanual
2026-06-02-18-48-18-410171,s3://rldb/processed_v3/microagi/2026-06-02-18-48-18-410171.zarr,30.0,479.0,microagi,organize_paper_cups_on_table,human_bimanual
2026-06-02-18-48-35-983505,s3://rldb/processed_v3/microagi/2026-06-02-18-48-35-983505.zarr,30.0,345.0,microagi,organize_paper_cups_on_table,human_bimanual
2026-06-02-18-48-58-225171,s3://rldb/processed_v3/microagi/2026-06-02-18-48-58-225171.zarr,30.0,229.0,microagi,organize_paper_cups_on_table,human_bimanual
2026-06-02-18-49-36-507213,s3://rldb/processed_v3/microagi/2026-06-02-18-49-36-507213.zarr,30.0,288.0,microagi,organize_paper_cups_on_table,human_bimanual
2026-06-02-18-50-41-332213,s3://rldb/processed_v3/microagi/2026-06-02-18-50-41-332213.zarr,30.0,4378.0,microagi,organize_paper_cups,human_bimanual
2026-06-02-18-53-22-229191,s3://rldb/processed_v3/microagi/2026-06-02-18-53-22-229191.zarr,30.0,234.0,microagi,organize_paper_cups,human_bimanual
2026-06-02-18-53-43-771152,s3://rldb/processed_v3/microagi/2026-06-02-18-53-43-771152.zarr,30.0,160.0,microagi,organize_paper_cups,human_bimanual
2026-06-02-18-56-02-858040,s3://rldb/processed_v3/microagi/2026-06-02-18-56-02-858040.zarr,30.0,181.0,microagi,refill_cup_machine,human_bimanual
2026-06-02-18-57-32-526570,s3://rldb/processed_v3/microagi/2026-06-02-18-57-32-526570.zarr,30.0,168.0,microagi,package_paper_cups,human_bimanual
2026-06-02-19-07-55-197013,s3://rldb/processed_v3/microagi/2026-06-02-19-07-55-197013.zarr,30.0,163.0,microagi,pack_paper_cups,human_bimanual
2026-06-02-19-11-21-045065,s3://rldb/processed_v3/microagi/2026-06-02-19-11-21-045065.zarr,30.0,395.0,microagi,bag_paper_cups,human_bimanual
2026-06-02-19-11-35-218399,s3://rldb/processed_v3/microagi/2026-06-02-19-11-35-218399.zarr,30.0,168.0,microagi,bag_paper_cups,human_bimanual
2026-06-02-19-11-59-826732,s3://rldb/processed_v3/microagi/2026-06-02-19-11-59-826732.zarr,30.0,575.0,microagi,bag_paper_cups,human_bimanual
2026-06-02-19-12-24-036732,s3://rldb/processed_v3/microagi/2026-06-02-19-12-24-036732.zarr,30.0,283.0,microagi,bag_paper_cups,human_bimanual
2026-06-02-19-12-52-648399,s3://rldb/processed_v3/microagi/2026-06-02-19-12-52-648399.zarr,30.0,206.0,microagi,bag_paper_cups,human_bimanual
2026-06-02-19-13-22-927241,s3://rldb/processed_v3/microagi/2026-06-02-19-13-22-927241.zarr,30.0,300.0,microagi,bag_paper_cups,human_bimanual
2026-06-02-19-15-00-797683,s3://rldb/processed_v3/microagi/2026-06-02-19-15-00-797683.zarr,30.0,289.0,microagi,bag_paper_cups,human_bimanual
2026-06-02-19-15-11-102683,s3://rldb/processed_v3/microagi/2026-06-02-19-15-11-102683.zarr,30.0,352.0,microagi,bag_paper_cups,human_bimanual
2026-06-02-19-15-24-807683,s3://rldb/processed_v3/microagi/2026-06-02-19-15-24-807683.zarr,30.0,257.0,microagi,bag_paper_cups,human_bimanual
2026-06-02-19-15-53-419350,s3://rldb/processed_v3/microagi/2026-06-02-19-15-53-419350.zarr,30.0,220.0,microagi,bag_paper_cups,human_bimanual
2026-06-02-19-16-31-134350,s3://rldb/processed_v3/microagi/2026-06-02-19-16-31-134350.zarr,30.0,324.0,microagi,bag_paper_cups,human_bimanual
2026-06-02-19-16-43-739350,s3://rldb/processed_v3/microagi/2026-06-02-19-16-43-739350.zarr,30.0,183.0,microagi,bag_paper_cups,human_bimanual
2026-06-02-19-17-12-649695,s3://rldb/processed_v3/microagi/2026-06-02-19-17-12-649695.zarr,30.0,300.0,microagi,operate_cup_making_machine,human_bimanual
2026-06-02-19-18-42-684695,s3://rldb/processed_v3/microagi/2026-06-02-19-18-42-684695.zarr,30.0,238.0,microagi,package_paper_cups,human_bimanual
2026-06-02-19-19-53-646630,s3://rldb/processed_v3/microagi/2026-06-02-19-19-53-646630.zarr,30.0,272.0,microagi,package_paper_cups,human_bimanual
2026-06-02-19-20-40-831630,s3://rldb/processed_v3/microagi/2026-06-02-19-20-40-831630.zarr,30.0,429.0,microagi,package_paper_cups,human_bimanual
2026-06-02-19-22-33-941857,s3://rldb/processed_v3/microagi/2026-06-02-19-22-33-941857.zarr,30.0,398.0,microagi,package_paper_cups,human_bimanual
2026-06-02-19-23-25-695363,s3://rldb/processed_v3/microagi/2026-06-02-19-23-25-695363.zarr,30.0,256.0,microagi,package_paper_cups,human_bimanual
2026-06-02-19-24-56-865363,s3://rldb/processed_v3/microagi/2026-06-02-19-24-56-865363.zarr,30.0,199.0,microagi,package_paper_cups,human_bimanual
2026-06-02-19-25-12-537207,s3://rldb/processed_v3/microagi/2026-06-02-19-25-12-537207.zarr,30.0,477.0,microagi,package_paper_cups,human_bimanual
2026-06-02-19-26-04-490540,s3://rldb/processed_v3/microagi/2026-06-02-19-26-04-490540.zarr,30.0,713.0,microagi,stack_and_pack_paper_cups,human_bimanual
2026-06-02-19-26-58-178874,s3://rldb/processed_v3/microagi/2026-06-02-19-26-58-178874.zarr,30.0,201.0,microagi,stack_and_pack_paper_cups,human_bimanual
2026-06-02-19-27-37-094029,s3://rldb/processed_v3/microagi/2026-06-02-19-27-37-094029.zarr,30.0,161.0,microagi,stack_and_pack_paper_cups,human_bimanual
2026-06-02-19-27-50-299029,s3://rldb/processed_v3/microagi/2026-06-02-19-27-50-299029.zarr,30.0,274.0,microagi,stack_and_pack_paper_cups,human_bimanual
2026-06-02-19-28-13-074029,s3://rldb/processed_v3/microagi/2026-06-02-19-28-13-074029.zarr,30.0,232.0,microagi,stack_and_pack_paper_cups,human_bimanual
2026-06-02-19-28-22-379029,s3://rldb/processed_v3/microagi/2026-06-02-19-28-22-379029.zarr,30.0,1465.0,microagi,stack_and_pack_paper_cups,human_bimanual
2026-06-02-19-29-13-597481,s3://rldb/processed_v3/microagi/2026-06-02-19-29-13-597481.zarr,30.0,449.0,microagi,stack_and_pack_paper_cups,human_bimanual
2026-06-02-19-29-32-305814,s3://rldb/processed_v3/microagi/2026-06-02-19-29-32-305814.zarr,30.0,2862.0,microagi,stack_and_pack_paper_cups,human_bimanual
2026-06-02-19-35-17-370568,s3://rldb/processed_v3/microagi/2026-06-02-19-35-17-370568.zarr,30.0,891.0,microagi,pack_paper_cups_into_plastic_bags,human_bimanual
2026-06-02-19-35-47-115568,s3://rldb/processed_v3/microagi/2026-06-02-19-35-47-115568.zarr,30.0,172.0,microagi,pack_paper_cups_into_plastic_bags,human_bimanual
2026-06-02-19-36-03-022235,s3://rldb/processed_v3/microagi/2026-06-02-19-36-03-022235.zarr,30.0,360.0,microagi,pack_paper_cups_into_plastic_bags,human_bimanual
2026-06-02-19-36-22-795568,s3://rldb/processed_v3/microagi/2026-06-02-19-36-22-795568.zarr,30.0,182.0,microagi,pack_paper_cups_into_plastic_bags,human_bimanual
2026-06-02-19-39-09-727604,s3://rldb/processed_v3/microagi/2026-06-02-19-39-09-727604.zarr,30.0,161.0,microagi,pack_paper_cups_into_plastic_bags,human_bimanual
2026-06-02-19-39-16-029488,s3://rldb/processed_v3/microagi/2026-06-02-19-39-16-029488.zarr,30.0,1202.0,microagi,pack_paper_cups_into_plastic_bags,human_bimanual
2026-06-02-19-40-16-154488,s3://rldb/processed_v3/microagi/2026-06-02-19-40-16-154488.zarr,30.0,605.0,microagi,pack_paper_cups_into_plastic_bags,human_bimanual
2026-06-02-19-40-37-094488,s3://rldb/processed_v3/microagi/2026-06-02-19-40-37-094488.zarr,30.0,168.0,microagi,pack_paper_cups_into_plastic_bags,human_bimanual
2026-06-02-19-40-54-401154,s3://rldb/processed_v3/microagi/2026-06-02-19-40-54-401154.zarr,30.0,347.0,microagi,pack_paper_cups_into_plastic_bags,human_bimanual
2026-06-02-19-41-22-846283,s3://rldb/processed_v3/microagi/2026-06-02-19-41-22-846283.zarr,30.0,281.0,microagi,pack_paper_cups_into_plastic_bags,human_bimanual
2026-06-02-19-41-43-387950,s3://rldb/processed_v3/microagi/2026-06-02-19-41-43-387950.zarr,30.0,158.0,microagi,pack_paper_cups_into_plastic_bags,human_bimanual
2026-06-02-19-43-08-221283,s3://rldb/processed_v3/microagi/2026-06-02-19-43-08-221283.zarr,30.0,152.0,microagi,pack_paper_cups_into_plastic_bags,human_bimanual
2026-06-02-19-43-31-763011,s3://rldb/processed_v3/microagi/2026-06-02-19-43-31-763011.zarr,30.0,604.0,microagi,pack_paper_cups_into_plastic_bags,human_bimanual
2026-06-02-19-44-49-359678,s3://rldb/processed_v3/microagi/2026-06-02-19-44-49-359678.zarr,30.0,169.0,microagi,pack_paper_cups_into_plastic_bags,human_bimanual
2026-06-02-19-45-26-874726,s3://rldb/processed_v3/microagi/2026-06-02-19-45-26-874726.zarr,30.0,438.0,microagi,pack_paper_cups_into_plastic_bags,human_bimanual
2026-06-02-19-46-12-993059,s3://rldb/processed_v3/microagi/2026-06-02-19-46-12-993059.zarr,30.0,388.0,microagi,pack_paper_cups_into_plastic_bags,human_bimanual
2026-06-02-19-46-57-343059,s3://rldb/processed_v3/microagi/2026-06-02-19-46-57-343059.zarr,30.0,170.0,microagi,pack_paper_cups_into_plastic_bags,human_bimanual
2026-06-02-19-47-04-179726,s3://rldb/processed_v3/microagi/2026-06-02-19-47-04-179726.zarr,30.0,520.0,microagi,pack_paper_cups_into_plastic_bags,human_bimanual
2026-06-02-19-47-43-394734,s3://rldb/processed_v3/microagi/2026-06-02-19-47-43-394734.zarr,30.0,416.0,microagi,pack_paper_cups_into_plastic_bags,human_bimanual
2026-06-02-19-48-23-109734,s3://rldb/processed_v3/microagi/2026-06-02-19-48-23-109734.zarr,30.0,233.0,microagi,pack_paper_cups_into_plastic_bags,human_bimanual
2026-06-02-19-48-55-256401,s3://rldb/processed_v3/microagi/2026-06-02-19-48-55-256401.zarr,30.0,217.0,microagi,pack_paper_cups_into_plastic_bags,human_bimanual
2026-06-02-19-49-39-006263,s3://rldb/processed_v3/microagi/2026-06-02-19-49-39-006263.zarr,30.0,236.0,microagi,pack_paper_cups_into_plastic_bags,human_bimanual
2026-06-02-19-51-02-771263,s3://rldb/processed_v3/microagi/2026-06-02-19-51-02-771263.zarr,30.0,159.0,microagi,pack_paper_cups_into_plastic_bags,human_bimanual
2026-06-02-19-52-20-936172,s3://rldb/processed_v3/microagi/2026-06-02-19-52-20-936172.zarr,30.0,220.0,microagi,package_paper_cups,human_bimanual
2026-06-02-19-52-48-379506,s3://rldb/processed_v3/microagi/2026-06-02-19-52-48-379506.zarr,30.0,296.0,microagi,package_paper_cups,human_bimanual
2026-06-02-19-53-03-886172,s3://rldb/processed_v3/microagi/2026-06-02-19-53-03-886172.zarr,30.0,164.0,microagi,package_paper_cups,human_bimanual
2026-06-02-19-54-20-782757,s3://rldb/processed_v3/microagi/2026-06-02-19-54-20-782757.zarr,30.0,239.0,microagi,package_paper_cups,human_bimanual
2026-06-02-19-54-52-527757,s3://rldb/processed_v3/microagi/2026-06-02-19-54-52-527757.zarr,30.0,178.0,microagi,package_paper_cups,human_bimanual
2026-06-02-19-55-32-842629,s3://rldb/processed_v3/microagi/2026-06-02-19-55-32-842629.zarr,30.0,1350.0,microagi,package_paper_cups,human_bimanual
2026-06-02-19-56-29-832629,s3://rldb/processed_v3/microagi/2026-06-02-19-56-29-832629.zarr,30.0,188.0,microagi,package_paper_cups,human_bimanual
2026-06-02-19-56-46-772629,s3://rldb/processed_v3/microagi/2026-06-02-19-56-46-772629.zarr,30.0,181.0,microagi,package_paper_cups,human_bimanual
2026-06-02-19-56-53-174296,s3://rldb/processed_v3/microagi/2026-06-02-19-56-53-174296.zarr,30.0,310.0,microagi,package_paper_cups,human_bimanual
2026-06-02-19-57-04-679296,s3://rldb/processed_v3/microagi/2026-06-02-19-57-04-679296.zarr,30.0,277.0,microagi,package_paper_cups,human_bimanual
2026-06-02-19-57-27-587445,s3://rldb/processed_v3/microagi/2026-06-02-19-57-27-587445.zarr,30.0,181.0,microagi,package_paper_cups,human_bimanual
2026-06-02-19-58-08-204112,s3://rldb/processed_v3/microagi/2026-06-02-19-58-08-204112.zarr,30.0,149.0,microagi,package_paper_cups,human_bimanual
2026-06-02-22-11-07-737058,s3://rldb/processed_v3/microagi/2026-06-02-22-11-07-737058.zarr,30.0,523.0,microagi,clean_kitchen_drawer,human_bimanual
2026-06-03-05-15-01-167066,s3://rldb/processed_v3/microagi/2026-06-03-05-15-01-167066.zarr,30.0,970.0,microagi,prepare_cupcake_liners,human_bimanual
2026-06-03-05-15-35-165631,s3://rldb/processed_v3/microagi/2026-06-03-05-15-35-165631.zarr,30.0,1144.0,microagi,prepare_cupcake_liners,human_bimanual
2026-06-03-07-04-01-080189,s3://rldb/processed_v3/microagi/2026-06-03-07-04-01-080189.zarr,30.0,431.0,microagi,organize_lollipops_and_cups,human_bimanual
2026-06-03-07-04-23-990253,s3://rldb/processed_v3/microagi/2026-06-03-07-04-23-990253.zarr,30.0,310.0,microagi,organize_lollipops_and_cups,human_bimanual
2026-06-03-07-05-23-816920,s3://rldb/processed_v3/microagi/2026-06-03-07-05-23-816920.zarr,30.0,825.0,microagi,organize_lollipops_and_cups,human_bimanual
2026-06-03-07-05-52-030253,s3://rldb/processed_v3/microagi/2026-06-03-07-05-52-030253.zarr,30.0,328.0,microagi,organize_lollipops_and_cups,human_bimanual
2026-06-03-07-06-13-073587,s3://rldb/processed_v3/microagi/2026-06-03-07-06-13-073587.zarr,30.0,496.0,microagi,organize_lollipops_and_cups,human_bimanual
2026-06-03-07-53-04-963083,s3://rldb/processed_v3/microagi/2026-06-03-07-53-04-963083.zarr,30.0,1860.0,microagi,prepare_cupcake_liners,human_bimanual
2026-06-03-07-54-10-525539,s3://rldb/processed_v3/microagi/2026-06-03-07-54-10-525539.zarr,30.0,3617.0,microagi,prepare_cupcake_liners,human_bimanual
2026-06-03-07-56-17-016406,s3://rldb/processed_v3/microagi/2026-06-03-07-56-17-016406.zarr,30.0,2567.0,microagi,prepare_cupcake_liners,human_bimanual
2026-06-03-10-51-48-353727,s3://rldb/processed_v3/microagi/2026-06-03-10-51-48-353727.zarr,30.0,2712.0,microagi,assemble_wooden_drawer,human_bimanual
2026-06-03-10-53-25-618727,s3://rldb/processed_v3/microagi/2026-06-03-10-53-25-618727.zarr,30.0,173.0,microagi,assemble_wooden_drawer,human_bimanual
2026-06-03-10-53-54-361495,s3://rldb/processed_v3/microagi/2026-06-03-10-53-54-361495.zarr,30.0,1881.0,microagi,assemble_wooden_drawer,human_bimanual
2026-06-03-10-55-22-356495,s3://rldb/processed_v3/microagi/2026-06-03-10-55-22-356495.zarr,30.0,2240.0,microagi,assemble_wooden_drawer,human_bimanual
2026-06-03-10-57-05-221904,s3://rldb/processed_v3/microagi/2026-06-03-10-57-05-221904.zarr,30.0,319.0,microagi,assemble_wooden_drawer,human_bimanual
2026-06-03-10-57-22-295237,s3://rldb/processed_v3/microagi/2026-06-03-10-57-22-295237.zarr,30.0,678.0,microagi,assemble_wooden_drawer,human_bimanual
2026-06-03-10-58-18-078499,s3://rldb/processed_v3/microagi/2026-06-03-10-58-18-078499.zarr,30.0,402.0,microagi,prepare_drawer_panels,human_bimanual
2026-06-03-10-58-32-250166,s3://rldb/processed_v3/microagi/2026-06-03-10-58-32-250166.zarr,30.0,424.0,microagi,prepare_drawer_panels,human_bimanual
2026-06-03-10-58-55-023499,s3://rldb/processed_v3/microagi/2026-06-03-10-58-55-023499.zarr,30.0,255.0,microagi,prepare_drawer_panels,human_bimanual
2026-06-03-10-59-06-093499,s3://rldb/processed_v3/microagi/2026-06-03-10-59-06-093499.zarr,30.0,800.0,microagi,prepare_drawer_panels,human_bimanual
2026-06-03-11-00-15-616546,s3://rldb/processed_v3/microagi/2026-06-03-11-00-15-616546.zarr,30.0,1863.0,microagi,assemble_wooden_drawer,human_bimanual
2026-06-03-11-01-46-944419,s3://rldb/processed_v3/microagi/2026-06-03-11-01-46-944419.zarr,30.0,1090.0,microagi,assemble_wooden_drawer,human_bimanual
2026-06-03-11-02-24-556086,s3://rldb/processed_v3/microagi/2026-06-03-11-02-24-556086.zarr,30.0,1045.0,microagi,assemble_wooden_drawer,human_bimanual
2026-06-03-12-04-09-542482,s3://rldb/processed_v3/microagi/2026-06-03-12-04-09-542482.zarr,30.0,298.0,microagi,retrieve_cans_from_cupboard,human_bimanual
2026-06-03-14-10-03-746093,s3://rldb/processed_v3/microagi/2026-06-03-14-10-03-746093.zarr,30.0,340.0,microagi,attach_drawer_bottom_and_hardware,human_bimanual
2026-06-03-14-10-34-321093,s3://rldb/processed_v3/microagi/2026-06-03-14-10-34-321093.zarr,30.0,219.0,microagi,attach_drawer_bottom_and_hardware,human_bimanual
2026-06-03-14-10-53-727760,s3://rldb/processed_v3/microagi/2026-06-03-14-10-53-727760.zarr,30.0,211.0,microagi,attach_drawer_bottom_and_hardware,human_bimanual
2026-06-03-14-11-44-908974,s3://rldb/processed_v3/microagi/2026-06-03-14-11-44-908974.zarr,30.0,166.0,microagi,assemble_drawer_components,human_bimanual
2026-06-03-14-11-50-510640,s3://rldb/processed_v3/microagi/2026-06-03-14-11-50-510640.zarr,30.0,1355.0,microagi,assemble_drawer_components,human_bimanual
2026-06-03-19-04-08-250295,s3://rldb/processed_v3/microagi/2026-06-03-19-04-08-250295.zarr,30.0,185.0,microagi,organize_items_on_desk_and_in_drawers,human_bimanual
2026-06-03-19-04-47-331962,s3://rldb/processed_v3/microagi/2026-06-03-19-04-47-331962.zarr,30.0,165.0,microagi,organize_items_on_desk_and_in_drawers,human_bimanual
2026-06-03-19-05-20-678628,s3://rldb/processed_v3/microagi/2026-06-03-19-05-20-678628.zarr,30.0,260.0,microagi,organize_items_on_desk_and_in_drawers,human_bimanual
2026-06-03-19-05-29-950295,s3://rldb/processed_v3/microagi/2026-06-03-19-05-29-950295.zarr,30.0,150.0,microagi,organize_items_on_desk_and_in_drawers,human_bimanual
2026-06-03-19-05-53-558271,s3://rldb/processed_v3/microagi/2026-06-03-19-05-53-558271.zarr,30.0,352.0,microagi,organize_items_on_desk_and_in_drawers,human_bimanual
2026-06-03-19-06-12-966605,s3://rldb/processed_v3/microagi/2026-06-03-19-06-12-966605.zarr,30.0,445.0,microagi,organize_items_on_desk_and_in_drawers,human_bimanual
2026-06-03-19-06-35-441605,s3://rldb/processed_v3/microagi/2026-06-03-19-06-35-441605.zarr,30.0,392.0,microagi,organize_items_on_desk_and_in_drawers,human_bimanual
2026-06-03-19-06-48-914938,s3://rldb/processed_v3/microagi/2026-06-03-19-06-48-914938.zarr,30.0,378.0,microagi,organize_items_on_desk_and_in_drawers,human_bimanual
2026-06-03-19-07-03-119938,s3://rldb/processed_v3/microagi/2026-06-03-19-07-03-119938.zarr,30.0,339.0,microagi,organize_items_on_desk_and_in_drawers,human_bimanual
2026-06-03-19-07-17-158271,s3://rldb/processed_v3/microagi/2026-06-03-19-07-17-158271.zarr,30.0,422.0,microagi,organize_items_on_desk_and_in_drawers,human_bimanual
2026-06-03-19-47-02-195530,s3://rldb/processed_v3/microagi/2026-06-03-19-47-02-195530.zarr,30.0,979.0,microagi,assemble_drawer,human_bimanual
2026-06-03-19-47-35-905590,s3://rldb/processed_v3/microagi/2026-06-03-19-47-35-905590.zarr,30.0,181.0,microagi,assemble_drawer,human_bimanual
2026-06-03-19-47-45-975268,s3://rldb/processed_v3/microagi/2026-06-03-19-47-45-975268.zarr,30.0,358.0,microagi,assemble_drawer,human_bimanual
2026-06-03-19-49-10-367147,s3://rldb/processed_v3/microagi/2026-06-03-19-49-10-367147.zarr,30.0,293.0,microagi,assemble_drawer,human_bimanual
2026-06-03-19-49-29-839638,s3://rldb/processed_v3/microagi/2026-06-03-19-49-29-839638.zarr,30.0,304.0,microagi,assemble_drawer,human_bimanual
2026-06-03-19-49-40-519505,s3://rldb/processed_v3/microagi/2026-06-03-19-49-40-519505.zarr,30.0,825.0,microagi,assemble_drawer,human_bimanual
2026-06-03-19-51-47-224025,s3://rldb/processed_v3/microagi/2026-06-03-19-51-47-224025.zarr,30.0,229.0,microagi,assemble_drawer,human_bimanual
2026-06-03-19-52-00-894807,s3://rldb/processed_v3/microagi/2026-06-03-19-52-00-894807.zarr,30.0,406.0,microagi,assemble_drawer,human_bimanual
2026-06-03-19-52-37-572487,s3://rldb/processed_v3/microagi/2026-06-03-19-52-37-572487.zarr,30.0,292.0,microagi,assemble_drawer,human_bimanual
2026-06-03-19-53-00-402537,s3://rldb/processed_v3/microagi/2026-06-03-19-53-00-402537.zarr,30.0,295.0,microagi,assemble_drawer,human_bimanual
2026-06-03-19-53-35-356326,s3://rldb/processed_v3/microagi/2026-06-03-19-53-35-356326.zarr,30.0,307.0,microagi,assemble_drawer,human_bimanual
2026-06-04-08-01-02-752953,s3://rldb/processed_v3/microagi/2026-06-04-08-01-02-752953.zarr,30.0,582.0,microagi,clean_the_drawer,human_bimanual
2026-06-04-08-01-22-527953,s3://rldb/processed_v3/microagi/2026-06-04-08-01-22-527953.zarr,30.0,302.0,microagi,clean_the_drawer,human_bimanual
2026-06-04-08-01-33-832953,s3://rldb/processed_v3/microagi/2026-06-04-08-01-33-832953.zarr,30.0,1839.0,microagi,clean_the_drawer,human_bimanual
2026-06-04-08-06-40-876546,s3://rldb/processed_v3/microagi/2026-06-04-08-06-40-876546.zarr,30.0,6374.0,microagi,clean_and_organize_drawer,human_bimanual
2026-06-04-09-53-29-462611,s3://rldb/processed_v3/microagi/2026-06-04-09-53-29-462611.zarr,30.0,3708.0,microagi,organize_cupcake_liners,human_bimanual
2026-06-04-09-56-04-137557,s3://rldb/processed_v3/microagi/2026-06-04-09-56-04-137557.zarr,30.0,295.0,microagi,organize_cupcake_liners,human_bimanual
2026-06-04-09-56-15-072557,s3://rldb/processed_v3/microagi/2026-06-04-09-56-15-072557.zarr,30.0,1551.0,microagi,organize_cupcake_liners,human_bimanual
2026-06-04-10-23-30-202122,s3://rldb/processed_v3/microagi/2026-06-04-10-23-30-202122.zarr,30.0,3656.0,microagi,organize_cupcake_liners,human_bimanual
2026-06-04-10-25-34-442348,s3://rldb/processed_v3/microagi/2026-06-04-10-25-34-442348.zarr,30.0,200.0,microagi,organize_cupcake_liners,human_bimanual
2026-06-04-10-25-42-944015,s3://rldb/processed_v3/microagi/2026-06-04-10-25-42-944015.zarr,30.0,402.0,microagi,organize_cupcake_liners,human_bimanual
2026-06-04-10-26-17-012348,s3://rldb/processed_v3/microagi/2026-06-04-10-26-17-012348.zarr,30.0,359.0,microagi,organize_cupcake_liners,human_bimanual
2026-06-04-10-26-29-845682,s3://rldb/processed_v3/microagi/2026-06-04-10-26-29-845682.zarr,30.0,180.0,microagi,organize_cupcake_liners,human_bimanual
2026-06-04-10-26-37-845682,s3://rldb/processed_v3/microagi/2026-06-04-10-26-37-845682.zarr,30.0,294.0,microagi,organize_cupcake_liners,human_bimanual
2026-06-04-10-26-49-980682,s3://rldb/processed_v3/microagi/2026-06-04-10-26-49-980682.zarr,30.0,334.0,microagi,organize_cupcake_liners,human_bimanual
2026-06-04-10-27-02-214015,s3://rldb/processed_v3/microagi/2026-06-04-10-27-02-214015.zarr,30.0,470.0,microagi,organize_cupcake_liners,human_bimanual
2026-06-04-10-27-20-982348,s3://rldb/processed_v3/microagi/2026-06-04-10-27-20-982348.zarr,30.0,263.0,microagi,organize_cupcake_liners,human_bimanual
2026-06-04-10-30-17-084960,s3://rldb/processed_v3/microagi/2026-06-04-10-30-17-084960.zarr,30.0,260.0,microagi,organize_cupcake_liners,human_bimanual
2026-06-04-10-30-28-018294,s3://rldb/processed_v3/microagi/2026-06-04-10-30-28-018294.zarr,30.0,199.0,microagi,organize_cupcake_liners,human_bimanual
2026-06-04-10-30-37-853294,s3://rldb/processed_v3/microagi/2026-06-04-10-30-37-853294.zarr,30.0,255.0,microagi,organize_cupcake_liners,human_bimanual
2026-06-04-10-30-51-153496,s3://rldb/processed_v3/microagi/2026-06-04-10-30-51-153496.zarr,30.0,565.0,microagi,organize_cupcake_liners,human_bimanual
2026-06-04-10-31-17-955162,s3://rldb/processed_v3/microagi/2026-06-04-10-31-17-955162.zarr,30.0,603.0,microagi,organize_cupcake_liners,human_bimanual
2026-06-04-10-31-23-122200,s3://rldb/processed_v3/microagi/2026-06-04-10-31-23-122200.zarr,30.0,479.0,microagi,assemble_drawer_slides,human_bimanual
2026-06-04-10-31-40-582933,s3://rldb/processed_v3/microagi/2026-06-04-10-31-40-582933.zarr,30.0,434.0,microagi,assemble_drawer_slides,human_bimanual
2026-06-04-10-31-42-190162,s3://rldb/processed_v3/microagi/2026-06-04-10-31-42-190162.zarr,30.0,1938.0,microagi,organize_cupcake_liners,human_bimanual
2026-06-04-10-31-55-044680,s3://rldb/processed_v3/microagi/2026-06-04-10-31-55-044680.zarr,30.0,1045.0,microagi,assemble_drawer_slides,human_bimanual
2026-06-04-10-33-36-743431,s3://rldb/processed_v3/microagi/2026-06-04-10-33-36-743431.zarr,30.0,321.0,microagi,assemble_drawer_slides,human_bimanual
2026-06-04-10-34-35-556769,s3://rldb/processed_v3/microagi/2026-06-04-10-34-35-556769.zarr,30.0,623.0,microagi,assemble_drawer_slides,human_bimanual
2026-06-04-10-35-04-813482,s3://rldb/processed_v3/microagi/2026-06-04-10-35-04-813482.zarr,30.0,832.0,microagi,assemble_drawer_slides,human_bimanual
2026-06-04-10-35-34-303462,s3://rldb/processed_v3/microagi/2026-06-04-10-35-34-303462.zarr,30.0,2273.0,microagi,assemble_drawer_slides,human_bimanual
2026-06-04-10-36-53-843079,s3://rldb/processed_v3/microagi/2026-06-04-10-36-53-843079.zarr,30.0,1317.0,microagi,assemble_drawer_slides,human_bimanual
2026-06-04-11-37-15-885929,s3://rldb/processed_v3/microagi/2026-06-04-11-37-15-885929.zarr,30.0,833.0,microagi,organize_cupcake_liners,human_bimanual
2026-06-04-11-37-48-854262,s3://rldb/processed_v3/microagi/2026-06-04-11-37-48-854262.zarr,30.0,209.0,microagi,organize_cupcake_liners,human_bimanual
2026-06-04-11-37-58-589262,s3://rldb/processed_v3/microagi/2026-06-04-11-37-58-589262.zarr,30.0,347.0,microagi,organize_cupcake_liners,human_bimanual
2026-06-04-11-38-17-189262,s3://rldb/processed_v3/microagi/2026-06-04-11-38-17-189262.zarr,30.0,226.0,microagi,organize_cupcake_liners,human_bimanual
2026-06-04-11-38-29-524262,s3://rldb/processed_v3/microagi/2026-06-04-11-38-29-524262.zarr,30.0,325.0,microagi,organize_cupcake_liners,human_bimanual
2026-06-04-11-38-49-359262,s3://rldb/processed_v3/microagi/2026-06-04-11-38-49-359262.zarr,30.0,254.0,microagi,organize_cupcake_liners,human_bimanual
2026-06-04-11-39-06-659262,s3://rldb/processed_v3/microagi/2026-06-04-11-39-06-659262.zarr,30.0,254.0,microagi,organize_cupcake_liners,human_bimanual
2026-06-04-11-39-24-660116,s3://rldb/processed_v3/microagi/2026-06-04-11-39-24-660116.zarr,30.0,205.0,microagi,organize_cupcake_liners,human_bimanual
2026-06-04-11-39-38-495116,s3://rldb/processed_v3/microagi/2026-06-04-11-39-38-495116.zarr,30.0,252.0,microagi,organize_cupcake_liners,human_bimanual
2026-06-04-11-39-53-395116,s3://rldb/processed_v3/microagi/2026-06-04-11-39-53-395116.zarr,30.0,2890.0,microagi,organize_cupcake_liners,human_bimanual
2026-06-04-11-41-31-668977,s3://rldb/processed_v3/microagi/2026-06-04-11-41-31-668977.zarr,30.0,1232.0,microagi,organize_cupcake_liners,human_bimanual
2026-06-04-12-28-51-834926,s3://rldb/processed_v3/microagi/2026-06-04-12-28-51-834926.zarr,30.0,317.0,microagi,organize_cutlery_drawer,human_bimanual
2026-06-04-12-29-27-656592,s3://rldb/processed_v3/microagi/2026-06-04-12-29-27-656592.zarr,30.0,263.0,microagi,organize_cutlery_drawer,human_bimanual
2026-06-04-12-29-44-064926,s3://rldb/processed_v3/microagi/2026-06-04-12-29-44-064926.zarr,30.0,677.0,microagi,organize_cutlery_drawer,human_bimanual
2026-06-04-12-30-07-444926,s3://rldb/processed_v3/microagi/2026-06-04-12-30-07-444926.zarr,30.0,387.0,microagi,organize_cutlery_drawer,human_bimanual
2026-06-04-12-30-21-286592,s3://rldb/processed_v3/microagi/2026-06-04-12-30-21-286592.zarr,30.0,151.0,microagi,organize_cutlery_drawer,human_bimanual
2026-06-04-12-30-37-396592,s3://rldb/processed_v3/microagi/2026-06-04-12-30-37-396592.zarr,30.0,258.0,microagi,organize_cutlery_drawer,human_bimanual
2026-06-04-12-30-50-870673,s3://rldb/processed_v3/microagi/2026-06-04-12-30-50-870673.zarr,30.0,391.0,microagi,organize_cutlery_drawer,human_bimanual
2026-06-04-12-31-08-414006,s3://rldb/processed_v3/microagi/2026-06-04-12-31-08-414006.zarr,30.0,231.0,microagi,organize_cutlery_drawer,human_bimanual
2026-06-04-12-31-24-157339,s3://rldb/processed_v3/microagi/2026-06-04-12-31-24-157339.zarr,30.0,517.0,microagi,organize_cutlery_drawer,human_bimanual
2026-06-04-12-31-45-135673,s3://rldb/processed_v3/microagi/2026-06-04-12-31-45-135673.zarr,30.0,509.0,microagi,organize_cutlery_drawer,human_bimanual
2026-06-04-12-32-02-945673,s3://rldb/processed_v3/microagi/2026-06-04-12-32-02-945673.zarr,30.0,190.0,microagi,organize_cutlery_drawer,human_bimanual
2026-06-04-12-32-09-882339,s3://rldb/processed_v3/microagi/2026-06-04-12-32-09-882339.zarr,30.0,190.0,microagi,organize_cutlery_drawer,human_bimanual
2026-06-04-12-38-19-628793,s3://rldb/processed_v3/microagi/2026-06-04-12-38-19-628793.zarr,30.0,361.0,microagi,organize_drawer_and_makeup_bag,human_bimanual
2026-06-04-12-38-32-161604,s3://rldb/processed_v3/microagi/2026-06-04-12-38-32-161604.zarr,30.0,1268.0,microagi,organize_drawer_and_makeup_bag,human_bimanual
2026-06-04-12-39-18-726301,s3://rldb/processed_v3/microagi/2026-06-04-12-39-18-726301.zarr,30.0,362.0,microagi,organize_drawer_and_makeup_bag,human_bimanual
2026-06-04-12-39-31-159112,s3://rldb/processed_v3/microagi/2026-06-04-12-39-31-159112.zarr,30.0,318.0,microagi,organize_drawer_and_makeup_bag,human_bimanual
2026-06-04-12-39-42-258642,s3://rldb/processed_v3/microagi/2026-06-04-12-39-42-258642.zarr,30.0,283.0,microagi,organize_drawer_and_makeup_bag,human_bimanual
2026-06-04-12-39-53-358164,s3://rldb/processed_v3/microagi/2026-06-04-12-39-53-358164.zarr,30.0,991.0,microagi,organize_drawer_and_makeup_bag,human_bimanual
2026-06-04-12-40-37-322974,s3://rldb/processed_v3/microagi/2026-06-04-12-40-37-322974.zarr,30.0,229.0,microagi,organize_drawer_and_makeup_bag,human_bimanual
2026-06-04-12-40-46-422595,s3://rldb/processed_v3/microagi/2026-06-04-12-40-46-422595.zarr,30.0,336.0,microagi,organize_drawer_and_makeup_bag,human_bimanual
2026-06-04-12-40-58-455417,s3://rldb/processed_v3/microagi/2026-06-04-12-40-58-455417.zarr,30.0,609.0,microagi,organize_drawer_and_makeup_bag,human_bimanual
2026-06-04-12-41-19-587860,s3://rldb/processed_v3/microagi/2026-06-04-12-41-19-587860.zarr,30.0,1073.0,microagi,organize_drawer_and_makeup_bag,human_bimanual
2026-06-04-12-42-19-152011,s3://rldb/processed_v3/microagi/2026-06-04-12-42-19-152011.zarr,30.0,586.0,microagi,organize_drawer_and_makeup_bag,human_bimanual
2026-06-04-12-42-38-751176,s3://rldb/processed_v3/microagi/2026-06-04-12-42-38-751176.zarr,30.0,476.0,microagi,organize_drawer_and_makeup_bag,human_bimanual
2026-06-04-12-42-54-683831,s3://rldb/processed_v3/microagi/2026-06-04-12-42-54-683831.zarr,30.0,2298.0,microagi,organize_drawer_and_makeup_bag,human_bimanual
2026-06-04-12-44-11-980571,s3://rldb/processed_v3/microagi/2026-06-04-12-44-11-980571.zarr,30.0,3130.0,microagi,organize_drawer_and_makeup_bag,human_bimanual
2026-06-04-13-14-37-975432,s3://rldb/processed_v3/microagi/2026-06-04-13-14-37-975432.zarr,30.0,1096.0,microagi,organize_silverware_in_drawer,human_bimanual
2026-06-04-13-15-16-030432,s3://rldb/processed_v3/microagi/2026-06-04-13-15-16-030432.zarr,30.0,1263.0,microagi,organize_silverware_in_drawer,human_bimanual
2026-06-04-13-15-59-222099,s3://rldb/processed_v3/microagi/2026-06-04-13-15-59-222099.zarr,30.0,677.0,microagi,organize_silverware_in_drawer,human_bimanual
2026-06-04-13-16-24-137099,s3://rldb/processed_v3/microagi/2026-06-04-13-16-24-137099.zarr,30.0,366.0,microagi,organize_silverware_in_drawer,human_bimanual
2026-06-04-13-16-48-885060,s3://rldb/processed_v3/microagi/2026-06-04-13-16-48-885060.zarr,30.0,807.0,microagi,organize_silverware_in_drawer,human_bimanual
2026-06-04-13-21-17-708430,s3://rldb/processed_v3/microagi/2026-06-04-13-21-17-708430.zarr,30.0,207.0,microagi,organize_cutlery_drawer,human_bimanual
2026-06-04-13-21-34-316763,s3://rldb/processed_v3/microagi/2026-06-04-13-21-34-316763.zarr,30.0,451.0,microagi,organize_cutlery_drawer,human_bimanual
2026-06-04-13-21-52-961763,s3://rldb/processed_v3/microagi/2026-06-04-13-21-52-961763.zarr,30.0,481.0,microagi,organize_cutlery_drawer,human_bimanual
2026-06-04-13-22-11-438430,s3://rldb/processed_v3/microagi/2026-06-04-13-22-11-438430.zarr,30.0,511.0,microagi,organize_cutlery_drawer,human_bimanual
2026-06-04-13-22-30-483430,s3://rldb/processed_v3/microagi/2026-06-04-13-22-30-483430.zarr,30.0,678.0,microagi,organize_cutlery_drawer,human_bimanual
2026-06-04-13-23-04-103430,s3://rldb/processed_v3/microagi/2026-06-04-13-23-04-103430.zarr,30.0,180.0,microagi,organize_cutlery_drawer,human_bimanual
2026-06-04-13-23-11-206763,s3://rldb/processed_v3/microagi/2026-06-04-13-23-11-206763.zarr,30.0,674.0,microagi,organize_cutlery_drawer,human_bimanual
2026-06-04-13-23-35-055037,s3://rldb/processed_v3/microagi/2026-06-04-13-23-35-055037.zarr,30.0,408.0,microagi,organize_cutlery_drawer,human_bimanual
2026-06-04-13-23-56-300037,s3://rldb/processed_v3/microagi/2026-06-04-13-23-56-300037.zarr,30.0,711.0,microagi,organize_cutlery_drawer,human_bimanual
2026-06-04-14-50-04-753218,s3://rldb/processed_v3/microagi/2026-06-04-14-50-04-753218.zarr,30.0,384.0,microagi,organize_items_in_drawers,human_bimanual
2026-06-04-14-51-09-542308,s3://rldb/processed_v3/microagi/2026-06-04-14-51-09-542308.zarr,30.0,832.0,microagi,organize_items_in_drawers,human_bimanual
2026-06-04-14-51-55-290641,s3://rldb/processed_v3/microagi/2026-06-04-14-51-55-290641.zarr,30.0,364.0,microagi,organize_items_in_drawers,human_bimanual
2026-06-04-14-52-07-862308,s3://rldb/processed_v3/microagi/2026-06-04-14-52-07-862308.zarr,30.0,945.0,microagi,organize_items_in_drawers,human_bimanual
2026-06-04-15-56-50-395180,s3://rldb/processed_v3/microagi/2026-06-04-15-56-50-395180.zarr,30.0,286.0,microagi,organize_cutlery_drawer,human_bimanual
2026-06-04-15-57-01-100180,s3://rldb/processed_v3/microagi/2026-06-04-15-57-01-100180.zarr,30.0,225.0,microagi,organize_cutlery_drawer,human_bimanual
2026-06-04-15-57-24-046847,s3://rldb/processed_v3/microagi/2026-06-04-15-57-24-046847.zarr,30.0,3070.0,microagi,organize_cutlery_drawer,human_bimanual
2026-06-04-15-59-14-611835,s3://rldb/processed_v3/microagi/2026-06-04-15-59-14-611835.zarr,30.0,854.0,microagi,organize_cutlery_drawer,human_bimanual
2026-06-04-15-59-45-496835,s3://rldb/processed_v3/microagi/2026-06-04-15-59-45-496835.zarr,30.0,538.0,microagi,organize_cutlery_drawer,human_bimanual
2026-06-04-16-00-05-575168,s3://rldb/processed_v3/microagi/2026-06-04-16-00-05-575168.zarr,30.0,165.0,microagi,organize_cutlery_drawer,human_bimanual
2026-06-04-16-00-21-150168,s3://rldb/processed_v3/microagi/2026-06-04-16-00-21-150168.zarr,30.0,353.0,microagi,organize_cutlery_drawer,human_bimanual
2026-06-04-16-00-35-826835,s3://rldb/processed_v3/microagi/2026-06-04-16-00-35-826835.zarr,30.0,311.0,microagi,organize_cutlery_drawer,human_bimanual
2026-06-04-16-27-49-736356,s3://rldb/processed_v3/microagi/2026-06-04-16-27-49-736356.zarr,30.0,966.0,microagi,organize_silverware_in_drawer,human_bimanual
2026-06-04-16-28-23-856356,s3://rldb/processed_v3/microagi/2026-06-04-16-28-23-856356.zarr,30.0,7699.0,microagi,organize_silverware_in_drawer,human_bimanual
2026-06-04-16-32-41-872733,s3://rldb/processed_v3/microagi/2026-06-04-16-32-41-872733.zarr,30.0,322.0,microagi,organize_silverware_in_drawer,human_bimanual
2026-06-04-17-07-53-957635,s3://rldb/processed_v3/microagi/2026-06-04-17-07-53-957635.zarr,30.0,195.0,microagi,organize_dresser_drawer,human_bimanual
2026-06-04-17-08-05-262635,s3://rldb/processed_v3/microagi/2026-06-04-17-08-05-262635.zarr,30.0,290.0,microagi,organize_dresser_drawer,human_bimanual
2026-06-04-17-08-29-772635,s3://rldb/processed_v3/microagi/2026-06-04-17-08-29-772635.zarr,30.0,451.0,microagi,organize_dresser_drawer,human_bimanual
2026-06-04-17-08-50-647635,s3://rldb/processed_v3/microagi/2026-06-04-17-08-50-647635.zarr,30.0,647.0,microagi,organize_dresser_drawer,human_bimanual
2026-06-04-17-09-13-322600,s3://rldb/processed_v3/microagi/2026-06-04-17-09-13-322600.zarr,30.0,5429.0,microagi,organize_dresser_drawer,human_bimanual
2026-06-04-17-12-16-601732,s3://rldb/processed_v3/microagi/2026-06-04-17-12-16-601732.zarr,30.0,198.0,microagi,organize_dresser_drawer,human_bimanual
2026-06-04-17-12-24-171732,s3://rldb/processed_v3/microagi/2026-06-04-17-12-24-171732.zarr,30.0,404.0,microagi,organize_dresser_drawer,human_bimanual
2026-06-04-17-12-39-345066,s3://rldb/processed_v3/microagi/2026-06-04-17-12-39-345066.zarr,30.0,235.0,microagi,organize_dresser_drawer,human_bimanual
2026-06-05-00-57-34-505395,s3://rldb/processed_v3/microagi/2026-06-05-00-57-34-505395.zarr,30.0,1470.0,microagi,sort_candy_into_cups,human_bimanual
2026-06-05-00-58-24-140567,s3://rldb/processed_v3/microagi/2026-06-05-00-58-24-140567.zarr,30.0,265.0,microagi,prepare_candy_cups,human_bimanual
2026-06-05-00-59-05-274178,s3://rldb/processed_v3/microagi/2026-06-05-00-59-05-274178.zarr,30.0,191.0,microagi,prepare_candy_cups,human_bimanual
2026-06-05-00-59-15-351693,s3://rldb/processed_v3/microagi/2026-06-05-00-59-15-351693.zarr,30.0,706.0,microagi,prepare_candy_cups,human_bimanual
2026-06-05-00-59-45-766347,s3://rldb/processed_v3/microagi/2026-06-05-00-59-45-766347.zarr,30.0,2578.0,microagi,prepare_candy_cups,human_bimanual
2026-06-05-01-01-12-742638,s3://rldb/processed_v3/microagi/2026-06-05-01-01-12-742638.zarr,30.0,874.0,microagi,prepare_candy_cups,human_bimanual
2026-06-05-01-01-43-790882,s3://rldb/processed_v3/microagi/2026-06-05-01-01-43-790882.zarr,30.0,4173.0,microagi,prepare_candy_cups,human_bimanual
2026-06-05-01-04-13-892751,s3://rldb/processed_v3/microagi/2026-06-05-01-04-13-892751.zarr,30.0,3384.0,microagi,prepare_candy_cups,human_bimanual
2026-06-05-13-12-58-450804,s3://rldb/processed_v3/microagi/2026-06-05-13-12-58-450804.zarr,30.0,164.0,microagi,organize_clothes_in_drawers,human_bimanual
2026-06-05-13-13-14-257471,s3://rldb/processed_v3/microagi/2026-06-05-13-13-14-257471.zarr,30.0,599.0,microagi,organize_clothes_in_drawers,human_bimanual
2026-06-05-13-13-55-572471,s3://rldb/processed_v3/microagi/2026-06-05-13-13-55-572471.zarr,30.0,285.0,microagi,organize_clothes_in_drawers,human_bimanual
2026-06-05-13-14-26-716839,s3://rldb/processed_v3/microagi/2026-06-05-13-14-26-716839.zarr,30.0,282.0,microagi,organize_clothes_in_drawers,human_bimanual
2026-06-05-13-15-01-396839,s3://rldb/processed_v3/microagi/2026-06-05-13-15-01-396839.zarr,30.0,205.0,microagi,organize_clothes_in_drawers,human_bimanual
2026-06-05-19-38-10-573414,s3://rldb/processed_v3/microagi/2026-06-05-19-38-10-573414.zarr,30.0,165.0,microagi,clean_glass_cup,human_bimanual
2026-06-05-20-12-45-753559,s3://rldb/processed_v3/microagi/2026-06-05-20-12-45-753559.zarr,30.0,261.0,microagi,prepare_a_cup_of_tea,human_bimanual
2026-06-05-20-13-01-160226,s3://rldb/processed_v3/microagi/2026-06-05-20-13-01-160226.zarr,30.0,449.0,microagi,prepare_a_cup_of_tea,human_bimanual
2026-06-05-20-13-17-433559,s3://rldb/processed_v3/microagi/2026-06-05-20-13-17-433559.zarr,30.0,226.0,microagi,prepare_a_cup_of_tea,human_bimanual
2026-06-05-20-13-28-670226,s3://rldb/processed_v3/microagi/2026-06-05-20-13-28-670226.zarr,30.0,1137.0,microagi,prepare_a_cup_of_tea,human_bimanual
2026-06-06-11-56-38-457341,s3://rldb/processed_v3/microagi/2026-06-06-11-56-38-457341.zarr,30.0,252.0,microagi,organize_cutlery_in_drawer,human_bimanual
2026-06-06-11-56-47-062341,s3://rldb/processed_v3/microagi/2026-06-06-11-56-47-062341.zarr,30.0,153.0,microagi,organize_cutlery_in_drawer,human_bimanual
2026-06-06-11-56-55-634008,s3://rldb/processed_v3/microagi/2026-06-06-11-56-55-634008.zarr,30.0,191.0,microagi,organize_cutlery_in_drawer,human_bimanual
2026-06-06-11-57-05-072341,s3://rldb/processed_v3/microagi/2026-06-06-11-57-05-072341.zarr,30.0,285.0,microagi,organize_cutlery_in_drawer,human_bimanual
2026-06-06-11-57-19-080674,s3://rldb/processed_v3/microagi/2026-06-06-11-57-19-080674.zarr,30.0,601.0,microagi,organize_cutlery_in_drawer,human_bimanual
2026-06-06-13-04-13-090233,s3://rldb/processed_v3/microagi/2026-06-06-13-04-13-090233.zarr,30.0,3259.0,microagi,prepare_cupcakes,human_bimanual
2026-06-06-13-06-01-800825,s3://rldb/processed_v3/microagi/2026-06-06-13-06-01-800825.zarr,30.0,4972.0,microagi,prepare_cupcakes,human_bimanual
2026-06-06-15-53-32-328778,s3://rldb/processed_v3/microagi/2026-06-06-15-53-32-328778.zarr,30.0,186.0,microagi,organize_vanity_drawer,human_bimanual
2026-06-06-15-54-46-357111,s3://rldb/processed_v3/microagi/2026-06-06-15-54-46-357111.zarr,30.0,360.0,microagi,organize_vanity_drawer,human_bimanual
2026-06-06-15-55-08-865445,s3://rldb/processed_v3/microagi/2026-06-06-15-55-08-865445.zarr,30.0,224.0,microagi,organize_vanity_drawer,human_bimanual
2026-06-06-15-56-03-151708,s3://rldb/processed_v3/microagi/2026-06-06-15-56-03-151708.zarr,30.0,411.0,microagi,organize_vanity_drawer,human_bimanual
2026-06-07-12-16-04-099702,s3://rldb/processed_v3/microagi/2026-06-07-12-16-04-099702.zarr,30.0,254.0,microagi,prepare_a_cup_of_tea,human_bimanual
2026-06-07-12-16-29-148036,s3://rldb/processed_v3/microagi/2026-06-07-12-16-29-148036.zarr,30.0,479.0,microagi,prepare_a_cup_of_tea,human_bimanual
2026-06-07-12-17-12-671369,s3://rldb/processed_v3/microagi/2026-06-07-12-17-12-671369.zarr,30.0,535.0,microagi,prepare_a_cup_of_tea,human_bimanual
2026-06-08-06-06-47-986291,s3://rldb/processed_v3/microagi/2026-06-08-06-06-47-986291.zarr,30.0,1137.0,microagi,fill_cups_with_toys,human_bimanual
2026-06-08-06-07-26-169625,s3://rldb/processed_v3/microagi/2026-06-08-06-07-26-169625.zarr,30.0,1131.0,microagi,fill_cups_with_toys,human_bimanual
2026-06-08-06-08-10-856291,s3://rldb/processed_v3/microagi/2026-06-08-06-08-10-856291.zarr,30.0,162.0,microagi,fill_cups_with_toys,human_bimanual
2026-06-08-06-08-20-727958,s3://rldb/processed_v3/microagi/2026-06-08-06-08-20-727958.zarr,30.0,316.0,microagi,fill_cups_with_toys,human_bimanual
2026-06-08-06-08-40-103317,s3://rldb/processed_v3/microagi/2026-06-08-06-08-40-103317.zarr,30.0,848.0,microagi,fill_cups_with_toys,human_bimanual
2026-06-08-06-09-08-683317,s3://rldb/processed_v3/microagi/2026-06-08-06-09-08-683317.zarr,30.0,297.0,microagi,fill_cups_with_toys,human_bimanual
2026-06-08-10-08-05-008645,s3://rldb/processed_v3/microagi/2026-06-08-10-08-05-008645.zarr,30.0,425.0,microagi,prepare_toy_cups,human_bimanual
2026-06-08-10-08-19-348645,s3://rldb/processed_v3/microagi/2026-06-08-10-08-19-348645.zarr,30.0,703.0,microagi,prepare_toy_cups,human_bimanual
2026-06-08-10-08-43-293645,s3://rldb/processed_v3/microagi/2026-06-08-10-08-43-293645.zarr,30.0,202.0,microagi,prepare_toy_cups,human_bimanual
2026-06-08-10-08-52-663645,s3://rldb/processed_v3/microagi/2026-06-08-10-08-52-663645.zarr,30.0,668.0,microagi,prepare_toy_cups,human_bimanual
2026-06-08-10-09-16-675312,s3://rldb/processed_v3/microagi/2026-06-08-10-09-16-675312.zarr,30.0,296.0,microagi,prepare_toy_cups,human_bimanual
2026-06-08-10-09-34-015312,s3://rldb/processed_v3/microagi/2026-06-08-10-09-34-015312.zarr,30.0,159.0,microagi,prepare_toy_cups,human_bimanual
2026-06-08-10-09-40-485312,s3://rldb/processed_v3/microagi/2026-06-08-10-09-40-485312.zarr,30.0,905.0,microagi,prepare_toy_cups,human_bimanual
2026-06-08-10-10-11-065665,s3://rldb/processed_v3/microagi/2026-06-08-10-10-11-065665.zarr,30.0,260.0,microagi,prepare_toy_cups,human_bimanual
2026-06-08-17-42-19-360449,s3://rldb/processed_v3/microagi/2026-06-08-17-42-19-360449.zarr,30.0,316.0,microagi,get_ingredients_from_cupboard,human_bimanual
2026-06-10-15-58-50-033690,s3://rldb/processed_v3/microagi/2026-06-10-15-58-50-033690.zarr,30.0,326.0,microagi,clean_cup,human_bimanual
2026-06-10-15-59-01-907024,s3://rldb/processed_v3/microagi/2026-06-10-15-59-01-907024.zarr,30.0,257.0,microagi,clean_cup,human_bimanual
2026-06-10-15-59-13-647024,s3://rldb/processed_v3/microagi/2026-06-10-15-59-13-647024.zarr,30.0,396.0,microagi,clean_cup,human_bimanual
2026-06-11-07-02-15-417265,s3://rldb/processed_v3/microagi/2026-06-11-07-02-15-417265.zarr,30.0,282.0,microagi,prepare_cupcake_tray,human_bimanual
2026-06-11-07-02-31-293932,s3://rldb/processed_v3/microagi/2026-06-11-07-02-31-293932.zarr,30.0,327.0,microagi,prepare_cupcake_tray,human_bimanual
2026-06-11-07-02-45-702265,s3://rldb/processed_v3/microagi/2026-06-11-07-02-45-702265.zarr,30.0,1143.0,microagi,prepare_cupcake_tray,human_bimanual
2026-06-11-07-04-44-504076,s3://rldb/processed_v3/microagi/2026-06-11-07-04-44-504076.zarr,30.0,660.0,microagi,fill_cupcake_liners,human_bimanual
2026-06-11-07-10-45-331524,s3://rldb/processed_v3/microagi/2026-06-11-07-10-45-331524.zarr,30.0,632.0,microagi,prepare_cupcakes,human_bimanual
2026-06-11-07-11-07-478191,s3://rldb/processed_v3/microagi/2026-06-11-07-11-07-478191.zarr,30.0,461.0,microagi,prepare_cupcakes,human_bimanual
2026-06-11-07-11-25-354858,s3://rldb/processed_v3/microagi/2026-06-11-07-11-25-354858.zarr,30.0,405.0,microagi,prepare_cupcakes,human_bimanual
2026-06-11-07-11-58-041524,s3://rldb/processed_v3/microagi/2026-06-11-07-11-58-041524.zarr,30.0,600.0,microagi,prepare_cupcakes,human_bimanual
2026-06-11-07-12-44-167280,s3://rldb/processed_v3/microagi/2026-06-11-07-12-44-167280.zarr,30.0,223.0,microagi,prepare_cupcakes,human_bimanual
2026-06-11-07-13-13-585614,s3://rldb/processed_v3/microagi/2026-06-11-07-13-13-585614.zarr,30.0,827.0,microagi,prepare_cupcakes,human_bimanual
2026-06-11-07-13-57-043947,s3://rldb/processed_v3/microagi/2026-06-11-07-13-57-043947.zarr,30.0,280.0,microagi,prepare_cupcakes,human_bimanual
2026-06-11-07-14-09-383947,s3://rldb/processed_v3/microagi/2026-06-11-07-14-09-383947.zarr,30.0,361.0,microagi,prepare_cupcakes,human_bimanual
2026-06-11-07-14-54-177427,s3://rldb/processed_v3/microagi/2026-06-11-07-14-54-177427.zarr,30.0,251.0,microagi,prepare_cupcakes,human_bimanual
2026-06-11-08-54-06-563969,s3://rldb/processed_v3/microagi/2026-06-11-08-54-06-563969.zarr,30.0,230.0,microagi,fill_cupcake_liners,human_bimanual
2026-06-11-08-56-00-763963,s3://rldb/processed_v3/microagi/2026-06-11-08-56-00-763963.zarr,30.0,1471.0,microagi,fill_cupcake_liners,human_bimanual
2026-06-11-08-56-49-825629,s3://rldb/processed_v3/microagi/2026-06-11-08-56-49-825629.zarr,30.0,448.0,microagi,prepare_cupcakes,human_bimanual
2026-06-11-08-57-05-068963,s3://rldb/processed_v3/microagi/2026-06-11-08-57-05-068963.zarr,30.0,243.0,microagi,prepare_cupcakes,human_bimanual
2026-06-11-08-57-13-707296,s3://rldb/processed_v3/microagi/2026-06-11-08-57-13-707296.zarr,30.0,163.0,microagi,prepare_cupcakes,human_bimanual
2026-06-11-08-57-27-882234,s3://rldb/processed_v3/microagi/2026-06-11-08-57-27-882234.zarr,30.0,154.0,microagi,prepare_cupcakes,human_bimanual
2026-06-11-15-48-02-869339,s3://rldb/processed_v3/microagi/2026-06-11-15-48-02-869339.zarr,30.0,559.0,microagi,rinse_cup,human_bimanual
2026-06-11-17-21-00-811532,s3://rldb/processed_v3/microagi/2026-06-11-17-21-00-811532.zarr,30.0,171.0,microagi,organize_closet_drawer,human_bimanual
2026-06-11-17-21-07-046532,s3://rldb/processed_v3/microagi/2026-06-11-17-21-07-046532.zarr,30.0,168.0,microagi,organize_closet_drawer,human_bimanual
2026-06-11-17-21-51-931532,s3://rldb/processed_v3/microagi/2026-06-11-17-21-51-931532.zarr,30.0,251.0,microagi,organize_closet_drawer,human_bimanual
2026-06-11-17-22-15-841532,s3://rldb/processed_v3/microagi/2026-06-11-17-22-15-841532.zarr,30.0,264.0,microagi,organize_closet_drawer,human_bimanual
2026-06-12-12-18-58-904332,s3://rldb/processed_v3/microagi/2026-06-12-12-18-58-904332.zarr,30.0,2438.0,microagi,organize_cutlery_in_drawer,human_bimanual
2026-06-12-12-28-41-018814,s3://rldb/processed_v3/microagi/2026-06-12-12-28-41-018814.zarr,30.0,2201.0,microagi,organize_tools_in_drawer,human_bimanual
2026-06-12-12-29-54-459767,s3://rldb/processed_v3/microagi/2026-06-12-12-29-54-459767.zarr,30.0,802.0,microagi,organize_tools_in_drawer,human_bimanual
2026-06-12-12-33-15-431381,s3://rldb/processed_v3/microagi/2026-06-12-12-33-15-431381.zarr,30.0,2807.0,microagi,organize_cutlery_in_drawer,human_bimanual
2026-06-12-12-42-06-515972,s3://rldb/processed_v3/microagi/2026-06-12-12-42-06-515972.zarr,30.0,2396.0,microagi,organize_cutlery_in_drawer,human_bimanual
2026-06-12-12-46-28-522084,s3://rldb/processed_v3/microagi/2026-06-12-12-46-28-522084.zarr,30.0,1880.0,microagi,organize_cutlery_in_drawer,human_bimanual
2026-06-12-12-47-36-533375,s3://rldb/processed_v3/microagi/2026-06-12-12-47-36-533375.zarr,30.0,709.0,microagi,organize_cutlery_in_drawer,human_bimanual
2026-06-12-12-52-13-605986,s3://rldb/processed_v3/microagi/2026-06-12-12-52-13-605986.zarr,30.0,1398.0,microagi,organize_cutlery_in_drawer,human_bimanual
2026-06-12-12-53-00-378659,s3://rldb/processed_v3/microagi/2026-06-12-12-53-00-378659.zarr,30.0,948.0,microagi,organize_cutlery_in_drawer,human_bimanual
2026-06-12-12-57-31-996939,s3://rldb/processed_v3/microagi/2026-06-12-12-57-31-996939.zarr,30.0,560.0,microagi,organize_cutlery_in_drawer,human_bimanual
2026-06-12-12-57-56-599484,s3://rldb/processed_v3/microagi/2026-06-12-12-57-56-599484.zarr,30.0,409.0,microagi,organize_cutlery_in_drawer,human_bimanual
2026-06-12-12-58-10-300907,s3://rldb/processed_v3/microagi/2026-06-12-12-58-10-300907.zarr,30.0,1670.0,microagi,organize_cutlery_in_drawer,human_bimanual
2026-06-12-13-04-14-427801,s3://rldb/processed_v3/microagi/2026-06-12-13-04-14-427801.zarr,30.0,766.0,microagi,organize_cutlery_in_drawer,human_bimanual
2026-06-12-13-04-39-997114,s3://rldb/processed_v3/microagi/2026-06-12-13-04-39-997114.zarr,30.0,1976.0,microagi,organize_cutlery_in_drawer,human_bimanual
2026-06-13-10-45-53-021136,s3://rldb/processed_v3/microagi/2026-06-13-10-45-53-021136.zarr,30.0,253.0,microagi,clean_drawers,human_bimanual
2026-06-13-10-49-17-856125,s3://rldb/processed_v3/microagi/2026-06-13-10-49-17-856125.zarr,30.0,2009.0,microagi,organize_toys_into_drawers,human_bimanual
2026-06-14-21-13-02-858323,s3://rldb/processed_v3/microagi/2026-06-14-21-13-02-858323.zarr,30.0,316.0,microagi,organize_cleaning_supplies_drawer,human_bimanual
2026-06-15-12-35-36-794563,s3://rldb/processed_v3/microagi/2026-06-15-12-35-36-794563.zarr,30.0,172.0,microagi,assemble_cabinet_drawer,human_bimanual
2026-06-15-12-36-11-254239,s3://rldb/processed_v3/microagi/2026-06-15-12-36-11-254239.zarr,30.0,544.0,microagi,assemble_cabinet_drawer,human_bimanual
2026-06-15-12-36-30-698164,s3://rldb/processed_v3/microagi/2026-06-15-12-36-30-698164.zarr,30.0,206.0,microagi,assemble_cabinet_drawer,human_bimanual
2026-06-15-12-38-06-053272,s3://rldb/processed_v3/microagi/2026-06-15-12-38-06-053272.zarr,30.0,167.0,microagi,assemble_cabinet_drawer,human_bimanual
2026-06-16-02-59-12-440027,s3://rldb/processed_v3/microagi/2026-06-16-02-59-12-440027.zarr,30.0,804.0,microagi,clean_small_plastic_cup,human_bimanual
2026-06-16-07-27-24-132623,s3://rldb/processed_v3/microagi/2026-06-16-07-27-24-132623.zarr,30.0,168.0,microagi,assemble_cabinet_drawer_slides,human_bimanual
2026-06-16-07-27-46-140204,s3://rldb/processed_v3/microagi/2026-06-16-07-27-46-140204.zarr,30.0,582.0,microagi,assemble_cabinet_drawer_slides,human_bimanual
2026-06-16-07-28-08-280970,s3://rldb/processed_v3/microagi/2026-06-16-07-28-08-280970.zarr,30.0,970.0,microagi,assemble_cabinet_drawer_slides,human_bimanual
2026-06-16-07-28-41-042644,s3://rldb/processed_v3/microagi/2026-06-16-07-28-41-042644.zarr,30.0,187.0,microagi,assemble_cabinet_drawer_slides,human_bimanual
2026-06-16-07-28-59-687506,s3://rldb/processed_v3/microagi/2026-06-16-07-28-59-687506.zarr,30.0,296.0,microagi,assemble_cabinet_drawer_slides,human_bimanual
2026-06-16-07-30-55-854932,s3://rldb/processed_v3/microagi/2026-06-16-07-30-55-854932.zarr,30.0,1238.0,microagi,assemble_cabinet_drawer_slides,human_bimanual
2026-06-16-07-31-39-500535,s3://rldb/processed_v3/microagi/2026-06-16-07-31-39-500535.zarr,30.0,342.0,microagi,assemble_cabinet_drawer_slides,human_bimanual
2026-06-16-07-31-53-117938,s3://rldb/processed_v3/microagi/2026-06-16-07-31-53-117938.zarr,30.0,239.0,microagi,assemble_drawer,human_bimanual
2026-06-16-07-32-16-490601,s3://rldb/processed_v3/microagi/2026-06-16-07-32-16-490601.zarr,30.0,219.0,microagi,assemble_drawer,human_bimanual
2026-06-16-07-33-51-079923,s3://rldb/processed_v3/microagi/2026-06-16-07-33-51-079923.zarr,30.0,286.0,microagi,assemble_drawer,human_bimanual
2026-06-16-07-34-23-962615,s3://rldb/processed_v3/microagi/2026-06-16-07-34-23-962615.zarr,30.0,187.0,microagi,assemble_drawer_components,human_bimanual
2026-06-16-07-34-52-817540,s3://rldb/processed_v3/microagi/2026-06-16-07-34-52-817540.zarr,30.0,162.0,microagi,assemble_drawer_components,human_bimanual
2026-06-16-07-35-44-746937,s3://rldb/processed_v3/microagi/2026-06-16-07-35-44-746937.zarr,30.0,258.0,microagi,assemble_drawer_components,human_bimanual
2026-06-16-07-35-56-965978,s3://rldb/processed_v3/microagi/2026-06-16-07-35-56-965978.zarr,30.0,436.0,microagi,assemble_drawer_components,human_bimanual
2026-06-16-07-36-29-927422,s3://rldb/processed_v3/microagi/2026-06-16-07-36-29-927422.zarr,30.0,281.0,microagi,assemble_drawer_components,human_bimanual
2026-06-16-07-37-42-483288,s3://rldb/processed_v3/microagi/2026-06-16-07-37-42-483288.zarr,30.0,325.0,microagi,assemble_drawer_components,human_bimanual
2026-06-16-07-38-03-251572,s3://rldb/processed_v3/microagi/2026-06-16-07-38-03-251572.zarr,30.0,327.0,microagi,assemble_drawer,human_bimanual
2026-06-16-07-38-44-338163,s3://rldb/processed_v3/microagi/2026-06-16-07-38-44-338163.zarr,30.0,341.0,microagi,assemble_drawer_components,human_bimanual
2026-06-16-07-38-46-967083,s3://rldb/processed_v3/microagi/2026-06-16-07-38-46-967083.zarr,30.0,311.0,microagi,assemble_drawer,human_bimanual
2026-06-16-07-39-10-339750,s3://rldb/processed_v3/microagi/2026-06-16-07-39-10-339750.zarr,30.0,205.0,microagi,assemble_drawer,human_bimanual
2026-06-16-07-39-43-201306,s3://rldb/processed_v3/microagi/2026-06-16-07-39-43-201306.zarr,30.0,179.0,microagi,assemble_drawer,human_bimanual
2026-06-16-07-39-53-555854,s3://rldb/processed_v3/microagi/2026-06-16-07-39-53-555854.zarr,30.0,232.0,microagi,assemble_drawer,human_bimanual
2026-06-16-07-40-59-711783,s3://rldb/processed_v3/microagi/2026-06-16-07-40-59-711783.zarr,30.0,354.0,microagi,assemble_drawer,human_bimanual
2026-06-16-07-41-34-804068,s3://rldb/processed_v3/microagi/2026-06-16-07-41-34-804068.zarr,30.0,244.0,microagi,assemble_drawer,human_bimanual
2026-06-16-07-43-12-223424,s3://rldb/processed_v3/microagi/2026-06-16-07-43-12-223424.zarr,30.0,317.0,microagi,assemble_drawer,human_bimanual
2026-06-16-07-43-16-571740,s3://rldb/processed_v3/microagi/2026-06-16-07-43-16-571740.zarr,30.0,181.0,microagi,assemble_drawer_components,human_bimanual
2026-06-16-07-43-30-901573,s3://rldb/processed_v3/microagi/2026-06-16-07-43-30-901573.zarr,30.0,238.0,microagi,assemble_drawer,human_bimanual
2026-06-16-07-43-39-724584,s3://rldb/processed_v3/microagi/2026-06-16-07-43-39-724584.zarr,30.0,188.0,microagi,assemble_drawer,human_bimanual
2026-06-16-07-43-49-812783,s3://rldb/processed_v3/microagi/2026-06-16-07-43-49-812783.zarr,30.0,320.0,microagi,assemble_drawer,human_bimanual
2026-06-16-07-44-08-790583,s3://rldb/processed_v3/microagi/2026-06-16-07-44-08-790583.zarr,30.0,540.0,microagi,assemble_drawer,human_bimanual
2026-06-16-07-44-36-125267,s3://rldb/processed_v3/microagi/2026-06-16-07-44-36-125267.zarr,30.0,415.0,microagi,assemble_drawer,human_bimanual
2026-06-16-07-45-23-420022,s3://rldb/processed_v3/microagi/2026-06-16-07-45-23-420022.zarr,30.0,292.0,microagi,assemble_drawer,human_bimanual
2026-06-16-07-45-40-749664,s3://rldb/processed_v3/microagi/2026-06-16-07-45-40-749664.zarr,30.0,206.0,microagi,assemble_drawer,human_bimanual
2026-06-16-07-45-48-174312,s3://rldb/processed_v3/microagi/2026-06-16-07-45-48-174312.zarr,30.0,231.0,microagi,assemble_drawer,human_bimanual
2026-06-16-07-46-29-958774,s3://rldb/processed_v3/microagi/2026-06-16-07-46-29-958774.zarr,30.0,176.0,microagi,assemble_drawer,human_bimanual
2026-06-16-07-46-36-417874,s3://rldb/processed_v3/microagi/2026-06-16-07-46-36-417874.zarr,30.0,233.0,microagi,assemble_drawer,human_bimanual
2026-06-16-07-47-00-190059,s3://rldb/processed_v3/microagi/2026-06-16-07-47-00-190059.zarr,30.0,475.0,microagi,assemble_drawer,human_bimanual
2026-06-16-07-47-13-604718,s3://rldb/processed_v3/microagi/2026-06-16-07-47-13-604718.zarr,30.0,387.0,microagi,prepare_drawer_fronts,human_bimanual
2026-06-16-07-47-28-733320,s3://rldb/processed_v3/microagi/2026-06-16-07-47-28-733320.zarr,30.0,532.0,microagi,prepare_drawer_fronts,human_bimanual
2026-06-16-07-47-52-229180,s3://rldb/processed_v3/microagi/2026-06-16-07-47-52-229180.zarr,30.0,292.0,microagi,assemble_drawer,human_bimanual
2026-06-16-07-48-03-049869,s3://rldb/processed_v3/microagi/2026-06-16-07-48-03-049869.zarr,30.0,185.0,microagi,Assemble_drawer,human_bimanual
2026-06-16-07-48-04-903215,s3://rldb/processed_v3/microagi/2026-06-16-07-48-04-903215.zarr,30.0,335.0,microagi,prepare_drawer_fronts,human_bimanual
2026-06-16-07-48-38-941184,s3://rldb/processed_v3/microagi/2026-06-16-07-48-38-941184.zarr,30.0,177.0,microagi,Assemble_drawer,human_bimanual
2026-06-16-07-49-29-432589,s3://rldb/processed_v3/microagi/2026-06-16-07-49-29-432589.zarr,30.0,292.0,microagi,prepare_drawer_fronts,human_bimanual
2026-06-16-07-49-31-046902,s3://rldb/processed_v3/microagi/2026-06-16-07-49-31-046902.zarr,30.0,324.0,microagi,Assemble_drawer,human_bimanual
2026-06-16-07-49-42-957311,s3://rldb/processed_v3/microagi/2026-06-16-07-49-42-957311.zarr,30.0,176.0,microagi,prepare_drawer_fronts,human_bimanual
2026-06-16-07-49-54-912811,s3://rldb/processed_v3/microagi/2026-06-16-07-49-54-912811.zarr,30.0,409.0,microagi,prepare_drawer_fronts,human_bimanual
2026-06-16-07-50-08-605438,s3://rldb/processed_v3/microagi/2026-06-16-07-50-08-605438.zarr,30.0,261.0,microagi,assemble_drawer_components,human_bimanual
2026-06-16-07-51-07-287720,s3://rldb/processed_v3/microagi/2026-06-16-07-51-07-287720.zarr,30.0,269.0,microagi,assemble_drawer_components,human_bimanual
2026-06-16-07-51-24-721531,s3://rldb/processed_v3/microagi/2026-06-16-07-51-24-721531.zarr,30.0,206.0,microagi,assemble_drawer_components,human_bimanual
2026-06-16-07-54-20-969618,s3://rldb/processed_v3/microagi/2026-06-16-07-54-20-969618.zarr,30.0,194.0,microagi,attach_drawer_slides,human_bimanual
2026-06-16-08-01-38-493071,s3://rldb/processed_v3/microagi/2026-06-16-08-01-38-493071.zarr,30.0,250.0,microagi,assemble_drawer,human_bimanual
2026-06-16-08-09-23-776376,s3://rldb/processed_v3/microagi/2026-06-16-08-09-23-776376.zarr,30.0,551.0,microagi,Assemble_and_adjust_drawer_components,human_bimanual
2026-06-16-08-21-13-073468,s3://rldb/processed_v3/microagi/2026-06-16-08-21-13-073468.zarr,30.0,277.0,microagi,repair_drawer_slide,human_bimanual
2026-06-16-15-12-56-732269,s3://rldb/processed_v3/microagi/2026-06-16-15-12-56-732269.zarr,30.0,157.0,microagi,clean_kitchen_drawer,human_bimanual
2026-06-16-15-13-08-068936,s3://rldb/processed_v3/microagi/2026-06-16-15-13-08-068936.zarr,30.0,278.0,microagi,clean_kitchen_drawer,human_bimanual
2026-06-16-15-13-31-478936,s3://rldb/processed_v3/microagi/2026-06-16-15-13-31-478936.zarr,30.0,473.0,microagi,clean_kitchen_drawer,human_bimanual
2026-06-16-15-13-50-553936,s3://rldb/processed_v3/microagi/2026-06-16-15-13-50-553936.zarr,30.0,157.0,microagi,clean_kitchen_drawer,human_bimanual
2026-06-16-15-14-08-093936,s3://rldb/processed_v3/microagi/2026-06-16-15-14-08-093936.zarr,30.0,367.0,microagi,clean_kitchen_drawer,human_bimanual
2026-06-16-15-14-58-048088,s3://rldb/processed_v3/microagi/2026-06-16-15-14-58-048088.zarr,30.0,385.0,microagi,clean_kitchen_drawer,human_bimanual
2026-06-16-15-15-30-728088,s3://rldb/processed_v3/microagi/2026-06-16-15-15-30-728088.zarr,30.0,247.0,microagi,clean_kitchen_drawer,human_bimanual
2026-06-16-15-16-35-620513,s3://rldb/processed_v3/microagi/2026-06-16-15-16-35-620513.zarr,30.0,241.0,microagi,clean_kitchen_drawer,human_bimanual
2026-06-17-01-35-46-472555,s3://rldb/processed_v3/microagi/2026-06-17-01-35-46-472555.zarr,30.0,302.0,microagi,prepare_drinking_cup,human_bimanual
2026-06-17-01-35-57-105443,s3://rldb/processed_v3/microagi/2026-06-17-01-35-57-105443.zarr,30.0,210.0,microagi,prepare_drinking_cup,human_bimanual
2026-06-17-01-36-04-438466,s3://rldb/processed_v3/microagi/2026-06-17-01-36-04-438466.zarr,30.0,199.0,microagi,prepare_drinking_cup,human_bimanual
2026-06-17-01-36-20-271131,s3://rldb/processed_v3/microagi/2026-06-17-01-36-20-271131.zarr,30.0,366.0,microagi,prepare_drinking_cup,human_bimanual
2026-06-19-11-25-29-907289,s3://rldb/processed_v3/microagi/2026-06-19-11-25-29-907289.zarr,30.0,786.0,microagi,portion_cream_into_cups,human_bimanual
2026-06-20-13-18-08-905294,s3://rldb/processed_v3/microagi/2026-06-20-13-18-08-905294.zarr,30.0,4200.0,microagi,organize_socks_in_drawer,human_bimanual
2026-06-20-13-20-29-155564,s3://rldb/processed_v3/microagi/2026-06-20-13-20-29-155564.zarr,30.0,345.0,microagi,organize_socks_in_drawer,human_bimanual
2026-06-20-13-20-42-893897,s3://rldb/processed_v3/microagi/2026-06-20-13-20-42-893897.zarr,30.0,546.0,microagi,organize_socks_in_drawer,human_bimanual
2026-06-20-13-21-01-567231,s3://rldb/processed_v3/microagi/2026-06-20-13-21-01-567231.zarr,30.0,336.0,microagi,organize_socks_in_drawer,human_bimanual
2026-06-20-13-21-27-042231,s3://rldb/processed_v3/microagi/2026-06-20-13-21-27-042231.zarr,30.0,245.0,microagi,organize_socks_in_drawer,human_bimanual
2026-06-20-13-21-44-313897,s3://rldb/processed_v3/microagi/2026-06-20-13-21-44-313897.zarr,30.0,387.0,microagi,organize_socks_in_drawer,human_bimanual
2026-06-20-13-21-58-952446,s3://rldb/processed_v3/microagi/2026-06-20-13-21-58-952446.zarr,30.0,335.0,microagi,organize_socks_in_drawer,human_bimanual
2026-06-20-16-11-23-627791,s3://rldb/processed_v3/microagi/2026-06-20-16-11-23-627791.zarr,30.0,1600.0,microagi,organize_underwear_in_drawer,human_bimanual
2026-06-20-16-12-17-114458,s3://rldb/processed_v3/microagi/2026-06-20-16-12-17-114458.zarr,30.0,207.0,microagi,organize_underwear_in_drawer,human_bimanual
2026-06-20-16-12-24-816124,s3://rldb/processed_v3/microagi/2026-06-20-16-12-24-816124.zarr,30.0,236.0,microagi,organize_underwear_in_drawer,human_bimanual
2026-06-20-16-12-32-719458,s3://rldb/processed_v3/microagi/2026-06-20-16-12-32-719458.zarr,30.0,2629.0,microagi,organize_underwear_in_drawer,human_bimanual
2026-06-20-16-14-00-783470,s3://rldb/processed_v3/microagi/2026-06-20-16-14-00-783470.zarr,30.0,321.0,microagi,organize_underwear_in_drawer,human_bimanual
2026-06-20-16-14-11-853470,s3://rldb/processed_v3/microagi/2026-06-20-16-14-11-853470.zarr,30.0,594.0,microagi,organize_underwear_in_drawer,human_bimanual
2026-06-20-16-14-33-228470,s3://rldb/processed_v3/microagi/2026-06-20-16-14-33-228470.zarr,30.0,1110.0,microagi,organize_underwear_in_drawer,human_bimanual
2026-06-20-16-15-19-744116,s3://rldb/processed_v3/microagi/2026-06-20-16-15-19-744116.zarr,30.0,488.0,microagi,organize_underwear_in_drawer,human_bimanual
2026-06-20-16-15-41-152449,s3://rldb/processed_v3/microagi/2026-06-20-16-15-41-152449.zarr,30.0,1108.0,microagi,organize_underwear_in_drawer,human_bimanual
2026-06-20-18-40-31-658598,s3://rldb/processed_v3/microagi/2026-06-20-18-40-31-658598.zarr,30.0,537.0,microagi,clean_saucers,human_bimanual
2026-06-20-18-41-07-208632,s3://rldb/processed_v3/microagi/2026-06-20-18-41-07-208632.zarr,30.0,468.0,microagi,clean_saucers,human_bimanual
2026-06-23-09-37-53-642625,s3://rldb/processed_v3/microagi/2026-06-23-09-37-53-642625.zarr,30.0,1136.0,microagi,organize_wrenches_in_drawer,human_bimanual
2026-06-23-16-16-22-214866,s3://rldb/processed_v3/microagi/2026-06-23-16-16-22-214866.zarr,30.0,417.0,microagi,clean_cups,human_bimanual
2026-06-24-10-45-40-802756,s3://rldb/processed_v3/microagi/2026-06-24-10-45-40-802756.zarr,30.0,328.0,microagi,clean_coffee_cup,human_bimanual
2026-06-24-16-36-59-027885,s3://rldb/processed_v3/microagi/2026-06-24-16-36-59-027885.zarr,30.0,215.0,microagi,organize_drawer_and_table,human_bimanual
2026-06-25-05-34-35-714966,s3://rldb/processed_v3/microagi/2026-06-25-05-34-35-714966.zarr,30.0,187.0,microagi,organize_cutlery_in_drawer,human_bimanual
2026-06-25-05-34-43-247988,s3://rldb/processed_v3/microagi/2026-06-25-05-34-43-247988.zarr,30.0,169.0,microagi,organize_cutlery_in_drawer,human_bimanual
2026-06-25-05-34-49-371044,s3://rldb/processed_v3/microagi/2026-06-25-05-34-49-371044.zarr,30.0,233.0,microagi,organize_cutlery_in_drawer,human_bimanual
2026-06-25-05-35-21-179715,s3://rldb/processed_v3/microagi/2026-06-25-05-35-21-179715.zarr,30.0,353.0,microagi,organize_cutlery_in_drawer,human_bimanual
2026-06-25-05-35-33-412526,s3://rldb/processed_v3/microagi/2026-06-25-05-35-33-412526.zarr,30.0,292.0,microagi,organize_cutlery_in_drawer,human_bimanual
2026-06-25-18-38-00-165657,s3://rldb/processed_v3/microagi/2026-06-25-18-38-00-165657.zarr,30.0,153.0,microagi,organize_workbench_drawer,human_bimanual
2026-06-25-18-38-31-175082,s3://rldb/processed_v3/microagi/2026-06-25-18-38-31-175082.zarr,30.0,339.0,microagi,organize_workbench_drawer,human_bimanual
2026-06-25-18-39-04-202494,s3://rldb/processed_v3/microagi/2026-06-25-18-39-04-202494.zarr,30.0,639.0,microagi,organize_workbench_drawer,human_bimanual
2026-06-25-18-42-05-147084,s3://rldb/processed_v3/microagi/2026-06-25-18-42-05-147084.zarr,30.0,358.0,microagi,organize_workbench_drawer,human_bimanual
2026-06-25-18-42-32-625097,s3://rldb/processed_v3/microagi/2026-06-25-18-42-32-625097.zarr,30.0,1610.0,microagi,organize_workbench_drawer,human_bimanual
2026-06-25-18-43-30-170879,s3://rldb/processed_v3/microagi/2026-06-25-18-43-30-170879.zarr,30.0,1730.0,microagi,organize_workbench_drawer,human_bimanual
2026-06-25-18-45-34-343176,s3://rldb/processed_v3/microagi/2026-06-25-18-45-34-343176.zarr,30.0,151.0,microagi,organize_workbench_drawer,human_bimanual
2026-06-25-18-58-31-284163,s3://rldb/processed_v3/microagi/2026-06-25-18-58-31-284163.zarr,30.0,210.0,microagi,organize_spice_drawer,human_bimanual
2026-06-25-18-58-50-725830,s3://rldb/processed_v3/microagi/2026-06-25-18-58-50-725830.zarr,30.0,375.0,microagi,organize_spice_drawer,human_bimanual
2026-06-25-18-59-03-564163,s3://rldb/processed_v3/microagi/2026-06-25-18-59-03-564163.zarr,30.0,395.0,microagi,organize_spice_drawer,human_bimanual
2026-06-25-18-59-43-112496,s3://rldb/processed_v3/microagi/2026-06-25-18-59-43-112496.zarr,30.0,542.0,microagi,clean_drawer_liner,human_bimanual
2026-06-25-19-02-07-267483,s3://rldb/processed_v3/microagi/2026-06-25-19-02-07-267483.zarr,30.0,2561.0,microagi,organize_spice_drawer,human_bimanual
2026-06-25-19-03-33-969150,s3://rldb/processed_v3/microagi/2026-06-25-19-03-33-969150.zarr,30.0,2378.0,microagi,organize_spice_drawer,human_bimanual
2026-06-29-17-20-00-380651,s3://rldb/processed_v3/microagi/2026-06-29-17-20-00-380651.zarr,30.0,216.0,microagi,clean_vanity_drawer,human_bimanual
2026-06-29-17-20-10-954546,s3://rldb/processed_v3/microagi/2026-06-29-17-20-10-954546.zarr,30.0,161.0,microagi,clean_vanity_drawer,human_bimanual
2026-06-29-22-57-00-028501,s3://rldb/processed_v3/microagi/2026-06-29-22-57-00-028501.zarr,30.0,163.0,microagi,clean_measuring_cup,human_bimanual
2026-06-30-13-38-52-957522,s3://rldb/processed_v3/microagi/2026-06-30-13-38-52-957522.zarr,30.0,3556.0,microagi,organize_cutlery_in_drawer,human_bimanual
2026-06-30-13-40-52-761026,s3://rldb/processed_v3/microagi/2026-06-30-13-40-52-761026.zarr,30.0,841.0,microagi,organize_cutlery_in_drawer,human_bimanual
2026-06-30-13-41-21-936026,s3://rldb/processed_v3/microagi/2026-06-30-13-41-21-936026.zarr,30.0,573.0,microagi,organize_cutlery_in_drawer,human_bimanual
2026-06-30-13-41-43-509359,s3://rldb/processed_v3/microagi/2026-06-30-13-41-43-509359.zarr,30.0,828.0,microagi,organize_cutlery_in_drawer,human_bimanual
2026-06-30-13-42-12-917692,s3://rldb/processed_v3/microagi/2026-06-30-13-42-12-917692.zarr,30.0,240.0,microagi,organize_cutlery_in_drawer,human_bimanual
2026-06-30-13-42-21-554359,s3://rldb/processed_v3/microagi/2026-06-30-13-42-21-554359.zarr,30.0,209.0,microagi,organize_cutlery_in_drawer,human_bimanual
2026-06-30-13-42-52-062646,s3://rldb/processed_v3/microagi/2026-06-30-13-42-52-062646.zarr,30.0,1100.0,microagi,organize_cutlery_in_drawer,human_bimanual
2026-06-30-13-43-35-342646,s3://rldb/processed_v3/microagi/2026-06-30-13-43-35-342646.zarr,30.0,904.0,microagi,organize_cutlery_in_drawer,human_bimanual
2026-06-30-13-44-06-619313,s3://rldb/processed_v3/microagi/2026-06-30-13-44-06-619313.zarr,30.0,286.0,microagi,organize_cutlery_in_drawer,human_bimanual
2026-06-30-13-44-17-255980,s3://rldb/processed_v3/microagi/2026-06-30-13-44-17-255980.zarr,30.0,678.0,microagi,organize_cutlery_in_drawer,human_bimanual
2026-06-30-13-44-41-595980,s3://rldb/processed_v3/microagi/2026-06-30-13-44-41-595980.zarr,30.0,177.0,microagi,organize_cutlery_in_drawer,human_bimanual
2026-06-30-13-44-49-332646,s3://rldb/processed_v3/microagi/2026-06-30-13-44-49-332646.zarr,30.0,464.0,microagi,organize_cutlery_in_drawer,human_bimanual
2026-06-30-13-45-06-370833,s3://rldb/processed_v3/microagi/2026-06-30-13-45-06-370833.zarr,30.0,2646.0,microagi,organize_cutlery_in_drawer,human_bimanual
2026-06-30-13-46-36-430833,s3://rldb/processed_v3/microagi/2026-06-30-13-46-36-430833.zarr,30.0,642.0,microagi,organize_cutlery_in_drawer,human_bimanual
2026-06-30-13-46-58-238905,s3://rldb/processed_v3/microagi/2026-06-30-13-46-58-238905.zarr,30.0,169.0,microagi,organize_cutlery_in_drawer,human_bimanual
2026-06-30-13-47-05-407238,s3://rldb/processed_v3/microagi/2026-06-30-13-47-05-407238.zarr,30.0,216.0,microagi,organize_cutlery_in_drawer,human_bimanual
2026-06-30-13-47-13-508905,s3://rldb/processed_v3/microagi/2026-06-30-13-47-13-508905.zarr,30.0,6171.0,microagi,organize_cutlery_in_drawer,human_bimanual
696cc801c7470f85da934599,s3://rldb/processed_v3/mecka/freeform/696cc801c7470f85da934599.zarr,30.0,3598.0,mecka,adding_soil_to_cups,human_bimanual
696f575631e4ac871708af93,s3://rldb/processed_v3/mecka/freeform/696f575631e4ac871708af93.zarr,30.0,3001.0,mecka,sorting_cups,human_bimanual
696f5920697a17f3bb1df260,s3://rldb/processed_v3/mecka/freeform/696f5920697a17f3bb1df260.zarr,30.0,3001.0,mecka,adding_rice_husks_to_cups,human_bimanual
696f59209308fce27edd9473,s3://rldb/processed_v3/mecka/freeform/696f59209308fce27edd9473.zarr,30.0,3000.0,mecka,adding_rice_husks_to_cups,human_bimanual
696f5942e444e7b630e700e6,s3://rldb/processed_v3/mecka/freeform/696f5942e444e7b630e700e6.zarr,30.0,3000.0,mecka,adding_rice_husks_to_cups,human_bimanual
6970d89c591a3efcb4266a36,s3://rldb/processed_v3/mecka/freeform/6970d89c591a3efcb4266a36.zarr,30.0,2253.0,mecka,adding_rice_husks_to_cups,human_bimanual
6971ceabb55a1366c3663227,s3://rldb/processed_v3/mecka/freeform/6971ceabb55a1366c3663227.zarr,30.0,2701.0,mecka,arranging_cups,human_bimanual
69b06d8a85174bad171e10d1,s3://rldb/processed_v3/mecka/freeform/69b06d8a85174bad171e10d1.zarr,30.0,3398.0,mecka,cleaning_cups,human_bimanual
69b06da06ec2a9ee8b79edbd,s3://rldb/processed_v3/mecka/freeform/69b06da06ec2a9ee8b79edbd.zarr,30.0,2975.0,mecka,cleaning_cups,human_bimanual
